X,D,Y_sharp,Y_fuzzy
0.9836423721692511,1,2.7879518223886413,2.7879518223886413
0.73843617173708,1,1.823112949331354,1.823112949331354
-0.3133575837632401,1,1.3463984829321891,2.1463984829321894
0.31111753805378695,1,1.1633056129841732,1.1633056129841732
0.2513967858668553,1,2.9025638482191725,2.9025638482191725
0.7324935396662038,1,2.060570434907033,2.060570434907033
0.46978862457738857,1,3.289311255841057,3.289311255841057
-0.058074812533141174,1,1.1838496760072437,1.9838496760072437
0.16111402952633136,1,1.7899001225868227,1.7899001225868227
-0.4453000816505499,0,-0.04920075706874427,-0.04920075706874427
0.6529876718784771,1,2.1247591081650246,2.1247591081650246
-0.6364905808488135,0,2.060963075204289,2.060963075204289
0.659329121693685,1,2.2480933205130573,2.2480933205130573
-0.3233903010114243,0,1.2183666722518613,1.2183666722518613
-0.22911383907923422,0,1.522793948799439,1.522793948799439
-0.13371575985897266,0,2.5809923226247893,2.5809923226247893
-0.872078728474335,0,1.3967158587072874,1.3967158587072874
0.6117749938731627,1,2.3896652395798537,2.3896652395798537
0.9454698004020976,1,2.6242630674385072,2.6242630674385072
-0.32224560545615755,0,1.2920656371609067,1.2920656371609067
0.9880076181229218,0,1.9024908899644941,1.1024908899644938
0.6209045540882456,0,1.123912606028214,0.32391260602821426
0.5004938740563938,1,0.7934253184350342,0.7934253184350342
-0.8586747615274435,0,0.6251362870716267,0.6251362870716267
0.8780750904794787,1,2.4424027522149556,2.4424027522149556
-0.6590429838076968,0,1.255235985655367,1.255235985655367
0.5594326188032386,1,0.788749511213322,0.788749511213322
-0.8419403352493351,0,2.279674980061928,2.279674980061928
0.1677759728439061,1,0.8996869683479398,0.8996869683479398
0.6454260610321241,1,0.4796491947100403,0.4796491947100403
-0.22263668624444022,0,-1.7104050403570135,-1.7104050403570135
0.7000579531267646,1,0.39849201524058153,0.39849201524058153
-0.7201111863645904,1,-0.11497668387761428,0.6850233161223858
0.9249404353066055,0,2.7834101003034526,1.9834101003034528
0.753734126495083,1,1.7652069591007868,1.7652069591007868
0.7005925455229989,1,2.276699359146838,2.276699359146838
0.6206254552467672,0,2.6883854638096265,1.8883854638096267
0.0469539156343457,1,-1.468655443129187,-1.468655443129187
-0.47217448835726206,0,3.9247049348976897,3.9247049348976897
0.3910139292659942,0,2.400823419618682,1.6008234196186817
-0.3192332502872788,0,0.9605143046439456,0.9605143046439456
0.21038819683515642,0,1.4260832329345647,0.6260832329345647
0.04538625691120024,1,1.7133157988936196,1.7133157988936196
0.8692069488431424,0,2.8939666044381616,2.0939666044381617
-0.3724477149885106,0,0.6964466391374292,0.6964466391374292
0.43699256930863806,0,2.5608049546234803,1.76080495462348
-0.5468205916116293,0,1.1320246193505896,1.1320246193505896
-0.9760232169000724,0,1.4982636878026672,1.4982636878026672
0.9785135786360537,1,1.334833898950738,1.334833898950738
-0.9132501958818247,0,0.10284577659260485,0.10284577659260485
-0.1493257918028783,0,0.3114536944944739,0.3114536944944739
0.014818711112285277,1,1.8119583669404689,1.8119583669404689
0.14289330298660063,0,1.6719572713277262,0.871957271327726
-0.7478310606296701,0,1.049508680121292,1.049508680121292
0.16558881167158712,1,0.21284837888177788,0.21284837888177788
-0.6159762879953612,0,0.7007270499791414,0.7007270499791414
-0.6287098179470283,0,1.4762792446415176,1.4762792446415176
0.928012588596483,0,0.7967923847966798,-0.0032076152033202465
-0.9765457724204627,0,1.746680111895699,1.746680111895699
0.29334010820352785,0,0.7773548766153253,-0.022645123384674726
-0.7131507098776604,1,-0.01941346564837998,0.7805865343516201
-0.5127514130251423,1,2.3872620934919686,3.187262093491969
-0.7345477501080029,1,0.9938539632043941,1.7938539632043942
-0.22068351359486393,1,1.5985151793196355,2.3985151793196353
0.8838264575611459,1,2.707247633469031,2.707247633469031
-0.6034999363035247,0,0.8991533798591519,0.8991533798591519
-0.8842551616954302,0,0.5838456861363885,0.5838456861363885
0.6276158793217101,1,3.184919206546992,3.184919206546992
-0.8391476832256308,0,-0.6727893427186175,-0.6727893427186175
-0.41116062988974944,0,0.9794935756881654,0.9794935756881654
0.6728476811147157,1,1.9583954227890437,1.9583954227890437
-0.49381900752974617,0,0.0418183385111891,0.0418183385111891
-0.2799929170544413,0,0.38430936509764446,0.38430936509764446
-0.400278926094773,0,1.1991421166757155,1.1991421166757155
0.30396777009346954,1,2.385962043654611,2.385962043654611
0.317413157135217,1,1.060202068877596,1.060202068877596
0.10941277689309037,1,2.472203241561373,2.472203241561373
-0.8911820865437807,0,1.2605517144584724,1.2605517144584724
-0.4226078202848358,0,0.1902305186070824,0.1902305186070824
0.17265244878139496,0,2.463837359659336,1.663837359659336
-0.07141962281625536,0,1.4372252492940878,1.4372252492940878
0.0036622029760926544,0,1.9234112603183242,1.1234112603183242
0.04055492090593793,1,1.7054157972029589,1.7054157972029589
-0.0826018816751779,0,0.5849468177463166,0.5849468177463166
0.5259073915158259,0,2.3136810722835213,1.5136810722835214
0.2841527745138692,1,0.9685397502596739,0.9685397502596739
-0.3972460276427279,0,1.806568084578724,1.806568084578724
-0.075874856680612,1,1.6294609466939893,2.429460946693989
-0.9086257450677782,1,1.6625244071761571,2.4625244071761574
0.8634776853881125,1,2.0074072091901636,2.0074072091901636
-0.7943720753555732,1,2.311445601809362,3.111445601809362
-0.6068796388881832,0,0.8085082144138771,0.8085082144138771
-0.7192068925123705,1,-0.4117834510639883,0.38821654893601165
-0.87121828122723,0,0.2200861196076026,0.2200861196076026
0.5628329942860266,1,2.3429398706071756,2.3429398706071756
0.7204860415170351,0,2.688520643802864,1.8885206438028637
0.37346341635478986,1,2.8389253036638333,2.8389253036638333
0.36422908473073856,1,1.5098145814600112,1.5098145814600112
0.24990275255950167,0,1.6878421248505113,0.8878421248505114
0.35647638965040884,0,2.543413480394549,1.743413480394549
0.905295027480816,0,2.4301411312516437,1.6301411312516438
0.6190167677006095,0,1.8411264465638455,1.0411264465638457
-0.054915121775162445,1,-1.0308939360436518,-0.23089393604365172
0.29077044238199323,1,1.3524929006113646,1.3524929006113646
0.6388332281787081,1,2.9072656121455944,2.9072656121455944
-0.3771481371511789,0,-0.3802670731121739,-0.3802670731121739
0.45336013066892944,1,3.549749765542396,3.549749765542396
-0.49059333313160347,0,1.1614938126327605,1.1614938126327605
0.08361269229446044,1,3.3168088142046717,3.3168088142046717
-0.320263472640856,1,0.32248582207819676,1.1224858220781968
0.7761820997844848,1,1.6971958922935317,1.6971958922935317
-0.9281117903443732,0,0.7446144797017435,0.7446144797017435
-0.4788165424226467,0,-0.05539089883346371,-0.05539089883346371
-0.09921355326961101,0,0.3700478850352984,0.3700478850352984
0.05871756129884642,1,1.5841696350867251,1.5841696350867251
0.8116453656083049,1,1.9596370076477336,1.9596370076477336
-0.5922681829504344,1,1.0395229523398104,1.8395229523398104
0.7304333165699719,0,3.974949605675519,3.1749496056755193
-0.5404231912255475,0,1.6726687146098513,1.6726687146098513
-0.15876793549482016,1,-0.0571411544160636,0.7428588455839364
-0.8629038938482789,0,2.4988916085129116,2.4988916085129116
-0.23486664633482435,0,1.7964642042895704,1.7964642042895704
0.9698882672897318,0,2.621925473055894,1.8219254730558943
0.6431917740694031,1,1.9049778362902576,1.9049778362902576
0.6693545402229233,1,2.7876974675832127,2.7876974675832127
-0.2573911642295499,0,0.40534009564032136,0.40534009564032136
0.26280331493074915,1,1.4439554918576192,1.4439554918576192
-0.6253498495436343,1,1.3231962816948113,2.123196281694811
-0.006572005387496471,1,1.0736695637868994,1.8736695637868994
0.02167204280120094,1,1.6102680499734214,1.6102680499734214
-0.9906062179594413,0,-0.44615183274413495,-0.44615183274413495
0.5284831013511417,1,1.250882363276275,1.250882363276275
0.8691572233792781,1,2.564740978552035,2.564740978552035
-0.5691436221709048,1,2.498389992223981,3.2983899922239814
0.3561711390017992,1,1.204276066469026,1.204276066469026
-0.4001091768856353,0,1.015878195845218,1.015878195845218
0.5565714550822276,1,1.5165849811852832,1.5165849811852832
0.3095017227111223,1,1.865815696206816,1.865815696206816
0.9907836310135036,1,2.451514647264913,2.451514647264913
-0.8240356281273795,0,1.0501404725632284,1.0501404725632284
0.6282724457160647,1,2.200249902266409,2.200249902266409
0.7324169043883648,1,1.6239377687168965,1.6239377687168965
0.08562473820466443,0,0.46819087444286667,-0.3318091255571334
-0.6577394683392193,1,0.21760894553211807,1.017608945532118
0.3293449098275465,1,1.7889096517533847,1.7889096517533847
0.3344673223938739,1,4.029237778592803,4.029237778592803
0.8298629440722514,1,1.3296350222868223,1.3296350222868223
0.44007294500151084,1,3.380107770768324,3.380107770768324
-0.39700217120435677,0,1.179850806312695,1.179850806312695
-0.7677792263802197,0,0.991085812420671,0.991085812420671
0.5839251140548125,0,1.5313900021072269,0.7313900021072267
0.5577879379047823,1,0.4717476301898389,0.4717476301898389
0.7094205159638876,1,2.955539418756692,2.955539418756692
-0.09410493160107314,0,-0.8432752901250247,-0.8432752901250247
-0.9877890370167499,1,0.7490163824687617,1.5490163824687617
0.7724807342126316,1,1.1809150771995014,1.1809150771995014
-0.13931189425832602,1,-0.30211581737447346,0.4978841826255265
0.9590014338100181,0,3.378903885037583,2.578903885037583
-0.9368348899583834,0,0.1753356315741339,0.1753356315741339
0.4445568408916547,1,1.2274832284939698,1.2274832284939698
0.7222502517528402,0,1.9387058577476122,1.138705857747612
0.04530410716554201,1,-0.5475074336048789,-0.5475074336048789
-0.738947773527243,1,1.8590684103780715,2.6590684103780715
0.746114089783062,1,2.2035995768229193,2.2035995768229193
0.24725526293863087,1,2.1307968828852877,2.1307968828852877
0.1682980549767905,0,2.3612912150669283,1.5612912150669283
-0.46399936512755824,0,1.2447726277618874,1.2447726277618874
0.9159163684117997,0,1.423256514599448,0.623256514599448
-0.04012303321773736,0,0.5829218217607753,0.5829218217607753
0.22877953564902964,1,2.711549179801362,2.711549179801362
0.3526528358421803,1,1.0587508763577649,1.0587508763577649
-0.4660050475292634,0,1.0467685373726299,1.0467685373726299
0.10631817105412833,1,1.9714684801450677,1.9714684801450677
0.34475424907985897,1,3.6488896505930777,3.6488896505930777
0.4442011150390517,1,1.0933228197463192,1.0933228197463192
0.3180035435558646,0,0.6468393751028298,-0.1531606248971702
0.9533269658926531,1,2.4974249862388924,2.4974249862388924
-0.6779852102740287,1,0.8638280188230486,1.6638280188230488
0.9535453297173706,0,3.0918940247932962,2.2918940247932964
-0.11871919620630234,0,0.08622209596615582,0.08622209596615582
-0.287055901650217,1,1.5713561160253122,2.3713561160253125
-0.9641443519797053,1,1.1945321685026262,1.994532168502626
-0.387373133437827,0,2.667893704870864,2.667893704870864
0.5905709855980386,0,1.844520436768218,1.0445204367682177
0.3091909219715816,1,1.9261370899562413,1.9261370899562413
-0.7639420141035289,0,0.4493843574824239,0.4493843574824239
-0.8408844928148029,0,0.14416139322364452,0.14416139322364452
0.20592742730768077,1,1.0893376409021092,1.0893376409021092
0.23338627324238592,0,1.924813969050288,1.1248139690502879
-0.05433255803492898,0,0.6110547116819383,0.6110547116819383
-0.6224082395045782,0,1.03807166311165,1.03807166311165
-0.4609826765417384,0,0.5697939786419867,0.5697939786419867
-0.4457472993409388,0,-0.10371292625317097,-0.10371292625317097
-0.41283939234200706,0,0.587109100420212,0.587109100420212
0.9883472779089433,1,3.1996218758025456,3.1996218758025456
0.33187062882645435,0,2.5759490266530127,1.775949026653013
0.7265146422707613,1,2.262170689847739,2.262170689847739
-0.5476859731978023,1,0.011115485938806957,0.811115485938807
-0.9130167021195514,0,-0.14883793164841597,-0.14883793164841597
-0.3655595340068549,0,1.766286823470511,1.766286823470511
0.29347186460176644,1,2.1757931647418873,2.1757931647418873
0.8793871525398844,1,3.244752939825355,3.244752939825355
0.2836172032680053,1,2.7772296925473485,2.7772296925473485
0.09422930665530393,1,0.7550847878507234,0.7550847878507234
-0.6407002154140649,0,0.4951387993324521,0.4951387993324521
-0.2801648829552803,0,0.19547161700615379,0.19547161700615379
0.48490628600252417,1,2.3495643144177842,2.3495643144177842
-0.36335759921365707,0,-0.4674034149840812,-0.4674034149840812
-0.31878669097266377,0,1.6951827426843225,1.6951827426843225
0.4049312663977731,1,1.8012710846677287,1.8012710846677287
-0.3159479126654363,1,-0.4059110272328217,0.39408897276717836
-0.16233253204825782,0,1.3013844915144372,1.3013844915144372
0.2566066386917407,1,1.6811899803600057,1.6811899803600057
-0.5156819911827222,0,1.685840167468438,1.685840167468438
-0.6483607403232337,0,0.46485363618016706,0.46485363618016706
0.6943387586472836,1,-0.13735357622528932,-0.13735357622528932
-0.7087076857695762,0,0.8953973902509056,0.8953973902509056
-0.2543179584929003,0,0.3478363770563082,0.3478363770563082
-0.6893752757054912,0,0.126870103727179,0.126870103727179
-0.10363032915956949,1,1.9763763217106498,2.77637632171065
0.9270336521195852,1,3.3951187950612036,3.3951187950612036
0.40710819245068564,1,1.0763433080205806,1.0763433080205806
0.3881016706257565,1,2.03886714117341,2.03886714117341
-0.2165152964211814,1,1.814839187361945,2.614839187361945
0.31980476231943467,1,1.5923107009346875,1.5923107009346875
-0.5022853260797899,0,2.243526201180273,2.243526201180273
-0.6932351133314654,0,0.6051119400514261,0.6051119400514261
0.5043394895116198,1,2.139045414804243,2.139045414804243
0.850733965290728,1,3.7567147352539463,3.7567147352539463
-0.5505812186375494,0,0.1538803918282089,0.1538803918282089
0.3684994795361842,1,2.3919438566360243,2.3919438566360243
-0.987328048745119,0,-0.9239299861426182,-0.9239299861426182
-0.8675823273481893,1,2.0206525421397394,2.8206525421397393
0.40735501167933963,1,2.4381319078572696,2.4381319078572696
0.36977307338107357,1,1.788088849488531,1.788088849488531
0.3069090555315859,1,2.5073985903472478,2.5073985903472478
-0.7313063566433271,0,0.2396292973752875,0.2396292973752875
0.7830854831032044,1,3.1946255536264423,3.1946255536264423
0.19358403024126103,1,1.9964811166067746,1.9964811166067746
-0.869105894747241,0,1.6764080443781357,1.6764080443781357
0.027965620886258202,1,2.2101683195666233,2.2101683195666233
-0.16124603085710998,0,-1.1486981057499217,-1.1486981057499217
0.058384959179231366,0,1.9338311530464167,1.1338311530464167
-0.5328720918202181,0,0.926690489447832,0.926690489447832
0.5487106990151791,0,2.304693259615779,1.5046932596157792
-0.23688798687194934,0,0.3690438055732421,0.3690438055732421
0.35232756423624556,1,3.250938720637964,3.250938720637964
0.7220125259563435,1,3.414591960093963,3.414591960093963
0.30284350890064626,0,2.081173356435035,1.2811733564350347
-0.5956545325145188,0,-0.6255232788132575,-0.6255232788132575
0.027911409606770077,1,1.9952436520650294,1.9952436520650294
-0.5459030226041206,0,0.2820792597783106,0.2820792597783106
-0.25856352439732455,0,1.193206055264263,1.193206055264263
0.683871309819696,0,0.9910282813481881,0.19102828134818806
0.49901129676677414,1,2.554982938419265,2.554982938419265
-0.677366916349434,0,1.1346375673447033,1.1346375673447033
0.11759072225528544,1,2.5722796174717177,2.5722796174717177
0.8810891755641512,1,2.0431147442944817,2.0431147442944817
0.6053793691876204,0,0.5346467575791183,-0.265353242420882
-0.677620291027611,0,1.9572323344248317,1.9572323344248317
0.3259103766539668,1,2.674486685262512,2.674486685262512
-0.393475117393153,0,1.7159431564641845,1.7159431564641845
0.7168622978957255,0,2.345735637303927,1.5457356373039266
-0.4290441242386558,0,1.3616805385273105,1.3616805385273105
0.011917907401438832,1,0.6662135154756164,0.6662135154756164
-0.7941465455599988,0,0.005784550204993022,0.005784550204993022
0.373498971085265,1,4.418914023239502,4.418914023239502
0.16654598145573196,0,1.3732249121655187,0.5732249121655187
-0.22395217638944587,0,0.79099879772485,0.79099879772485
0.6509831588344639,1,2.894543950533186,2.894543950533186
0.582273519324056,1,2.597611541924491,2.597611541924491
0.30231136994883756,1,0.4899457160110616,0.4899457160110616
-0.5352012938969135,1,-0.31363926591371893,0.486360734086281
-0.17731139232495718,1,0.5619875335463592,1.3619875335463592
0.5327175803157425,1,1.7117081117251465,1.7117081117251465
-0.9741252113168746,0,2.791285723944347,2.791285723944347
0.46635099988287143,0,2.4344232669858776,1.6344232669858778
0.09020971902039832,0,1.325185794608343,0.525185794608343
0.27201033364906047,1,1.0873805029706571,1.0873805029706571
-0.22310606931471022,0,1.8153589684883336,1.8153589684883336
0.32761950503302706,1,0.28696381913052016,0.28696381913052016
-0.8176025099905766,0,0.07529222205379704,0.07529222205379704
-0.5759694277118401,1,1.3586568990762853,2.158656899076285
0.16991031886314745,0,2.739214317973348,1.939214317973348
-0.3540033690603639,0,1.713308779901697,1.713308779901697
-0.8657064461830202,0,-0.9198053832197678,-0.9198053832197678
-0.8508513071548425,0,1.0191706228657587,1.0191706228657587
-0.6800685285017651,0,1.351934272128466,1.351934272128466
0.3798440364997684,1,0.3006461770503357,0.3006461770503357
0.7392461404723012,1,1.5654350773556955,1.5654350773556955
-0.18124161400816652,1,1.0644198985570903,1.8644198985570903
0.10394585440944959,1,0.3159182289992144,0.3159182289992144
-0.344609242136815,1,2.155922621878532,2.955922621878532
-0.963861127655876,1,-1.5806851046608368,-0.7806851046608365
-0.9290293445825792,0,2.3515490639527665,2.3515490639527665
0.925350682884887,1,1.9017432188773011,1.9017432188773011
0.21912095703417145,0,0.48143648378722737,-0.3185635162127727
0.09107367808659261,1,1.6876620789066674,1.6876620789066674
0.43697690718565396,1,0.3289527406458257,0.3289527406458257
0.7427047882757372,1,3.109153764383082,3.109153764383082
0.9173834865187829,0,3.0549329146883357,2.254932914688336
0.13507515998200392,0,0.22829681921070155,-0.5717031807892985
0.8574287436208228,1,3.825113651205821,3.825113651205821
0.923988042584331,0,2.60115585443634,1.8011558544363395
0.6704085326126645,1,1.639557023753599,1.639557023753599
0.3123480914516772,1,1.9514187778279681,1.9514187778279681
-0.8806728578820291,0,0.12033412936712373,0.12033412936712373
0.8206718404576783,1,0.3552216115505511,0.3552216115505511
0.7278072351795051,0,3.4480692788879725,2.6480692788879727
-0.7360028107930572,1,0.7057502634559449,1.505750263455945
-0.2412131567928979,1,1.7076419976554602,2.50764199765546
0.6482806612369971,0,3.0999997302952185,2.2999997302952186
-0.001269924209249762,0,0.9734395249720836,0.9734395249720836
0.9765105167537858,1,3.129778062409502,3.129778062409502
-0.6181930384789309,0,-0.2614077948919443,-0.2614077948919443
0.7237258796968618,1,3.2792341555461118,3.2792341555461118
-0.9239140320520014,0,2.388241040016967,2.388241040016967
0.22971161431713738,1,4.387534631106924,4.387534631106924
-0.8394469723545355,0,0.8752723905209644,0.8752723905209644
0.34186784361500866,1,2.5715850000614697,2.5715850000614697
-0.8080252144499629,0,2.8883067110127074,2.8883067110127074
-0.12107816137127969,0,0.9468701881861376,0.9468701881861376
-0.3437290726912834,1,-0.12631906961869066,0.6736809303813094
0.4625520008149886,1,2.0782432864310842,2.0782432864310842
-0.4197308090969214,0,2.792391533933813,2.792391533933813
0.5837213446316045,1,1.7977573163165255,1.7977573163165255
-0.3521016691302008,0,0.8161051197684112,0.8161051197684112
-0.5554962413012678,0,2.059528629608243,2.059528629608243
0.5225415883284419,0,2.663095319910615,1.8630953199106153
0.7060183899995423,0,0.15749314368285328,-0.6425068563171468
0.4903871810946747,1,1.6296865724459781,1.6296865724459781
-0.9149439622757138,1,-0.18769959920576595,0.6123004007942341
-0.022351217895589137,1,-0.02720749714179882,0.7727925028582012
-0.5652829792453242,0,0.8604872719243151,0.8604872719243151
-0.25019838189176147,0,0.7860703160195328,0.7860703160195328
-0.8592505540801914,1,1.7805410250856646,2.5805410250856644
-0.5207317146192687,1,0.8412140717205299,1.64121407172053
0.6001990836306572,1,0.8758247011329789,0.8758247011329789
-0.9957489063263785,0,0.18236139090456094,0.18236139090456094
0.6492942232926793,1,2.801490603941493,2.801490603941493
-0.1787750390211329,0,0.45381839812025654,0.45381839812025654
-0.7870623206556584,0,0.37544819792245554,0.37544819792245554
0.486305191773013,1,2.350308227713478,2.350308227713478
0.7247748613073195,0,1.8456749590286958,1.0456749590286956
-0.33833167538554343,0,2.036940534705208,2.036940534705208
0.7331075475504676,1,1.3360752726492975,1.3360752726492975
0.1915397797991243,1,1.3015576634071657,1.3015576634071657
-0.9513977334924921,0,2.183262392816288,2.183262392816288
0.7708102482683372,1,1.6380313735240644,1.6380313735240644
-0.938203680116583,0,1.7423112423073648,1.7423112423073648
-0.8856008884096467,1,1.583798576819905,2.383798576819905
0.5256828624154521,1,2.9518947151153903,2.9518947151153903
-0.6110553018304234,0,-0.6198365109649385,-0.6198365109649385
-0.6306039500660094,1,1.657249804132515,2.4572498041325153
-0.6272104860780976,0,1.819978101910534,1.819978101910534
0.6779006272748098,1,0.751322921685883,0.751322921685883
-0.5722991922643288,0,1.1823552086070908,1.1823552086070908
-0.5785105078836918,1,0.38047696055702523,1.1804769605570253
0.1913760023297757,0,2.4423499342832122,1.6423499342832122
0.3076438503502179,1,1.3766265013488774,1.3766265013488774
-0.8210536310745391,1,-0.6554244592091371,0.1445755407908631
-0.47221516281291565,0,1.209796038157563,1.209796038157563
-0.10168636769068407,0,1.8393576490620922,1.8393576490620922
-0.669944006111099,1,1.4589352410232581,2.2589352410232584
-0.045107646328086615,0,2.225974911211421,2.225974911211421
0.007794633595554545,1,2.6427748472349704,2.6427748472349704
-0.3477974383228659,0,0.6240165170595673,0.6240165170595673
0.5362446562576186,1,4.126902924711479,4.126902924711479
-0.25266611553434903,1,0.6475907284619785,1.4475907284619784
-0.11950558071196404,0,1.8090805784969402,1.8090805784969402
-0.001971688057173404,0,0.8917733181050334,0.8917733181050334
-0.5087733457278203,0,1.1149405279240745,1.1149405279240745
-0.830642815014708,1,0.7355825314288288,1.5355825314288287
0.4279675879617433,0,0.9763197378508583,0.17631973785085853
-0.8803997046159264,0,0.7177537848935882,0.7177537848935882
-0.7530199609631363,0,1.0204706711854454,1.0204706711854454
-0.45266266660203724,0,0.16910546437119311,0.16910546437119311
0.01944883179761847,0,3.192214086884545,2.392214086884545
0.9952127353357065,0,1.865903843583535,1.065903843583535
0.7235997720597376,0,0.8223968568965361,0.022396856896536033
0.32184234897001884,1,2.2526057480105575,2.2526057480105575
-0.29130241802760337,0,1.6353651431347878,1.6353651431347878
0.6220218386798453,1,1.8858229028633624,1.8858229028633624
0.07434655593324235,1,0.7973755836955208,0.7973755836955208
0.7237688839027216,1,1.7851136978476552,1.7851136978476552
-0.18631575561797398,0,0.12785083283921017,0.12785083283921017
0.3986860407622066,0,3.5276156939550427,2.727615693955043
0.42254970841567374,1,1.9705978338425212,1.9705978338425212
-0.11955178176767611,0,-1.909355658705469,-1.909355658705469
0.16799582514200395,1,0.48731641259544456,0.48731641259544456
-0.3100451671440141,1,0.8560242001590832,1.656024200159083
-0.29881922072015854,0,0.1145296937727468,0.1145296937727468
0.1459323045807397,0,3.0273022588847844,2.2273022588847846
0.5927332471698166,1,2.6524168062465407,2.6524168062465407
0.13825131790960166,0,2.2911690073733713,1.4911690073733714
0.0011416711399818702,1,-0.5436295252198524,-0.5436295252198524
-0.45372438037716356,0,-0.6351262640880788,-0.6351262640880788
0.9545080228846956,0,1.4339134991646434,0.6339134991646436
-0.4649198970737496,0,1.2276607362506606,1.2276607362506606
0.46489169976479183,1,1.6165685184545815,1.6165685184545815
-0.24437336618314065,0,1.6050919312412408,1.6050919312412408
-0.4164839027600682,0,1.4861923505817196,1.4861923505817196
-0.4915375567612046,0,-0.48240721993148195,-0.48240721993148195
0.5793472791532797,0,4.970522794276379,4.170522794276378
0.8385345306327132,1,0.2641176552326385,0.2641176552326385
0.41236874386509914,0,3.3453790730057964,2.5453790730057966
-0.4196657242705806,0,1.040519143042888,1.040519143042888
0.8876981951941718,0,3.381848608229226,2.581848608229226
-0.738632378213393,0,0.699314566801071,0.699314566801071
-0.531973543632728,0,0.8869151473894222,0.8869151473894222
0.8258334711713098,1,2.686747355314838,2.686747355314838
0.31756565679104987,0,1.9904551058867008,1.1904551058867008
0.729542958091935,0,2.600942412116204,1.8009424121162043
0.438615782250948,1,1.7865842094363844,1.7865842094363844
-0.08643598402224506,1,-0.5796633226461322,0.22033667735386797
-0.9247901166599399,0,-1.0095313731993039,-1.0095313731993039
0.2400794532425743,1,2.2155373568611685,2.2155373568611685
0.1267743108664714,1,1.6365874345381133,1.6365874345381133
0.2819708988092391,1,1.6667869909918405,1.6667869909918405
-0.5465285500967998,0,1.4575464605801036,1.4575464605801036
-0.4544426005690665,0,1.0014614038497207,1.0014614038497207
-0.6117027426864909,0,0.9202756195230984,0.9202756195230984
0.8998346107750665,1,1.8118953528299944,1.8118953528299944
0.061610168656890174,1,2.0106221028732696,2.0106221028732696
-0.5709354669382749,1,0.6031400857328345,1.4031400857328344
-0.7159829530444974,0,0.7695238399968065,0.7695238399968065
0.13855283453671507,1,-0.20110160109070963,-0.20110160109070963
0.0427664120362925,0,-0.19607448636914637,-0.9960744863691464
0.789395521546969,0,3.483571261015725,2.683571261015725
0.7168599584486317,1,1.9387202684844027,1.9387202684844027
0.659073592430917,0,2.1889464797703457,1.3889464797703455
0.12377289069386421,0,0.3882842516275615,-0.4117157483724385
-0.44578054594131244,1,1.7185689484354034,2.5185689484354037
0.14725804018556476,1,2.5724968201253047,2.5724968201253047
0.1052805456218342,1,0.5555207982316179,0.5555207982316179
0.8791191491595622,1,1.3857551300849673,1.3857551300849673
0.9557931529572401,1,1.6940892570892694,1.6940892570892694
0.7814762176242775,1,1.8236298723879767,1.8236298723879767
0.5721593441290549,1,1.7294151978282972,1.7294151978282972
0.46846251711228293,0,1.744611917988818,0.9446119179888179
-0.050037216016932895,0,0.8055592927601262,0.8055592927601262
0.5463036922799065,0,1.354074662884074,0.554074662884074
-0.7169164844666212,0,1.1865185384927353,1.1865185384927353
0.011532815789011108,1,2.4145686966496376,2.4145686966496376
-0.9146852530008773,0,-0.16182123404803606,-0.16182123404803606
0.04908307644659238,0,3.0073224041913846,2.207322404191385
-0.7614493189797338,1,1.8833910981024444,2.6833910981024447
0.4992981883540124,0,2.2660835963700983,1.4660835963700982
0.6556369357586118,1,0.9152918581917096,0.9152918581917096
-0.9843351563056597,1,-0.6018806894667044,0.19811931053329568
0.8264868357338861,0,1.4885086889348307,0.6885086889348309
0.5343171177967019,1,0.038733685304591425,0.038733685304591425
-0.4532204794978867,0,0.470532888933844,0.470532888933844
0.4956755658636194,1,1.2477389991923828,1.2477389991923828
0.5075152462425931,0,1.440061654466171,0.6400616544661714
0.6852991382647013,1,3.0402397563981607,3.0402397563981607
-0.9655342389299715,0,1.3959200531196396,1.3959200531196396
0.47014815830447976,0,2.238327025622813,1.438327025622813
0.11863759508986305,1,1.745810269698103,1.745810269698103
-0.9727385539167581,1,1.973970373267681,2.773970373267681
0.5648361575326475,1,3.7277492571737874,3.7277492571737874
0.008565632460973527,1,2.235344726293063,2.235344726293063
-0.6872329323839461,0,2.519011394932603,2.519011394932603
-0.04963108790475612,1,0.5342561187215362,1.3342561187215365
-0.20657576157038848,1,1.3856932155719768,2.185693215571977
0.5857407416910425,1,0.879775303102257,0.879775303102257
-0.8123024782497648,1,1.297553083283279,2.097553083283279
-0.4450179460537296,0,0.5252399935769215,0.5252399935769215
0.8786517223950892,1,0.8387044595485178,0.8387044595485178
0.9129256518865456,1,2.684585668107456,2.684585668107456
0.18803869178553922,1,1.210149192904109,1.210149192904109
0.3120833884471248,0,2.7199170150258447,1.9199170150258449
-0.317157157666935,0,-0.19275554963831631,-0.19275554963831631
0.3216132124153581,1,2.231276556252463,2.231276556252463
-0.27403831586765826,0,0.9988330874223464,0.9988330874223464
-0.44120611167077195,0,1.2497200166518527,1.2497200166518527
0.8631205450455619,1,2.6431961259837466,2.6431961259837466
0.4185375127343809,1,2.947979115830844,2.947979115830844
0.2581077823573896,0,2.384062661097704,1.584062661097704
-0.2833402292491711,0,1.839209031564841,1.839209031564841
0.910691398256541,1,3.0797094185567326,3.0797094185567326
0.36867180431403,1,2.3459114616351466,2.3459114616351466
-0.7816711891381214,0,1.203373553640252,1.203373553640252
0.9569063011352847,1,3.053064674448207,3.053064674448207
0.8265995945323523,0,2.805285089603303,2.005285089603303
-0.9556351135118539,1,3.1712694018229355,3.9712694018229353
0.8470726487870923,1,1.8527884929796334,1.8527884929796334
-0.8271172080227309,0,0.28169780973382696,0.28169780973382696
0.6794327412034007,1,1.5110898375733535,1.5110898375733535
0.09505110121203764,0,-0.16764944302362417,-0.9676494430236242
-0.014380975574632027,0,0.2471106708603089,0.2471106708603089
0.40532544698223383,1,2.2355204824008874,2.2355204824008874
0.9655711626374339,1,2.936036721860308,2.936036721860308
-0.027521948002340313,1,1.4430364283298276,2.2430364283298276
0.7386482818542093,1,1.9791439736534018,1.9791439736534018
-0.703933418969737,0,1.4643267913663947,1.4643267913663947
0.11274164225331651,1,0.5945123689856293,0.5945123689856293
-0.23653714243140733,0,1.6022417005499086,1.6022417005499086
-0.19988426548307325,0,0.1063088518249482,0.1063088518249482
-0.15352124057532168,0,2.297627581757081,2.297627581757081
-0.8420738960131977,0,0.6046624518898205,0.6046624518898205
-0.5799700372037964,1,0.20098792536455345,1.0009879253645535
0.4452477606521572,1,2.116775571446869,2.116775571446869
0.13349394303270223,1,3.3410344968114756,3.3410344968114756
0.24233691164454552,0,0.7049105534695499,-0.09508944653045015
-0.5753030667509973,0,1.0520880647307158,1.0520880647307158
-0.08347359527533316,1,2.0923255619178716,2.892325561917872
0.627003094685536,1,2.1805511014532906,2.1805511014532906
0.1257411753783788,1,1.1732594114217643,1.1732594114217643
0.021456590551824473,1,3.8014407934612438,3.8014407934612438
0.36493760639863426,1,0.6106696636121893,0.6106696636121893
-0.32971078958752065,0,1.2596304203249211,1.2596304203249211
-0.892218679258886,0,-1.7540985773807611,-1.7540985773807611
0.8472853636515527,1,3.1240517258868534,3.1240517258868534
-0.7322593131716686,0,0.3304644776773019,0.3304644776773019
-0.3610590952673698,0,0.49990885161283855,0.49990885161283855
-0.10497920802474159,0,0.5227943596716951,0.5227943596716951
0.6088313210314977,1,3.0087201037471805,3.0087201037471805
0.3075560216480373,1,2.3250526168977252,2.3250526168977252
0.7534138060138,1,1.7333543223304866,1.7333543223304866
-0.4101739072650261,0,-0.08662810539636467,-0.08662810539636467
0.5374339097764913,1,1.5703209173121455,1.5703209173121455
-0.9159396021233797,0,0.8126159808070804,0.8126159808070804
0.007168452011951265,1,3.393615534096652,3.393615534096652
0.45022581977067966,1,3.0900324615075063,3.0900324615075063
0.2546919782259396,0,2.4751361059300776,1.6751361059300776
0.8581605611601237,1,1.7303566411308724,1.7303566411308724
0.8525724488044735,1,3.0565883816392727,3.0565883816392727
-0.02560192794685978,0,1.7568600558990837,1.7568600558990837
0.8146662958141822,1,3.632052255799275,3.632052255799275
0.9059466296895053,1,1.3381829549348256,1.3381829549348256
-0.8842943628043232,1,1.5925135022698176,2.392513502269818
-0.7843467446307533,0,2.294094034559346,2.294094034559346
-0.8255488138178115,0,1.414459140191427,1.414459140191427
0.9333289543151637,1,1.274130518205592,1.274130518205592
0.6726217554539682,1,1.4881785081953633,1.4881785081953633
0.9919971867886883,1,3.3292712493109153,3.3292712493109153
0.17164280128402543,1,2.0460099094581414,2.0460099094581414
0.11715910690855402,1,3.276651875760436,3.276651875760436
-0.25172746433823323,0,1.268813698318894,1.268813698318894
0.9033239197927689,1,1.83231472978438,1.83231472978438
-0.9379157761351165,1,1.6226532836464531,2.422653283646453
0.708964737438712,1,1.8841140179637303,1.8841140179637303
-0.8990984500816646,0,3.167719650445207,3.167719650445207
0.78288650840282,1,2.694982246107845,2.694982246107845
-0.5702343101105158,1,0.44109528428103656,1.2410952842810365
-0.9107186085645509,1,0.6532923230984984,1.4532923230984987
0.7350209589059209,0,3.249278435199545,2.449278435199545
0.6580845404290072,1,2.3179889756928396,2.3179889756928396
-0.3906999730909182,0,-0.33774951762709593,-0.33774951762709593
0.07444945010263138,0,1.8744923236219075,1.0744923236219075
-0.7295495508732903,0,1.964762452138034,1.964762452138034
-0.08527586598499748,1,1.4259374778772393,2.225937477877239
-0.11023081946122382,1,-0.39608276811284837,0.40391723188715156
-0.5073814189822208,1,1.0317284286230564,1.8317284286230564
0.5996792343526833,1,2.139884220406773,2.139884220406773
0.5180329754281527,1,2.446247034440789,2.446247034440789
0.7415500671203503,1,2.709826545842196,2.709826545842196
0.7058046730189829,1,2.696964088247595,2.696964088247595
-0.4406849722697679,0,1.0493854113249963,1.0493854113249963
-0.918458315465353,0,0.5160179074168556,0.5160179074168556
-0.3316296704911683,0,-0.3332332229719841,-0.3332332229719841
-0.325191957703991,0,1.3332435404665754,1.3332435404665754
0.6678831839718447,1,2.7716282104067647,2.7716282104067647
0.07540063301437927,1,2.2985630335613596,2.2985630335613596
0.7797581633392783,1,1.957704121871443,1.957704121871443
-0.4597689709092099,1,2.742844695073267,3.542844695073267
0.7299064238405533,0,2.128474274633479,1.328474274633479
0.9158877597721187,1,2.3688597612166156,2.3688597612166156
-0.1750842796587786,1,-0.43477187366362424,0.3652281263363759
-0.6773481645748209,1,-1.2856489861028157,-0.4856489861028157
-0.39316811269279817,1,-0.9925251209345742,-0.1925251209345742
-0.7567662306571339,1,0.841760168626313,1.641760168626313
0.03283775018004831,1,1.4510663705847762,1.4510663705847762
0.5039571179040729,0,1.6424835963625863,0.8424835963625863
0.5497033875846489,1,3.081982983572463,3.081982983572463
0.1677555293369839,1,1.917384071711409,1.917384071711409
0.20154000072035894,1,3.1245702551387646,3.1245702551387646
-0.8906294961782479,1,2.5435660421167405,3.343566042116741
-0.6761095157641124,0,0.015724760555986372,0.015724760555986372
0.7385176244299487,1,3.477818926674793,3.477818926674793
0.006985793845279087,1,2.8269593167230234,2.8269593167230234
-0.009781763682546352,1,-0.20717892701580853,0.5928210729841914
-0.15626934068974974,0,2.0185232875317536,2.0185232875317536
0.5872360934490131,1,2.5166306156538885,2.5166306156538885
-0.1462912661933573,1,2.21154870317879,3.01154870317879
-0.9474598059222399,0,1.2508496876474149,1.2508496876474149
0.3240925863990485,0,2.781076201021251,1.9810762010212508
0.12828848691537842,0,3.1490800956171325,2.3490800956171323
0.8771535141918234,1,0.8648361104915812,0.8648361104915812
-0.5154442417394243,0,0.35107535386121774,0.35107535386121774
0.7922691946488238,1,2.295952944048158,2.295952944048158
-0.9899319103806341,0,0.046018369100851,0.046018369100851
-0.8737688295649357,0,2.267384927137462,2.267384927137462
-0.04586847355706225,0,1.7443180158901965,1.7443180158901965
0.16242998740721992,1,3.5259710872863046,3.5259710872863046
0.691839684189451,1,2.3223508361897696,2.3223508361897696
0.6073102248960471,1,2.8397548336273184,2.8397548336273184
0.3959114130471215,0,1.4335961509654451,0.633596150965445
-0.2830819229306607,0,-0.8875679377794251,-0.8875679377794251
-0.3909285105326412,0,1.213465089346687,1.213465089346687
-0.8960765824950676,0,-0.11035245229705581,-0.11035245229705581
0.22668975798018987,1,2.3567602580491043,2.3567602580491043
0.41755187163213625,1,2.7967570431074877,2.7967570431074877
-0.33325985118754,0,1.0614956735887346,1.0614956735887346
0.2264542140425545,1,3.358821102703545,3.358821102703545
0.8015586792024663,1,2.401403282088735,2.401403282088735
0.11336427486120026,0,0.24515500538517343,-0.5548449946148266
-0.708574701858165,0,-1.0465871965270246,-1.0465871965270246
-0.5454183957220158,1,3.8074971446568453,4.607497144656845
-0.46078461234444057,0,0.48087324783127605,0.48087324783127605
0.882304017834624,1,3.414571868241916,3.414571868241916
0.7858847119795531,1,2.2124300363125062,2.2124300363125062
-0.5581201614246358,1,1.0053846393489911,1.8053846393489912
0.9516587306268209,0,1.5822645951858654,0.7822645951858651
0.9676913115454016,0,1.5764977030867364,0.7764977030867364
-0.720946797578828,1,0.6156338423640534,1.4156338423640535
0.7941057585404794,0,0.8633203115865857,0.06332031158658591
0.4847059400791085,0,1.7924780602857493,0.992478060285749
0.033851585902786585,1,2.3699471303837063,2.3699471303837063
0.13407692950702144,1,1.558538926069957,1.558538926069957
0.9906699666258936,0,1.498977807644061,0.698977807644061
-0.18504395584196476,0,0.5192780935478628,0.5192780935478628
-0.36310673334412824,0,-0.6637129638486955,-0.6637129638486955
-0.2358486228671126,0,4.275384066459562,4.275384066459562
0.5077158982800136,0,2.8098073836587183,2.0098073836587185
0.07987001868784382,1,0.0900856990558705,0.0900856990558705
0.18982796769550125,1,0.22173178870305255,0.22173178870305255
-0.7866998068322373,0,-0.20333822433833149,-0.20333822433833149
0.5314370832902673,1,2.0081672264914747,2.0081672264914747
-0.15693413594038264,0,1.9452508942240727,1.9452508942240727
0.38101345986703583,1,1.8868647564944725,1.8868647564944725
-0.7083176532757243,1,1.7801380413031067,2.5801380413031065
-0.6921356896578603,0,1.5416514353786455,1.5416514353786455
-0.6161626427741458,0,1.8199612925613289,1.8199612925613289
0.2635554674961502,1,2.1616233783298524,2.1616233783298524
0.9189759876997723,0,2.889728367339727,2.0897283673397267
0.15741439128549994,1,1.3832818809783705,1.3832818809783705
0.1369625503503853,0,2.8502769261358054,2.0502769261358056
0.382755187256534,1,1.527964320324835,1.527964320324835
-0.5972666804414022,0,1.0762894512212828,1.0762894512212828
0.48678182657146074,1,1.3431862061629731,1.3431862061629731
-0.11641497040908533,1,0.6701333865016512,1.4701333865016513
-0.40899259086752826,0,0.1577841950481279,0.1577841950481279
-0.5832101363114734,0,-0.7815344459582384,-0.7815344459582384
0.5911665774344752,0,2.450785454376382,1.6507854543763822
-0.8926065954612616,0,0.9837825035670074,0.9837825035670074
-0.3353492439309578,0,1.8931000814222405,1.8931000814222405
0.19276601745260602,1,1.4146360618619345,1.4146360618619345
-0.6186594731403974,0,1.3900322263526785,1.3900322263526785
0.8385771209159056,1,3.6430079536149327,3.6430079536149327
0.3825635848144735,1,0.7840951769622262,0.7840951769622262
0.6131273310817353,0,2.0912018276730446,1.2912018276730441
0.8164774393850509,1,3.5775488937227164,3.5775488937227164
0.0028992988363854,1,0.6273868884358804,0.6273868884358804
0.04371241266684334,0,2.0713601546251788,1.271360154625179
0.4602820778750276,1,3.2755315941826066,3.2755315941826066
0.8922260240534388,0,2.2666839475499345,1.4666839475499347
-0.799398371003726,1,0.8564808475115494,1.6564808475115493
-0.9949536144933062,0,0.28818704301892617,0.28818704301892617
0.6276942190568797,0,1.9968815434414278,1.1968815434414275
-0.3183576213409971,0,2.1351468984171533,2.1351468984171533
0.8162858878355557,1,2.7160915104548935,2.7160915104548935
0.4858528637916,1,2.234026891394154,2.234026891394154
-0.056994850090328564,0,0.9879110956294732,0.9879110956294732
0.8910605974052261,1,2.0042541643964893,2.0042541643964893
0.6829597843831885,0,3.0322252156903327,2.232225215690333
0.14780774724340828,1,1.659574878652906,1.659574878652906
0.4240208866703783,1,2.5825369005062626,2.5825369005062626
-0.7432270591697878,0,3.4526863094145397,3.4526863094145397
0.763886365400877,1,2.413113945060639,2.413113945060639
-0.6799063058513544,0,1.918165862814809,1.918165862814809
0.3515929810523033,1,1.6943143572243984,1.6943143572243984
0.502452909794123,1,4.314426592392003,4.314426592392003
-0.8019213722420651,1,0.8530813018296562,1.6530813018296562
0.31642523419382407,1,2.0435761191918025,2.0435761191918025
0.8253101397734628,1,3.631535309059821,3.631535309059821
0.9006141205345204,1,0.572353268716354,0.572353268716354
0.887119052500829,0,2.5960267685992013,1.7960267685992013
0.4972966965646324,0,2.581784605897395,1.7817846058973945
-0.018421607652669536,0,-0.09910154905400137,-0.09910154905400137
0.3352765242026592,1,2.7619857809510036,2.7619857809510036
0.10519926900374221,1,4.396924923040661,4.396924923040661
0.3881554527384965,1,1.032478963696385,1.032478963696385
0.9926346666399641,1,2.46044191918335,2.46044191918335
-0.027748377907385713,1,2.8509275411983475,3.6509275411983477
-0.33720951024892987,1,-0.9815354726721218,-0.18153547267212167
-0.4139891167037868,1,1.288371669956766,2.088371669956766
-0.31093551535172703,0,0.9622929141354468,0.9622929141354468
-0.5453714173630779,0,0.3078328271898192,0.3078328271898192
-0.5101442056237049,0,2.066978786399293,2.066978786399293
-0.3821684658529072,0,-1.3167587451116276,-1.3167587451116276
-0.46718487217089244,1,0.9575758931072271,1.757575893107227
0.0655012893329836,1,1.8853469547118191,1.8853469547118191
-0.014757317900065514,1,0.7931522423030127,1.5931522423030127
-0.8860265395904154,1,2.1694307210942467,2.969430721094247
0.36596333085389454,0,1.158697961206543,0.35869796120654274
-0.9787777160066009,0,-1.020794431608397,-1.020794431608397
0.08988360323759914,1,2.010700416833097,2.010700416833097
-0.8892743710036584,0,0.6647340258257421,0.6647340258257421
0.660923836752779,1,1.2391183369776715,1.2391183369776715
0.2281774884834602,1,1.799652666513484,1.799652666513484
0.8921997980958458,1,2.030310973779969,2.030310973779969
0.24420028882424671,0,1.9639898718436966,1.1639898718436965
-0.21980264110435144,0,1.9774955721295027,1.9774955721295027
0.19052654061109298,1,3.4249215626448013,3.4249215626448013
-0.8315879561794735,0,-0.6803657973066357,-0.6803657973066357
0.2893751700841132,0,2.09756565892425,1.29756565892425
0.9143827283839645,1,2.1820412002181073,2.1820412002181073
-0.9263014837235477,0,1.1063977835625158,1.1063977835625158
-0.41152803890116507,0,-0.2351747703187579,-0.2351747703187579
0.0012872328254527332,1,2.069869412755611,2.069869412755611
0.14255695712335892,1,-0.4968695306969646,-0.4968695306969646
0.950239562073453,1,3.0152847522022665,3.0152847522022665
0.7377834073499996,0,0.2971924551933762,-0.5028075448066236
0.4039706140574961,0,1.2856826322512864,0.4856826322512864
0.7845603620666339,1,2.2351473442631025,2.2351473442631025
-0.9084694185548885,0,1.538882736638953,1.538882736638953
0.2950773737909371,1,2.496803227060533,2.496803227060533
-0.4180462070721256,0,1.9472918200419893,1.9472918200419893
-0.028968189307764014,0,0.617865979680487,0.617865979680487
0.7718144762576806,1,1.852325970018561,1.852325970018561
-0.3329554281619238,0,1.9349682934950785,1.9349682934950785
0.5298452715727118,1,2.634349780539961,2.634349780539961
-0.5384715720599207,0,0.7150212968885954,0.7150212968885954
-0.1949117387439374,0,0.24641422040922634,0.24641422040922634
0.4070755848862333,1,1.4159442627617154,1.4159442627617154
-0.5530955482079238,0,2.104849276541487,2.104849276541487
0.8253031958158721,1,2.5515101514949827,2.5515101514949827
-0.37083958864686917,1,0.9030624012950258,1.703062401295026
0.4433499069149611,1,1.4499453371078435,1.4499453371078435
0.520049255904369,1,1.7457471162379536,1.7457471162379536
-0.23082753725081018,0,0.9628112372040136,0.9628112372040136
0.5275869850310424,0,0.29186534533657693,-0.5081346546634231
0.2621377296632892,1,2.234105532552541,2.234105532552541
-0.1607512980539445,1,-0.004068689150769633,0.7959313108492305
-0.037865736354423696,0,1.5405247452242665,1.5405247452242665
-0.019583192089966728,0,3.5608539253482276,3.5608539253482276
0.4493095535455849,0,2.5920672301098078,1.792067230109808
0.8731820406645883,1,2.0984869922113902,2.0984869922113902
0.0883077408647357,1,1.2610908891929613,1.2610908891929613
0.9473401239246206,0,2.7347813866015005,1.9347813866015002
-0.8769285947799834,0,1.522461589196964,1.522461589196964
0.39961049021888195,1,1.0136938760153364,1.0136938760153364
-0.2822127676741131,0,1.4404397768129265,1.4404397768129265
0.3431885063773543,1,1.3279314177917367,1.3279314177917367
-0.9095955331155146,0,-0.03463427806277064,-0.03463427806277064
0.9289112128825909,1,3.768719388187103,3.768719388187103
0.9067519925161267,1,2.20453957582741,2.20453957582741
0.10955243830761674,1,3.050528776853418,3.050528776853418
-0.35465957788590763,0,1.986777050853604,1.986777050853604
-0.6942130001655575,0,0.1287326063284916,0.1287326063284916
0.290392756263373,1,2.177897065835011,2.177897065835011
0.7133334062289489,0,-0.17128919689975053,-0.9712891968997506
0.29715286712530986,1,0.9048836201176675,0.9048836201176675
0.7166229153880936,1,1.4567376744580436,1.4567376744580436
-0.6724606164900819,0,0.6154573443152516,0.6154573443152516
0.4618169075223262,1,2.6356301205440547,2.6356301205440547
0.1820335813807974,0,2.880382764063487,2.0803827640634873
0.20182743857939944,1,1.1322134673790116,1.1322134673790116
-0.39193917654747223,1,1.661475887579348,2.461475887579348
-0.6151829728554101,0,1.5680434502492295,1.5680434502492295
0.13298923086205283,0,2.2864160498395436,1.4864160498395433
0.7327496844947534,1,1.8565319650112169,1.8565319650112169
-0.736349167645266,0,1.1839480187088771,1.1839480187088771
0.05842651551113387,1,1.8159506873082192,1.8159506873082192
0.41299725711085844,1,4.292788697834174,4.292788697834174
-0.25450668817373745,1,2.4087675455575686,3.208767545557569
0.7323118887788909,1,2.0300931702423552,2.0300931702423552
0.5495525260824001,0,2.53853365225221,1.73853365225221
0.6582408115331007,1,0.9363068942054833,0.9363068942054833
-0.28814704341104735,0,2.429683953817257,2.429683953817257
-0.440714362737334,0,0.3648235278302595,0.3648235278302595
0.22250651255127618,1,-0.67470525100448,-0.67470525100448
0.17981896012885956,0,1.4306487089360116,0.6306487089360115
0.4767114540974615,1,0.2780178384473819,0.2780178384473819
-0.8610369715174631,0,0.5909811075475491,0.5909811075475491
0.22142498611949546,1,1.3304055947935116,1.3304055947935116
0.09807047809209624,1,2.050406229817036,2.050406229817036
-0.523597410421047,0,0.5770845063155292,0.5770845063155292
-0.5647261417095562,0,1.6655829831003852,1.6655829831003852
0.6116396291922934,1,2.517779659777774,2.517779659777774
-0.5885977933413691,0,0.23898891941910894,0.23898891941910894
0.38801496247224043,1,0.5369315803584744,0.5369315803584744
-0.2595336397118395,0,1.4461709597259487,1.4461709597259487
-0.7680819215688226,1,0.607910440611428,1.407910440611428
0.10922712357767583,1,0.07295960425755443,0.07295960425755443
-0.26983430938731434,1,0.06508670069027689,0.865086700690277
0.6440480304426013,1,1.2392525368702882,1.2392525368702882
0.6844105433166279,1,2.5194941985916484,2.5194941985916484
-0.8133281587470813,0,-1.0176243047386868,-1.0176243047386868
0.003141438806552488,1,1.8569642128875243,1.8569642128875243
-0.4598332190933092,0,0.09339451427349799,0.09339451427349799
-0.9880298418878177,0,-0.3114131878406654,-0.3114131878406654
0.10413651447628558,1,1.7385408140719083,1.7385408140719083
0.029360047761210595,0,0.3660692210308152,-0.43393077896918486
-0.9479984899011895,1,1.04682939949968,1.84682939949968
0.5101975304765825,1,1.3828316514986767,1.3828316514986767
0.03401158922856928,1,2.2316784093751396,2.2316784093751396
-0.3336770034509562,0,1.3799927174444466,1.3799927174444466
-0.6078156815737279,1,-1.1968022872707649,-0.3968022872707646
-0.7006066882145372,1,1.6173249490129031,2.417324949012903
-0.10338928194589925,0,0.09822613863251406,0.09822613863251406
0.7700370692415095,0,0.9351435200539175,0.1351435200539175
-0.14300211345746616,0,0.1547214671240601,0.1547214671240601
0.5547048673376711,1,2.202481795312138,2.202481795312138
0.4500838807210161,1,1.7612634482656468,1.7612634482656468
-0.8129486456983985,0,-0.07770785587785112,-0.07770785587785112
0.670847365041841,1,2.333953346610396,2.333953346610396
0.9187146311590315,1,4.361335481305267,4.361335481305267
0.5984023601205988,1,1.2901849588722163,1.2901849588722163
0.2164220175606566,1,0.47811165358183527,0.47811165358183527
0.6452574162987557,1,0.43967477857175896,0.43967477857175896
0.7237169928352458,0,1.7375897530532531,0.9375897530532531
-0.1316219246517425,1,-0.4058379279718076,0.3941620720281924
0.4196270306249039,1,2.0621577729308993,2.0621577729308993
-0.11092414549120622,1,0.2093773066875666,1.0093773066875666
0.5466321777440375,0,2.579730004861948,1.7797300048619475
0.13503975563967185,1,2.1739284631164324,2.1739284631164324
-0.64868490465669,0,-0.40056803248828665,-0.40056803248828665
-0.9452483011817712,1,0.021038092038935807,0.8210380920389359
-0.7919901737405841,0,-0.3233019561972943,-0.3233019561972943
-0.9541825426814958,0,0.6627705792203519,0.6627705792203519
0.37090537537729507,1,3.4725497366700626,3.4725497366700626
-0.6932236369006082,1,0.8075913495683367,1.6075913495683367
-0.0642029740228276,1,2.274054040278916,3.0740540402789156
-0.5437750421288754,1,1.4915524641434277,2.291552464143428
-0.8640782023044151,0,1.3843074353636244,1.3843074353636244
-0.669143020672754,1,1.9190379365269212,2.719037936526921
0.2926990042269795,1,2.117555034476808,2.117555034476808
-0.218259839868443,0,2.1577776812357334,2.1577776812357334
0.0993942058959334,0,2.4856838095169174,1.685683809516917
0.8194268340025388,0,1.0907812242142287,0.2907812242142289
0.11649442095723361,1,0.8266095003793112,0.8266095003793112
0.46347474761701224,1,0.44955056585439057,0.44955056585439057
-0.3084053027943505,0,1.3459378656777643,1.3459378656777643
0.4791251006904327,1,1.6235779179493655,1.6235779179493655
0.13982010057433691,0,0.9496977599694987,0.14969775996949863
0.5688729000000179,1,2.0186098910847865,2.0186098910847865
-0.22397154627185278,0,2.957435884108217,2.957435884108217
0.79386691580193,1,0.7071251504858538,0.7071251504858538
-0.4231832860052329,0,1.1500982865391391,1.1500982865391391
0.2347743296202227,1,1.7936489141094065,1.7936489141094065
0.3462876956115939,0,2.680341661846085,1.8803416618460846
0.3415250079231369,1,1.6462761932330796,1.6462761932330796
-0.685109322995902,0,2.5961684911390694,2.5961684911390694
0.7796926214130764,1,1.8668428157063468,1.8668428157063468
-0.39256762618165175,0,0.8492370288523623,0.8492370288523623
-0.18928360654095822,0,-0.06493189166513591,-0.06493189166513591
-0.10770896985386025,0,0.9387207510677774,0.9387207510677774
-0.9793874933374453,0,0.0638562031661527,0.0638562031661527
0.006481624809254516,1,1.8415414168509894,1.8415414168509894
-0.17731775422295182,0,-1.1980405853157892,-1.1980405853157892
0.37783248576674877,1,2.0671198332825083,2.0671198332825083
-0.21599175134569037,0,1.2044190220334277,1.2044190220334277
-0.11651075667033695,0,0.5465932103514543,0.5465932103514543
-0.5813541472727775,0,1.2164565009418828,1.2164565009418828
-0.8801346886271904,1,0.05525656026609982,0.8552565602660999
0.09198476432699954,1,1.8100909054281251,1.8100909054281251
0.4552374492604616,1,2.21073508386924,2.21073508386924
0.13542504300321112,1,3.6972147139718006,3.6972147139718006
-0.70081247508113,0,-0.34099932000547717,-0.34099932000547717
-0.6521286533577864,0,0.7545961461444637,0.7545961461444637
-0.23339680049175682,0,1.4491959398986405,1.4491959398986405
-0.05349056261308771,0,2.942279755358771,2.942279755358771
-0.18089825251277225,0,1.0822807365340088,1.0822807365340088
0.3628235573585148,1,2.350336618778821,2.350336618778821
0.13009985005781766,1,1.3218501547910604,1.3218501547910604
-0.40622585706289027,0,0.949042736768402,0.949042736768402
-0.938234319936103,1,0.6369200382744061,1.4369200382744063
-0.743775818195721,0,2.838423285018309,2.838423285018309
-0.858947399681135,0,0.09115680656699088,0.09115680656699088
0.46387120789811,0,1.0508715362067287,0.250871536206729
-0.6743059352091887,0,0.2578372562182032,0.2578372562182032
-0.8022612132437199,0,1.5772623277622249,1.5772623277622249
-0.47217147641143664,1,1.0997543342999911,1.899754334299991
0.8166413485568116,1,2.1226520388598136,2.1226520388598136
0.4920165208136775,1,2.875694797313295,2.875694797313295
0.7902992253114716,0,1.7642696830453344,0.9642696830453346
-0.81116967588864,0,-1.1738443415724924,-1.1738443415724924
-0.09608269614910325,0,0.5201682248681835,0.5201682248681835
-0.9584869480356504,1,1.562017454377001,2.362017454377001
0.3490485875869662,1,1.6163674057160944,1.6163674057160944
-0.683183991314904,0,0.7677746166265195,0.7677746166265195
-0.7803068786329577,0,0.023399419514381514,0.023399419514381514
0.501886960301414,1,2.5788459883923602,2.5788459883923602
0.5733347886749682,1,1.9123385133533293,1.9123385133533293
-0.7537590005203847,1,1.1416955930833388,1.941695593083339
0.4946075276641755,1,1.7571405646390927,1.7571405646390927
-0.9399789730036718,1,0.748291907564624,1.5482919075646242
0.22041535974417803,1,3.1217215667037737,3.1217215667037737
-0.2656755678720475,0,1.3822441813156654,1.3822441813156654
-0.22518041286114832,0,1.9962076304615928,1.9962076304615928
-0.6334873676537469,0,1.3436725827161509,1.3436725827161509
0.5178020378732806,1,1.2399053883399662,1.2399053883399662
-0.9799779099575978,0,-0.32256398864438796,-0.32256398864438796
-0.7813425018409621,0,2.7818420723812958,2.7818420723812958
-0.11211575567057364,0,1.0367707106139767,1.0367707106139767
-0.9876309293155288,0,0.5385932107717293,0.5385932107717293
-0.6306412946978279,0,3.577938987263269,3.577938987263269
0.3866261281970089,1,1.8366232649374956,1.8366232649374956
0.7507726839740325,1,4.186562578535967,4.186562578535967
0.24518328349165253,1,0.8831992285824619,0.8831992285824619
0.2065037077656786,1,3.9195257335242824,3.9195257335242824
0.17526825217535014,0,1.707402293103818,0.9074022931038179
0.6625864068820495,1,0.6075502456323187,0.6075502456323187
0.1202051657250407,0,0.6914401056994375,-0.10855989430056256
0.2311497771020592,1,0.9812469947307455,0.9812469947307455
-0.7853358659693628,0,0.020931636231562578,0.020931636231562578
-0.4785118291128263,0,1.504815391314705,1.504815391314705
0.14928085062501317,1,1.9553331607683075,1.9553331607683075
-0.3241709329546971,0,1.29047220807132,1.29047220807132
-0.5445872019959288,0,1.8181816164844284,1.8181816164844284
0.4618823945533983,0,1.2414977926007218,0.44149779260072197
-0.15424775979705085,0,-0.3965456613389763,-0.3965456613389763
0.09043395019314704,0,0.504857053261778,-0.29514294673822206
0.6612263408214611,1,3.123336672679757,3.123336672679757
-0.22343606790827564,0,0.570359911497488,0.570359911497488
-0.8593710663529586,0,1.1702833801038572,1.1702833801038572
0.04788138019129784,1,2.2845615802925785,2.2845615802925785
0.5884137244856691,1,1.5440571925199542,1.5440571925199542
-0.7855227465009669,0,1.0309415304898737,1.0309415304898737
-0.6411513896035392,0,-0.3122070368751859,-0.3122070368751859
-0.4360633870170032,1,1.776794269984268,2.576794269984268
0.47805728548147997,1,1.3798341095733475,1.3798341095733475
0.737948890556696,1,3.882129593652955,3.882129593652955
0.3771884513578194,1,1.6030344361860658,1.6030344361860658
0.30467138524478377,0,1.9477526201243467,1.1477526201243466
0.044609214333381386,1,2.2391197593432257,2.2391197593432257
0.22604151276090834,1,1.7927170411965339,1.7927170411965339
0.5212920331218822,1,2.5633727710570104,2.5633727710570104
0.4641954229558971,1,1.8406977823789343,1.8406977823789343
0.578035444758904,1,2.731160150637185,2.731160150637185
-0.8022814396930527,0,-0.7981996170913062,-0.7981996170913062
-0.16883872461772365,1,0.30371971205642734,1.1037197120564275
0.01723097796377293,1,1.622001116331318,1.622001116331318
0.40565446969593855,0,3.8379189844770503,3.0379189844770504
-0.6742006410571657,1,1.8923602144286282,2.6923602144286285
-0.7473858727622864,0,0.5172490975339465,0.5172490975339465
-0.6702713387942663,0,-0.004344001695617439,-0.004344001695617439
0.7863515103460124,1,2.7259504958559417,2.7259504958559417
0.8799694560412508,1,-0.22930822255913963,-0.22930822255913963
0.5337534185797279,1,1.6679157299109169,1.6679157299109169
0.3123134011885711,1,2.0808275929177755,2.0808275929177755
0.45187687176256275,1,3.8907773676277775,3.8907773676277775
0.06774014273340079,0,2.194624768854031,1.3946247688540305
-0.5612629004158936,1,0.3932021251789169,1.1932021251789169
0.4041844949703237,1,1.4213446705731254,1.4213446705731254
-0.6351830600889488,0,0.028869307794028187,0.028869307794028187
-0.842601165751858,0,1.9417934135244268,1.9417934135244268
0.43781244804873154,0,0.8971963169277632,0.09719631692776343
-0.006622524685751641,0,0.6095785420693094,0.6095785420693094
0.9770256123787071,1,1.969528598622093,1.969528598622093
-0.619931352030102,1,-0.662472413763652,0.1375275862363481
-0.11201740180750996,0,2.1357102185701464,2.1357102185701464
-0.8451312700782534,0,2.008586868914292,2.008586868914292
0.6472463765051537,1,2.025003004654545,2.025003004654545
-0.2086488827345907,0,-0.6610495989967483,-0.6610495989967483
-0.8487466597567725,0,1.713309805651956,1.713309805651956
-0.34361123775049496,1,2.0829515977385435,2.882951597738544
0.16479052821578888,0,0.5233415032205699,-0.2766584967794301
0.5034761456079107,1,-0.136888326243922,-0.136888326243922
-0.6812202822446469,0,1.1100071540089593,1.1100071540089593
-0.6527574554943629,0,0.4389237635601458,0.4389237635601458
-0.5846953315235708,1,1.062493144151161,1.862493144151161
-0.5459106753609166,0,0.39525878280842175,0.39525878280842175
0.7722795010849992,1,2.6013153196754635,2.6013153196754635
-0.0805598710686577,0,1.1995105109619923,1.1995105109619923
-0.5204016675838536,1,-0.3298483250067399,0.47015167499326016
-0.6046597331149213,0,1.7583155226261886,1.7583155226261886
-0.8316383659026101,0,0.06371953643978989,0.06371953643978989
0.5870760042897329,1,2.4810648290482717,2.4810648290482717
0.6061359836679825,1,0.27871941466317374,0.27871941466317374
0.665221851208804,1,1.4861896490311652,1.4861896490311652
-0.05973988120040308,0,2.402268960882461,2.402268960882461
0.11146195074868182,0,2.3639680458590004,1.5639680458590004
0.11691239323658009,1,2.294395840739629,2.294395840739629
-0.4724346339383916,0,2.1161427811926696,2.1161427811926696
0.38260711428637517,0,1.5045682159436347,0.7045682159436346
0.5518528579960831,1,2.6628784586735623,2.6628784586735623
-0.9850885709438466,0,1.6948775740648165,1.6948775740648165
-0.9994668810073373,1,-1.4280992937931065,-0.6280992937931065
-0.008227618209114107,0,0.6827814235497642,0.6827814235497642
-0.3316934565122378,0,1.2675095243644594,1.2675095243644594
-0.46404338076662,0,1.1585239880526492,1.1585239880526492
0.014724203895405852,1,2.792676064156079,2.792676064156079
-0.8014114759955504,0,-0.24683983944126342,-0.24683983944126342
0.18307618621706445,0,2.617648418271223,1.8176484182712231
0.2553926560896238,1,0.7750468660280501,0.7750468660280501
-0.4415024604199702,1,0.48991249133845854,1.2899124913384585
-0.7518912140965999,0,2.8777651209090145,2.8777651209090145
-0.687011683774744,0,0.36263125946699737,0.36263125946699737
0.1548661877776185,1,1.4718995973434938,1.4718995973434938
0.39598284213150703,1,3.538075906142356,3.538075906142356
0.6467740991503166,1,1.9367267732275977,1.9367267732275977
-0.8789171473821613,0,0.7968075173183665,0.7968075173183665
-0.5669845302026029,1,1.3686399883513918,2.168639988351392
0.7377642209558302,1,1.970679802454576,1.970679802454576
-0.9870744731726133,1,1.2001697698792433,2.0001697698792436
-0.846470100767039,0,2.5468685923957204,2.5468685923957204
0.6629045772440889,0,2.0362754778596193,1.2362754778596188
0.9184085480794735,1,2.427853621450346,2.427853621450346
0.032964614246523194,1,1.462357005918385,1.462357005918385
0.09569190685955653,1,2.2256898541328143,2.2256898541328143
0.11745981356085933,0,2.107921282578813,1.3079212825788127
-0.05619582711412141,0,-0.5272177920639657,-0.5272177920639657
-0.06646357126269264,1,0.20043506648719267,1.0004350664871928
-0.886327830525687,0,-0.640581824133583,-0.640581824133583
-0.25296299431773406,0,1.8166736521695328,1.8166736521695328
-0.2852490466108928,0,0.5752067914221237,0.5752067914221237
-0.37037435363039495,0,-0.4340476293993826,-0.4340476293993826
0.3936624402612683,1,2.496468861540547,2.496468861540547
0.03343042436039223,1,2.037519834985379,2.037519834985379
0.048791224853573345,0,0.47010914838092854,-0.3298908516190715
-0.6708293791546522,0,1.5631383857567926,1.5631383857567926
-0.675477024439239,0,1.5948310075275565,1.5948310075275565
-0.7804099988685163,1,-0.6866691448018347,0.11333085519816533
-0.5831081304191215,0,2.2450139370410738,2.2450139370410738
-0.9223773527599703,0,2.122620736141168,2.122620736141168
0.4732306524775982,1,1.437851249071179,1.437851249071179
0.5349204768526825,1,2.2372073864501103,2.2372073864501103
0.5853730764556015,0,0.32677633009937757,-0.4732236699006227
-0.11865602381520168,0,2.962220015954746,2.962220015954746
0.48756545191234113,1,1.718651980494782,1.718651980494782
0.12846439819272892,1,2.927343603272108,2.927343603272108
-0.16929601789359872,1,1.37871624756421,2.17871624756421
0.5030718186200509,1,-0.41386481692570554,-0.41386481692570554
0.9717339177886899,1,1.2223871031117681,1.2223871031117681
0.28162937030681645,0,1.1447163979529473,0.3447163979529474
0.49166871153116753,1,3.0178481872694594,3.0178481872694594
0.2474418503814131,0,2.3115578101735967,1.511557810173597
-0.9352509196937691,0,0.28063545686961033,0.28063545686961033
-0.6910545379026456,0,-0.6565542683657312,-0.6565542683657312
0.6788122508349761,1,1.7350094854180125,1.7350094854180125
-0.10396298646690272,0,0.803803689004234,0.803803689004234
-0.4289811103693373,1,1.120847204658652,1.9208472046586522
-0.16267166601316108,0,-0.39190532108794285,-0.39190532108794285
-0.900136078667257,0,0.8321120371193113,0.8321120371193113
-0.08895119045014854,1,1.622139977546213,2.4221399775462134
-0.23814068995569349,0,1.717165800607861,1.717165800607861
-0.5844880520924067,0,0.7190388014977723,0.7190388014977723
0.2762782131433841,1,1.9997143318652848,1.9997143318652848
0.8134720740781756,1,0.7817408720947392,0.7817408720947392
0.549192822121352,0,2.201212269607082,1.401212269607082
0.4812522595574611,1,1.4580998526833433,1.4580998526833433
0.7810123233594579,0,1.6597507173841897,0.8597507173841897
0.7711075969763344,1,2.9507076758095825,2.9507076758095825
-0.21551580826378336,1,-0.15386261404114987,0.6461373859588502
0.48509208539661275,1,1.6207109757144096,1.6207109757144096
0.6447335238323002,1,2.4864837190564275,2.4864837190564275
0.28217459018204627,0,1.4785225068098722,0.678522506809872
-0.31802896588171103,0,1.0116025753193636,1.0116025753193636
-0.8189940579553492,0,2.6708953394524477,2.6708953394524477
-0.6596168353272316,0,0.5074617030969103,0.5074617030969103
-0.38430843821558236,0,2.074221057421174,2.074221057421174
0.9610355945953131,1,3.3320019072381255,3.3320019072381255
-0.5391588779110197,0,1.0163084542046916,1.0163084542046916
-0.23925952415732654,0,0.6405837810670886,0.6405837810670886
0.29243744800240923,0,1.5580319589343246,0.7580319589343244
0.12698391505525208,1,0.8612253671136219,0.8612253671136219
-0.288817229969615,0,1.7986785469034396,1.7986785469034396
0.7729952618594984,1,3.3596173217297283,3.3596173217297283
0.6474789173784465,1,2.266465909697888,2.266465909697888
0.11027661243948761,1,-0.4800104327042287,-0.4800104327042287
0.9845658993733646,0,3.401814032128888,2.601814032128888
-0.9442699082310306,1,-0.47999088166053483,0.3200091183394651
0.8497541217155384,1,1.2144273245092014,1.2144273245092014
0.6593899607489104,1,2.7689348961555984,2.7689348961555984
0.5802093353467825,1,0.4082042263476353,0.4082042263476353
0.4829362644117796,1,2.555123159194403,2.555123159194403
0.7338364735054055,0,2.8360650877064133,2.0360650877064135
-0.27997110923195856,0,1.1912739566278006,1.1912739566278006
0.38718931633256215,0,2.842780265154769,2.042780265154769
-0.4168181434341549,0,1.1596021927062186,1.1596021927062186
0.20136454031921636,0,1.22473510934535,0.4247351093453501
-0.12579885627816778,0,1.7137899793645381,1.7137899793645381
0.07581505254895515,1,1.8660272295728015,1.8660272295728015
-0.9492210930270719,1,1.7690615488424,2.5690615488424
0.2138619981664589,0,2.0858589203597266,1.2858589203597264
-0.4021125690173035,1,1.8462256437520401,2.6462256437520404
0.06190227659450631,1,0.7780920674536655,0.7780920674536655
0.47642128561501473,1,2.899063797952691,2.899063797952691
0.28871760626125487,1,2.1243229191845177,2.1243229191845177
-0.2958970729539907,0,0.9625373756604849,0.9625373756604849
0.4077674469858996,1,0.9001079852654799,0.9001079852654799
0.9127497193800755,1,2.4727188844841943,2.4727188844841943
0.5309734684521483,0,0.32508272940595995,-0.4749172705940403
0.8034313697117759,1,4.026240272376107,4.026240272376107
0.012256739794744398,0,0.5009173492054599,-0.2990826507945401
-0.14254551780053748,1,1.1200720633033288,1.9200720633033288
-0.6379739679489431,1,0.40140605435904436,1.2014060543590444
-0.1324996958511806,0,-0.1855774275862666,-0.1855774275862666
0.03374309694220612,1,1.579284738595535,1.579284738595535
-0.4799141750866385,0,0.3661330924738669,0.3661330924738669
0.1621544667466399,1,0.12920680966069198,0.12920680966069198
0.13734336065969033,1,3.0995072442642617,3.0995072442642617
0.480996820623512,1,0.5657971901368466,0.5657971901368466
-0.8260715958946185,0,2.2402086812947086,2.2402086812947086
0.8589024024880823,1,1.7851431794176174,1.7851431794176174
-0.9698565683756382,0,0.008216480459889208,0.008216480459889208
-0.8778476437859961,0,1.7442323779840367,1.7442323779840367
-0.2314962937163405,0,2.048769449693438,2.048769449693438
0.7480695785263696,1,3.1240079725670786,3.1240079725670786
0.16774516853360333,1,0.3100432196858782,0.3100432196858782
0.13579320509769777,1,3.0073189416717634,3.0073189416717634
0.818889579032039,0,-0.06876885834105151,-0.8687688583410516
-0.3159745114993653,1,2.1411653660998704,2.9411653660998707
-0.2724928026530331,0,0.4498876631528458,0.4498876631528458
0.7740868068635391,0,1.2974776188182122,0.49747761881821195
0.809731817213531,1,2.115503550707053,2.115503550707053
0.8572080426769682,1,2.507233883808709,2.507233883808709
0.4744000172817193,1,1.0442553415428057,1.0442553415428057
0.7611475260220393,1,0.9943201698506641,0.9943201698506641
0.7555505162467278,1,2.1365043022718697,2.1365043022718697
0.7725935004708369,0,2.5160022329278218,1.716002232927822
-0.6338103985670103,0,2.727949141507439,2.727949141507439
-0.8466490145702623,0,1.611366766592483,1.611366766592483
-0.34886264305873316,0,0.7932276974492533,0.7932276974492533
-0.8154158462602297,0,2.3989973510921607,2.3989973510921607
-0.6175445545468721,0,2.411919755673729,2.411919755673729
0.2389223533432312,0,2.501134042070719,1.701134042070719
0.21799307112810418,0,2.2308604578901767,1.4308604578901767
-0.11394190836916795,0,0.3949565116126835,0.3949565116126835
0.2967681604147083,0,3.6139124686728863,2.813912468672886
0.846558722551509,0,1.79356423694146,0.9935642369414597
-0.3042395412799588,1,0.623154798026258,1.423154798026258
0.9973568029654862,1,4.511522692196635,4.511522692196635
-0.3100810855582161,1,0.9884684096743643,1.7884684096743644
-0.8485107107025707,0,-0.9708370614769491,-0.9708370614769491
-0.24406247426513583,1,0.7727803049397858,1.572780304939786
0.5710903084481553,1,3.439950970588278,3.439950970588278
-0.6173496011427413,0,1.313337735271718,1.313337735271718
0.39669496850456376,0,2.4408203752775695,1.6408203752775694
-0.4648893918352801,1,0.5224827758734266,1.3224827758734266
0.7237927677639884,1,2.007738441152181,2.007738441152181
0.17955498400128223,0,1.985456441274746,1.185456441274746
-0.9089226622764044,1,-0.7948490568705644,0.005150943129435648
0.5210132670919005,0,3.97508045021571,3.1750804502157104
-0.5655110578150502,0,0.11396869941432741,0.11396869941432741
-0.8898468505453818,0,-0.7744408223318984,-0.7744408223318984
0.712575532589611,1,2.4931040606248605,2.4931040606248605
-0.5868390539883361,1,1.626734735380047,2.426734735380047
-0.7849125572850864,0,1.8205643929577295,1.8205643929577295
0.5352933221758363,1,3.1658481422794535,3.1658481422794535
0.24852539543701235,1,1.0174461650906084,1.0174461650906084
0.7395528923752503,0,2.2574307700723955,1.4574307700723954
0.9256285459928639,0,-0.020123885112641293,-0.8201238851126413
0.7428929872063017,0,2.3704445087568913,1.5704445087568915
-0.6642356217274963,0,0.40906958143449856,0.40906958143449856
-0.41890630025705367,0,2.374052268650823,2.374052268650823
-0.3155148372602845,0,-0.2009861156295819,-0.2009861156295819
0.5293076850173823,0,1.218142302655393,0.4181423026553931
0.8811390877045768,0,1.9183485592402962,1.1183485592402964
-0.2278878844465997,0,3.1659664238429857,3.1659664238429857
-0.720130260194221,0,-0.6638209877244224,-0.6638209877244224
-0.36754317150424987,1,0.43597290069291855,1.2359729006929188
-0.04408995525973314,1,1.1656050810151934,1.9656050810151937
0.506496432055968,1,0.5477036919199867,0.5477036919199867
0.5417417689510136,0,1.744228893143898,0.9442288931438982
-0.7390771419347444,0,1.197003361466436,1.197003361466436
-0.11632901924121097,0,0.22030265275389582,0.22030265275389582
0.03976621555534132,1,1.6867066286876744,1.6867066286876744
0.23573584462080377,1,3.1525995078463867,3.1525995078463867
-0.5038702902438466,0,2.7145394127496165,2.7145394127496165
-0.24017481782644912,0,0.4387873357430064,0.4387873357430064
-0.74473286982963,1,1.1828782959674509,1.982878295967451
-0.6067564928453644,0,0.21008177677713047,0.21008177677713047
0.5079330361720751,1,1.2633116134366777,1.2633116134366777
-0.6419664959985514,0,-0.4165789469904979,-0.4165789469904979
-0.9770686250633953,0,1.1298096039592664,1.1298096039592664
-0.3291679532913414,0,1.2076123682264277,1.2076123682264277
0.3557456055027777,1,1.5142383519234475,1.5142383519234475
-0.07908509120115048,0,0.3339313217372175,0.3339313217372175
0.9322025679202384,1,2.947236651280866,2.947236651280866
0.06938448388115237,1,3.354088826662878,3.354088826662878
-0.7514936349448522,0,2.2764904329502342,2.2764904329502342
0.2164012207418149,1,1.3588303272863929,1.3588303272863929
0.4576238619670203,0,2.9077237246378016,2.1077237246378013
0.03683888677673797,1,2.8265163394415014,2.8265163394415014
-0.2673374674025606,1,2.9876090762416827,3.787609076241683
0.6875759605680625,1,1.8385915368161982,1.8385915368161982
0.7380347596816892,1,1.7126514302064955,1.7126514302064955
-0.909899052565454,0,1.658473820133391,1.658473820133391
0.15638308406537127,0,0.9434505703164215,0.1434505703164215
0.4057900343952634,1,2.5605134834300043,2.5605134834300043
-0.7490445387779785,0,0.9894208737142303,0.9894208737142303
0.1667469630225249,0,1.924009541488062,1.124009541488062
0.21126586578106354,1,1.1455068817904555,1.1455068817904555
0.9084595668767499,0,2.3811876934604648,1.581187693460465
0.5236020773024104,1,1.511807580187894,1.511807580187894
-0.5701956484703996,0,1.996614890606364,1.996614890606364
0.17182784705489107,0,3.064890081815344,2.264890081815344
0.7596421580884081,1,2.569288106804965,2.569288106804965
-0.6037152784403526,0,-0.3241662545581223,-0.3241662545581223
-0.663096882352197,0,2.5157565721755706,2.5157565721755706
0.6472870137769415,1,3.7275458623830904,3.7275458623830904
-0.6877237640925018,0,0.3454509447877579,0.3454509447877579
0.8632742318163411,1,2.9159114458137765,2.9159114458137765
-0.40910450487586925,0,0.21777590131152735,0.21777590131152735
0.6436644742991582,1,4.3788779716414705,4.3788779716414705
0.31901569791393536,1,2.183994531493718,2.183994531493718
-0.1197458473282178,0,-1.3182928183659877,-1.3182928183659877
0.2480652618000414,0,2.57815614462692,1.77815614462692
0.0033002920532287927,0,2.242082636256082,1.4420826362560821
-0.6864855654910864,1,0.12742454220557697,0.927424542205577
-0.42455051051441917,0,1.0425187753564074,1.0425187753564074
0.491008397694882,1,2.652430423709657,2.652430423709657
0.38338848890516997,0,1.5506652357093684,0.7506652357093684
0.08600412257397805,1,-0.03462195646357524,-0.03462195646357524
0.4721318048135823,1,0.5146056909029317,0.5146056909029317
-0.7121472987871251,0,1.8523913237838041,1.8523913237838041
0.8350443109563026,1,2.636401237504039,2.636401237504039
0.9575344498212834,1,3.41956037176198,3.41956037176198
-0.3619595877052981,0,0.9390385002051443,0.9390385002051443
0.26426513730452283,1,1.4588550120135229,1.4588550120135229
0.06249030823052326,1,1.7691528543519461,1.7691528543519461
-0.5013101467930909,0,0.38357742006069817,0.38357742006069817
0.2871406344566141,1,2.341565735472791,2.341565735472791
-0.409061145018522,0,1.696506569603226,1.696506569603226
0.027728815977168697,1,1.9878175392855104,1.9878175392855104
-0.8596550600036186,1,-1.5008548834165907,-0.7008548834165906
-0.7309980787606201,1,0.7527643847874439,1.552764384787444
0.1715505622289537,1,1.1713643264730047,1.1713643264730047
-0.6161289183359451,0,0.15851690423448317,0.15851690423448317
-0.4236772172877492,0,1.4148922126187589,1.4148922126187589
0.4128433346833156,1,1.9381240227722174,1.9381240227722174
0.7765218798334099,1,0.6524457528035812,0.6524457528035812
0.11476298956533282,1,2.1629013656404474,2.1629013656404474
-0.9946809809831916,0,0.31188876451217273,0.31188876451217273
0.05978927576104276,1,2.253499658590558,2.253499658590558
0.9459912908883943,1,1.0303602199672923,1.0303602199672923
-0.774912292271926,0,1.4687121376454388,1.4687121376454388
0.39064955882582586,1,2.9296277124940993,2.9296277124940993
0.9302362024100876,1,1.1998039771650615,1.1998039771650615
-0.06623775389736797,1,0.9939278403560878,1.7939278403560879
-0.27917381459355317,0,-0.6778333741903178,-0.6778333741903178
0.2605132698932995,0,1.8226122228312238,1.0226122228312238
-0.1397166100202618,0,0.3384387905936096,0.3384387905936096
0.6322712981045409,1,2.093953528446093,2.093953528446093
0.16654668621488988,0,2.225771377457206,1.4257713774572058
-0.1916020983003175,1,1.6660677891915072,2.4660677891915075
-0.12832127084099754,0,2.021614066878432,2.021614066878432
0.01734518787555972,1,2.2094403087129786,2.2094403087129786
0.5337438730257233,1,1.5929999008277234,1.5929999008277234
0.5562059773020684,1,2.393313297642285,2.393313297642285
-0.2723269709284404,0,-0.5594663189044693,-0.5594663189044693
0.02045838817409895,1,2.492285320261991,2.492285320261991
0.33041442354968154,1,3.136015212061438,3.136015212061438
0.496670869906628,1,2.221373686757238,2.221373686757238
0.27352437699746934,1,1.1205267365429987,1.1205267365429987
-0.7498110294460549,0,-0.06410388757156815,-0.06410388757156815
-0.10285753529447894,0,0.6832676692298152,0.6832676692298152
0.9066351569579865,1,-0.9758280336373817,-0.9758280336373817
-0.04510562551906139,0,1.2886739231693152,1.2886739231693152
0.9776865977278864,1,1.1462989140320068,1.1462989140320068
-0.08898875632667869,0,0.11467417234661181,0.11467417234661181
-0.957347900828557,0,1.1765914418982302,1.1765914418982302
0.3340076601977877,1,2.5416658085631343,2.5416658085631343
-0.053162138618212174,0,0.865760899757888,0.865760899757888
-0.7300637775327017,0,0.6623004712240949,0.6623004712240949
0.4798703396558064,1,1.6484931467130388,1.6484931467130388
-0.027309156712938654,0,1.3178886368922753,1.3178886368922753
0.8454181835338919,1,3.097366182220812,3.097366182220812
-0.4808638157052596,0,0.5402563983284039,0.5402563983284039
-0.898525232420248,1,1.0355321902744918,1.8355321902744919
-0.657468392022664,0,1.063415437836621,1.063415437836621
0.3097362837988553,1,1.7903666109194536,1.7903666109194536
-0.9114927386285421,0,1.5104380913266016,1.5104380913266016
-0.29238791171425693,0,1.1383970728576984,1.1383970728576984
0.2873219708729824,1,-0.8963610457618618,-0.8963610457618618
0.017273851954470176,0,1.4744199407731307,0.6744199407731306
0.6584170380508989,1,2.877957223897949,2.877957223897949
0.9049975419854337,1,1.0193539612416633,1.0193539612416633
-0.6091313500337632,0,0.4787501933486158,0.4787501933486158
-0.9384900647466123,1,0.42145403311876356,1.2214540331187635
0.6818834723043108,1,1.305932404450263,1.305932404450263
-0.4879434061895853,0,2.065320922746034,2.065320922746034
-0.8492125406089748,0,0.6369831049473875,0.6369831049473875
0.8089053110176618,1,1.5790072161956057,1.5790072161956057
-0.0032133441421371423,0,0.843221944655681,0.843221944655681
0.8802488672489082,1,2.028736061498157,2.028736061498157
0.12440478490287887,1,2.133980995346145,2.133980995346145
-0.5560608942598193,0,1.0844492502716823,1.0844492502716823
-0.10049567581255747,0,0.45836779059365584,0.45836779059365584
-0.10484143602660101,0,1.9998418663573556,1.9998418663573556
-0.7071854440962044,1,-0.12015639093374764,0.6798436090662523
0.15022251187573943,0,0.7921531603402041,-0.007846839659795934
-0.3074950725143377,0,1.166041085359504,1.166041085359504
0.9955013205553516,1,2.488647903711761,2.488647903711761
0.9411812398347204,1,2.249852321812141,2.249852321812141
-0.2851843096038398,1,2.2800079538725595,3.0800079538725598
0.18801801185304878,1,0.4915794649717573,0.4915794649717573
-0.8413965932507903,0,1.6396026187041135,1.6396026187041135
-0.436143627817408,0,1.3094541508504096,1.3094541508504096
0.21686333568431082,1,1.258314839868709,1.258314839868709
0.6803255056087172,1,1.4236895984006583,1.4236895984006583
-0.9644837942535869,1,0.32489846620415874,1.1248984662041588
0.8975245213605829,1,4.657881520460867,4.657881520460867
-0.6980973242034201,0,0.5618754306967542,0.5618754306967542
0.7888587712340227,1,1.9484061122841614,1.9484061122841614
0.6108618510149653,1,0.9932786190747791,0.9932786190747791
-0.6245903534034192,0,1.6229682100814127,1.6229682100814127
0.14447500334936025,1,1.6368304952889798,1.6368304952889798
-0.7995951585439904,0,0.49272461724657823,0.49272461724657823
-0.5954663260818043,0,2.0440459051683773,2.0440459051683773
0.49074067755182593,1,1.42505956744513,1.42505956744513
0.5456667895604681,1,1.6381002606657855,1.6381002606657855
-0.1268845296796155,0,1.6904121664912273,1.6904121664912273
-0.010534134609869739,0,2.786920481616283,2.786920481616283
-0.2239469442506834,0,0.9906728741872776,0.9906728741872776
-0.7854090791020174,0,1.4651486836183776,1.4651486836183776
-0.0032511092397911057,0,2.0860257406085663,2.0860257406085663
0.47327024342366,0,1.3585295063862173,0.5585295063862171
-0.11738365223972957,0,1.4432272976329863,1.4432272976329863
0.39119577721936993,1,2.914840813440649,2.914840813440649
-0.04614829393214204,0,-0.7485362244745165,-0.7485362244745165
-0.49631666803575625,0,1.93630863262179,1.93630863262179
-0.8299331087726827,0,1.1535259945416296,1.1535259945416296
-0.6269853285453035,0,-0.8472840004645132,-0.8472840004645132
-0.9760460709984011,0,-0.2712666627440701,-0.2712666627440701
0.024995883083435366,1,1.9162896100939202,1.9162896100939202
0.8318847939493781,0,2.215901994585821,1.4159019945858209
-0.8268353901630596,0,0.7330541837517194,0.7330541837517194
0.7564653787924147,0,2.7797231927937807,1.9797231927937804
0.3507981482574538,0,1.6124834412338567,0.8124834412338565
-0.3510479192546141,0,2.970450815192947,2.970450815192947
0.44819452966396245,1,0.9833005837418174,0.9833005837418174
0.5699391674746286,1,1.1362304700585155,1.1362304700585155
-0.9688374633111294,0,0.015235157113312248,0.015235157113312248
-0.741577434944463,1,0.24787212609653841,1.0478721260965385
0.03470640662003177,0,0.5638545861929609,-0.23614541380703913
-0.7813464150188003,0,-0.26793608509032973,-0.26793608509032973
-0.33707897989647106,0,0.3328211532560489,0.3328211532560489
0.7266917310065077,1,3.7920945894482565,3.7920945894482565
0.5033258823243751,1,1.2909833616137896,1.2909833616137896
0.880921255960764,1,2.145967798469153,2.145967798469153
-0.32120543969803683,0,1.330004733104515,1.330004733104515
-0.09512661362992447,1,1.9243345992886753,2.7243345992886754
-0.654283700554414,0,2.7927052276181272,2.7927052276181272
-0.28779080890207775,0,1.676582251774243,1.676582251774243
-0.01875466631311129,0,-0.4138645580179058,-0.4138645580179058
-0.6643823499848944,0,-1.0042679918002348,-1.0042679918002348
-0.36596177699865384,0,1.6048283939934005,1.6048283939934005
-0.8323325567637971,0,3.103543122791039,3.103543122791039
0.19179715459753766,1,2.115910214751446,2.115910214751446
0.19505658597999687,1,3.600286809464245,3.600286809464245
-0.5135661180465676,1,2.12876049855391,2.9287604985539097
0.28186753931013353,0,1.6345814815509911,0.8345814815509911
-0.6196833746502741,0,0.9925232688682265,0.9925232688682265
-0.4888739052698128,0,-0.496694483430261,-0.496694483430261
0.7241701283502269,1,1.8785370189667019,1.8785370189667019
0.28537760599014805,1,3.4408022533403786,3.4408022533403786
-0.3875129187850681,1,-0.7559689028377016,0.04403109716229858
-0.4971201636549807,0,0.8662886514568262,0.8662886514568262
-0.4539201263129582,0,0.004918916499201176,0.004918916499201176
-0.839174746220908,0,0.13908252836100066,0.13908252836100066
-0.2833584420242299,0,-1.1295300079460961,-1.1295300079460961
-0.9859479433967928,0,0.06327237245924888,0.06327237245924888
-0.06789146428191661,0,1.1670228714620465,1.1670228714620465
-0.7116709219604209,0,1.9313764608513921,1.9313764608513921
-0.9300397733628682,0,2.5342623312249004,2.5342623312249004
-0.4258353001915687,0,1.3019930838147753,1.3019930838147753
-0.8845897923391486,0,-0.3033367755451143,-0.3033367755451143
0.9181121275395046,1,1.8559967586191755,1.8559967586191755
0.8243479343891333,0,1.914518309484691,1.1145183094846907
-0.26426719401882415,0,0.20938922021365958,0.20938922021365958
0.9644855627368278,1,4.482003537460073,4.482003537460073
-0.9544679396478724,0,0.8915532669044579,0.8915532669044579
0.7800994879284797,1,2.020806227244446,2.020806227244446
-0.8506024593786625,1,1.998497593695743,2.798497593695743
-0.4773639177994733,0,0.5298543623425924,0.5298543623425924
-0.25853857855475826,1,0.24771480615880337,1.0477148061588035
-0.7930524806758878,0,1.1999503424998121,1.1999503424998121
0.04852381066670319,0,3.1359870626122044,2.3359870626122046
0.7838397673470145,0,1.0958135961502133,0.2958135961502135
-0.28971505960573385,0,0.8255929768062592,0.8255929768062592
-0.3091101947640298,0,0.3238029978148075,0.3238029978148075
0.11130983898778135,0,2.448985738717569,1.6489857387175688
0.04311120083019282,1,1.3989725187845212,1.3989725187845212
-0.6636317255945077,1,2.1411172778413596,2.9411172778413595
0.022463217373371425,1,2.761594078396004,2.761594078396004
0.3092723228526624,1,2.2711204792383537,2.2711204792383537
0.6192340422571991,0,3.630867884490881,2.830867884490881
0.8783078607870545,1,2.513316507979669,2.513316507979669
0.24844411794351995,0,3.1268420668832713,2.3268420668832714
0.4399754036221819,1,0.386287056380614,0.386287056380614
-0.06755849617284859,0,2.5741619459068272,2.5741619459068272
0.7765842569313031,1,2.8189979635160167,2.8189979635160167
-0.8229363210554139,0,0.07981869015216503,0.07981869015216503
-0.2517424574584326,1,-0.5860574853524371,0.2139425146475631
0.1483047224722558,1,2.925771692542966,2.925771692542966
-0.6803775667418672,0,3.1915445103451,3.1915445103451
0.23894352235706773,1,1.352948530065385,1.352948530065385
0.4606681062786304,1,0.4948679228094275,0.4948679228094275
0.4294823155177603,0,1.4155667336985047,0.6155667336985046
0.8564769749523262,1,1.7277404183034106,1.7277404183034106
0.8584859671659912,1,1.8421154316321133,1.8421154316321133
0.9147229358079612,1,2.2351035502318775,2.2351035502318775
-0.7160345976643592,1,1.9731998095454588,2.7731998095454586
-0.8020742804642464,1,0.9365997147633813,1.7365997147633814
0.37270501408523304,1,1.7051903634004983,1.7051903634004983
0.9737959502088203,1,1.479931179105343,1.479931179105343
-0.09051721515661537,0,1.6024617053244272,1.6024617053244272
-0.21061367241435902,0,0.7757310856302887,0.7757310856302887
0.2676776948755535,0,0.9445416298297842,0.14454162982978414
0.17534835197783916,0,0.2840956199262532,-0.5159043800737468
0.8168852961225399,0,1.954144449989986,1.154144449989986
0.696864722846926,1,2.962826005899273,2.962826005899273
0.5380538880117622,0,1.4646527228450494,0.6646527228450496
0.25343150662622427,0,2.9676983579320293,2.1676983579320295
0.6338029138263523,1,1.950424635571969,1.950424635571969
0.20077112538916375,0,2.9988448305346376,2.1988448305346378
0.6899186721640758,0,2.9293120588101624,2.1293120588101626
-0.3415488045295405,1,2.3989218382569613,3.198921838256961
-0.20520748703993852,0,0.7814017648718815,0.7814017648718815
0.9562307166793644,1,2.1560689808453115,2.1560689808453115
0.2786162434480033,1,1.4100388508191763,1.4100388508191763
0.22386424337493538,1,2.588734867538725,2.588734867538725
-0.7294350222017656,0,1.2700901683979144,1.2700901683979144
0.9649264537657309,0,1.378420085704244,0.5784200857042435
0.2637413817370251,1,0.7689388549926359,0.7689388549926359
-0.41200318976143224,0,1.0573600578436442,1.0573600578436442
0.5197046267070553,1,1.5742130015101856,1.5742130015101856
0.603751321700321,1,1.9863389031583543,1.9863389031583543
-0.019751694461842773,0,0.14882207683331683,0.14882207683331683
0.34330545973921067,0,2.1600390350820895,1.3600390350820892
-0.3810494834570659,0,0.5807173110474944,0.5807173110474944
-0.6351876516541233,1,1.065317535702933,1.8653175357029328
0.05335862169310546,1,1.4958161812587947,1.4958161812587947
0.19697914095735913,0,1.9344288487996508,1.1344288487996508
0.4704612300607849,0,2.690670564274646,1.8906705642746457
0.752279997004702,1,1.170386079282302,1.170386079282302
0.7320898145591426,1,0.9061173718102817,0.9061173718102817
0.852131853927979,1,1.4322595558488889,1.4322595558488889
-0.3693280546529867,1,1.7638540940808352,2.563854094080835
0.39240402615047554,1,2.2327690335430246,2.2327690335430246
0.8041747809208737,1,1.6536980819044267,1.6536980819044267
-0.039153036115802786,0,3.4990939288525538,3.4990939288525538
0.13465657397463526,0,2.0387666183393005,1.2387666183393007
-0.6562585348285679,0,1.3804331402834054,1.3804331402834054
0.026139392603544254,1,-0.9001200925748889,-0.9001200925748889
0.5875854909750526,1,1.9933265908607058,1.9933265908607058
-0.1797228688067205,0,1.6440613660410672,1.6440613660410672
0.7877262094842032,0,2.265660793351213,1.4656607933512131
0.1027760776679778,1,2.4637159376968025,2.4637159376968025
0.553183939166463,0,2.652325810329464,1.8523258103294635
-0.3565329851760415,0,-0.3913121269486717,-0.3913121269486717
-0.6118944529677961,0,1.6625977032797237,1.6625977032797237
-0.6976340405654167,0,1.4076942588096981,1.4076942588096981
-0.770740601571797,0,0.7886993412426858,0.7886993412426858
-0.039422869319609255,0,0.45274251794526765,0.45274251794526765
0.5417670255624882,1,0.8471800664357876,0.8471800664357876
-0.7349233607632981,1,-0.6668162148219802,0.13318378517801976
-0.5634692885220922,0,-0.05147696701796778,-0.05147696701796778
0.8396651873029415,1,1.8863834882722983,1.8863834882722983
0.34045320807643265,0,1.826766711908921,1.026766711908921
-0.0671452173725704,1,1.949633767382419,2.7496337673824187
0.08883375736423171,0,2.258189236963474,1.4581892369634741
0.9705402780073689,1,2.983462185858486,2.983462185858486
-0.3181525132379639,1,0.8925540302663952,1.6925540302663955
-0.4010736268009307,0,0.7702133252358712,0.7702133252358712
0.5994179024697328,0,1.8241803109738284,1.0241803109738283
-0.6461424098568056,0,0.9183347744151527,0.9183347744151527
-0.9853176491705222,0,-0.5548470723814655,-0.5548470723814655
-0.298302342989581,1,1.1727692062209476,1.9727692062209479
-0.5888053441327374,1,1.1367821553900401,1.9367821553900404
-0.6013518406135729,0,0.9035035645729826,0.9035035645729826
0.3193794546090387,1,-0.0820470606817787,-0.0820470606817787
-0.6139337845035278,0,-0.5731011846682901,-0.5731011846682901
-0.9644067478946621,0,3.158420344972555,3.158420344972555
-0.6975524022075343,0,1.0883619535638676,1.0883619535638676
0.7065369098405607,0,2.4564615119499242,1.6564615119499242
0.09968621753772178,1,0.9168845716798566,0.9168845716798566
0.25545062166118293,0,1.5529849129945006,0.7529849129945005
0.9964858091977697,0,1.061260500520309,0.26126050052030925
-0.6258999899773949,0,2.5714035530933175,2.5714035530933175
0.12779297690571778,0,1.860472999701418,1.060472999701418
0.49876810492603973,1,0.7777579985044192,0.7777579985044192
-0.28581016481414534,0,-2.0138160633947457,-2.0138160633947457
0.7778805570519653,1,2.72548567169347,2.72548567169347
-0.5752631565571844,0,0.6037558262277745,0.6037558262277745
0.8180052797170061,1,2.796904476881429,2.796904476881429
0.45195612435786714,1,0.7994999035933312,0.7994999035933312
-0.7918658203248214,1,-0.00017320780069640662,0.7998267921993036
0.5160713141514366,1,2.97625485383192,2.97625485383192
-0.7637868792236298,0,1.4122899372335287,1.4122899372335287
0.9426878488797557,1,2.285200624215165,2.285200624215165
-0.5379973836351004,0,1.1601233256995964,1.1601233256995964
-0.5635943071946874,0,0.309226081687761,0.309226081687761
0.9476256924847664,1,1.5571255046647627,1.5571255046647627
0.9757864669386982,1,1.408423520314528,1.408423520314528
0.9788464112222988,0,1.2086990839591163,0.408699083959116
-0.7728853697025708,1,1.3985490127996307,2.198549012799631
-0.027800834854676992,1,-0.07955385005030557,0.7204461499496944
0.9406285443532301,1,2.194947966937649,2.194947966937649
0.7100271259683024,0,1.6171726791204846,0.8171726791204845
0.27094573576483794,1,1.5284946031286464,1.5284946031286464
-0.6797244091793508,0,2.8824362530633785,2.8824362530633785
-0.9524949544887826,1,0.20388147913318455,1.0038814791331845
-0.7537508639222827,0,1.255821927058716,1.255821927058716
-0.5231271581094363,1,0.6515893512149702,1.4515893512149705
-0.667617458996858,1,1.4285286359990572,2.2285286359990573
0.022102157947265777,1,1.010887153593285,1.010887153593285
-0.6231277332110576,1,0.29259909033982645,1.0925990903398264
-0.02626233095462638,1,0.9221260992776535,1.7221260992776535
-0.498161631769539,0,1.4223789847236858,1.4223789847236858
-0.8926464339913593,0,0.6863130828347782,0.6863130828347782
-0.48390129066675525,0,0.10149145526316272,0.10149145526316272
0.02560907237960497,1,2.094153376044109,2.094153376044109
0.667953069690979,1,1.9631764532470029,1.9631764532470029
0.7448491008367633,1,2.432593050519162,2.432593050519162
0.6643597301988089,1,3.466797551150611,3.466797551150611
0.652550846440523,0,1.3362186236895548,0.5362186236895545
-0.8976202488164085,1,2.3662700832910533,3.166270083291053
-0.5075574534067175,0,-0.15900301072016165,-0.15900301072016165
-0.13326536114092646,0,0.1173415857687411,0.1173415857687411
-0.31331170288088783,0,2.006572132637164,2.006572132637164
-0.9408516419671265,0,2.685621275966235,2.685621275966235
0.9761409310229854,1,3.431692592218697,3.431692592218697
0.5858162233286304,1,4.138969680405944,4.138969680405944
-0.5576133140106974,0,2.3677855353368527,2.3677855353368527
0.4358949184202079,1,1.968128279181693,1.968128279181693
0.6399989728114386,1,3.3593567912744287,3.3593567912744287
0.21052060075921997,1,1.8699227012463444,1.8699227012463444
0.22861833798302666,1,2.3665745061505126,2.3665745061505126
0.7607525044518686,1,1.266714105909681,1.266714105909681
0.7775759472695702,1,0.6230233584476255,0.6230233584476255
-0.5876109906542872,0,0.633165198697334,0.633165198697334
-0.4171405520550062,0,-0.8565051656084397,-0.8565051656084397
-0.8747606966624413,0,1.708780097043419,1.708780097043419
-0.014003546407117984,0,0.9661906053677181,0.9661906053677181
-0.6356458204044642,0,1.5070466813256551,1.5070466813256551
0.6155397558930356,1,2.6324855008534063,2.6324855008534063
-0.5866426244168996,1,-0.6201257231160715,0.17987427688392854
0.3055671706944818,1,3.1722940452892363,3.1722940452892363
-0.6965638231886988,0,1.4408061516315738,1.4408061516315738
0.8678609303772125,0,3.6617498955391676,2.861749895539167
-0.8602281052929697,0,1.2573777642961284,1.2573777642961284
0.022104755112125396,1,0.9555279132576678,0.9555279132576678
-0.6614161082952128,0,0.2796451424210513,0.2796451424210513
0.20937909819720657,1,1.7642765980763848,1.7642765980763848
0.41776399400645725,1,0.3182045982904571,0.3182045982904571
0.5999612648857486,0,2.397827575656932,1.5978275756569318
0.43278328236126873,1,1.1646332912908053,1.1646332912908053
-0.11218742096829781,0,2.58532724714493,2.58532724714493
0.9853296397305873,1,2.1494238486314736,2.1494238486314736
-0.30921993296647377,0,1.085806938344706,1.085806938344706
-0.06611959824748914,0,0.5970260290372168,0.5970260290372168
-0.7452653409326078,0,-0.16225790035529963,-0.16225790035529963
-0.7561355865560697,0,-1.357371032352172,-1.357371032352172
0.8596547163941048,1,2.684571095899357,2.684571095899357
-0.6944534293806932,0,0.1588898354018471,0.1588898354018471
-0.524602391036973,1,1.1602505575429667,1.960250557542967
-0.7114987248204996,0,2.653684975006672,2.653684975006672
0.2037026977534402,1,1.925532927746101,1.925532927746101
0.7888233637718873,0,2.872730667809634,2.072730667809634
0.8234318431648335,0,-0.8034698755821266,-1.6034698755821266
0.7126251807814201,1,2.8898844927134744,2.8898844927134744
-0.5307853135591873,0,0.7492040393914845,0.7492040393914845
0.39734534065313687,1,1.1184585682153694,1.1184585682153694
-0.37091947454875784,0,1.0109496771178152,1.0109496771178152
-0.7419484555828104,0,0.2507919447541558,0.2507919447541558
-0.5870872043605206,0,1.0498127611827748,1.0498127611827748
-0.10985469259006919,0,1.1284410529627786,1.1284410529627786
0.638974056695097,1,1.630835795425098,1.630835795425098
0.871212699352363,1,1.1777175307473196,1.1777175307473196
-0.2293191158821659,1,1.6828800734386715,2.482880073438672
0.5325749309887653,1,3.3177230279477845,3.3177230279477845
0.8148468887443443,1,3.0434864789608542,3.0434864789608542
-0.9306276021881836,0,-0.08076149897248441,-0.08076149897248441
-0.28394158104959466,0,2.1652808951851408,2.1652808951851408
0.795646433254994,1,1.9691066254998284,1.9691066254998284
0.3426928345870781,1,2.4645400220444373,2.4645400220444373
-0.3177645102577713,0,0.8443115443304501,0.8443115443304501
0.057467616256186904,0,2.654335786232686,1.8543357862326861
-0.8221736989344208,0,1.9084369679453106,1.9084369679453106
-0.5817878319240983,0,0.5164837258273813,0.5164837258273813
-0.24434249702766309,1,1.2084097048013982,2.008409704801398
0.5539652079311546,1,1.1476623094967748,1.1476623094967748
-0.9322642933877445,0,0.8112932185147927,0.8112932185147927
0.12897968958291295,1,3.348062565187906,3.348062565187906
-0.2796637839578624,1,-0.43072635327320197,0.3692736467267981
0.2393130078777057,1,2.757419258666798,2.757419258666798
-0.11136912448314984,0,0.872064317837887,0.872064317837887
-0.38988996821051547,0,1.1407621802766357,1.1407621802766357
0.5774755883379079,1,1.6604312392238518,1.6604312392238518
0.8708431105229113,1,2.6218500913913863,2.6218500913913863
-0.5901311480620972,0,0.5450075303345263,0.5450075303345263
-0.9680892509875001,1,1.5937504876143094,2.3937504876143096
-0.14979120983992145,1,1.8975520155904646,2.697552015590465
0.04035504573480564,1,-0.08475403366209733,-0.08475403366209733
-0.803819552650268,0,2.0622268646080624,2.0622268646080624
0.7911506966539017,1,1.0907787294718658,1.0907787294718658
-0.12147157447964041,0,-1.648373806080346,-1.648373806080346
-0.6072885091876907,1,0.7844122916232646,1.5844122916232646
-0.1314890794872905,0,0.8866415767524949,0.8866415767524949
0.2143072091387579,1,3.103749018813274,3.103749018813274
-0.849035470492485,0,1.061124748885996,1.061124748885996
0.6113748964765626,1,2.912695751353756,2.912695751353756
-0.48939217229867404,0,-0.6162801183157403,-0.6162801183157403
-0.2053495630630373,0,2.445213767677302,2.445213767677302
-0.33679814800699837,0,1.8201038031413108,1.8201038031413108
0.7684936654493526,1,2.0239809637016686,2.0239809637016686
-0.0809858416937399,0,0.40342954800270037,0.40342954800270037
0.663352050948369,0,2.8268432071551826,2.0268432071551823
-0.750050318550292,0,0.46725706646408655,0.46725706646408655
-0.7111876079966473,0,0.6782480330910334,0.6782480330910334
0.6217353203675426,1,3.1027576046264245,3.1027576046264245
0.6709738872646731,1,2.252441382837008,2.252441382837008
-0.09371175492854067,0,1.0787238709307072,1.0787238709307072
0.9168022032895353,1,2.448694165910724,2.448694165910724
0.09390613199975628,1,3.9263087446798632,3.9263087446798632
-0.17581093094122435,0,1.9404181723312166,1.9404181723312166
0.8197189397914453,1,3.6280535584489675,3.6280535584489675
0.02673220713544966,1,1.734349403008073,1.734349403008073
0.39626311281581983,1,1.958052402356782,1.958052402356782
-0.5428262516070095,0,0.6236498026311138,0.6236498026311138
0.024429712604000065,0,0.10761497925782981,-0.6923850207421702
-0.3928091701492633,0,0.9544497749450356,0.9544497749450356
0.26473688925547667,1,1.1836222664103566,1.1836222664103566
-0.4091527450721306,0,0.7741186823152567,0.7741186823152567
-0.05766687037748408,1,-0.17432889285405606,0.625671107145944
-0.0014594266614906815,0,1.1341346789619056,1.1341346789619056
-0.9648780114773339,1,1.7552434966170318,2.555243496617032
-0.848807791369734,1,1.8556829617524095,2.6556829617524094
0.7369057070197265,1,0.7618737086931098,0.7618737086931098
-0.938258536945193,0,2.163393373073853,2.163393373073853
-0.7915813741129427,0,1.1730289947778934,1.1730289947778934
0.7734398655375838,1,1.8792250909282384,1.8792250909282384
0.758504079582963,1,2.916879917555155,2.916879917555155
-0.6783792160271334,0,-0.46642779085195674,-0.46642779085195674
-0.9364622299665339,0,0.8231126705352219,0.8231126705352219
0.9717517098617798,1,3.064395715516162,3.064395715516162
-0.4920353479572668,0,0.40168067907409677,0.40168067907409677
-0.9959739852645326,1,0.8417937991276815,1.6417937991276814
-0.561660038431546,0,2.1184746137732207,2.1184746137732207
-0.5941395084451819,0,-0.602588790642932,-0.602588790642932
0.4942332423697393,0,4.582835839474765,3.782835839474765
-0.14632707115710697,0,-1.1614693155313394,-1.1614693155313394
-0.25564524985975057,0,2.7365829391736383,2.7365829391736383
-0.1811356095961898,0,2.6765593909132526,2.6765593909132526
0.8337115138961877,1,0.8770417673623936,0.8770417673623936
-0.4979162858648618,1,1.3722606575934555,2.1722606575934558
0.20751298305791654,1,1.8689757298053231,1.8689757298053231
0.01947579406102995,0,3.1279542642178275,2.3279542642178273
0.9755095254621136,0,2.357182487597968,1.5571824875979678
-0.8924366754375654,0,-0.4527451540319569,-0.4527451540319569
0.043447025506776704,1,1.6807761104301286,1.6807761104301286
0.03512946735028044,1,2.848926711578911,2.848926711578911
0.29779803113803327,1,2.3564361100983495,2.3564361100983495
-0.3182643267285201,0,1.742152007737141,1.742152007737141
-0.857431896541647,1,1.2831188682122854,2.0831188682122854
0.7785832625142934,0,2.583462673473202,1.783462673473202
0.771862734702293,1,2.441961699333948,2.441961699333948
-0.9172901437545598,1,-0.5132429130429149,0.28675708695708524
-0.6576831382860533,0,1.5429105688818736,1.5429105688818736
-0.26896661856570536,1,2.880764849124695,3.680764849124695
-0.19848226237979305,0,0.5076309470257716,0.5076309470257716
-0.14409160235318064,0,-0.2563421698695958,-0.2563421698695958
0.8758814017080232,1,1.8844114126893974,1.8844114126893974
0.2839914357291782,1,1.1097609363256276,1.1097609363256276
0.9784025184315301,1,2.6443608324786343,2.6443608324786343
0.9411871988148934,0,3.4172808083528157,2.617280808352816
-0.8218451365818982,1,1.9294936490512014,2.7294936490512014
0.9660290225955375,1,1.919243616019585,1.919243616019585
0.9013998800423273,1,2.5699658954698164,2.5699658954698164
-0.08393307195230149,0,0.7873664451930341,0.7873664451930341
-0.15965463315165418,1,0.3401126783128139,1.1401126783128142
-0.20611272104945733,0,1.30601875303512,1.30601875303512
0.161267661082388,1,2.1834196457222226,2.1834196457222226
-0.7312758432403395,0,0.5599509153085069,0.5599509153085069
-0.2317875210735667,0,1.0999942219331502,1.0999942219331502
0.5965393211564636,1,0.39124496106919615,0.39124496106919615
-0.1078858366608999,0,-1.4526076472161322,-1.4526076472161322
0.13500765219595334,0,1.0547398031683382,0.254739803168338
-0.06932902197175239,0,2.1994551116177856,2.1994551116177856
-0.7007612549300561,0,1.1467901293172964,1.1467901293172964
0.3179045047647957,0,1.6365530936207642,0.8365530936207642
0.2594742385871678,1,2.1909282683955773,2.1909282683955773
0.8436807856082607,1,4.010135986714513,4.010135986714513
-0.031761535781056116,1,0.27669579951661105,1.076695799516611
0.4039992062663469,0,2.052518810709146,1.2525188107091458
-0.8224441104607847,0,1.338734373162379,1.338734373162379
0.7877737258256241,1,1.1720958969316013,1.1720958969316013
-0.705541291927944,0,1.0166003843877414,1.0166003843877414
-0.1085324299150674,1,-1.0648661614656323,-0.26486616146563224
-0.46473926006630273,0,2.3518201726293784,2.3518201726293784
0.3141976705182048,1,3.416087034073745,3.416087034073745
0.7757308952898614,1,1.120941927654677,1.120941927654677
0.8149806716842496,1,2.8650013866518473,2.8650013866518473
-0.0014316161789964532,0,1.0412281603886466,1.0412281603886466
-0.05440608162860472,0,1.8661395650473664,1.8661395650473664
0.7028714845793578,1,2.7328609794220324,2.7328609794220324
-0.170239453107206,0,1.367701872461605,1.367701872461605
-0.5560821215373022,0,-0.13333367366679827,-0.13333367366679827
0.6792326342890289,0,0.11757756674375397,-0.6824224332562459
0.44652912596293115,1,3.693801710373185,3.693801710373185
-0.6164512813222274,1,1.3517317145056482,2.1517317145056483
0.06434256491589818,1,1.391306247107134,1.391306247107134
0.19396462482648769,1,2.837848855841643,2.837848855841643
0.7998970684011366,1,2.268790752635888,2.268790752635888
0.8513553040999153,1,1.8177533274577735,1.8177533274577735
-0.1682766878484636,0,2.1537085312372017,2.1537085312372017
0.18969287143504743,1,2.1671170835472267,2.1671170835472267
0.32104225313082213,1,2.230489194652485,2.230489194652485
-0.6118294882666857,0,-0.5383159012966228,-0.5383159012966228
0.11603975461436589,1,3.061320024497527,3.061320024497527
-0.09684225779152733,1,1.480820494325504,2.2808204943255044
-0.6023383978493337,1,1.4440235305094742,2.244023530509474
-0.5998695922120652,1,-1.073604441530316,-0.27360444153031604
0.25705122768339894,1,1.876994762296221,1.876994762296221
-0.6277650972016466,0,0.7779101738177536,0.7779101738177536
0.4210222898463132,1,2.4485390987970455,2.4485390987970455
0.4463038306245273,1,1.485877142968032,1.485877142968032
0.9389830356994071,0,4.63651751171534,3.83651751171534
0.9554472275235515,1,2.2216521650202714,2.2216521650202714
0.29775548049898903,1,3.0526991780539734,3.0526991780539734
0.4405759625802561,1,1.6788933076671644,1.6788933076671644
0.29133637568549675,1,1.097863735979013,1.097863735979013
-0.9914372844345052,1,0.5164238313402416,1.3164238313402419
0.8132293290955515,0,2.790684374314482,1.990684374314482
0.002801505442174834,1,1.953800813316753,1.953800813316753
-0.30915967061617655,0,1.482712139946789,1.482712139946789
0.6221134153396852,1,2.086984588631762,2.086984588631762
-0.8461517534011076,1,0.7447926040274522,1.5447926040274522
-0.8708264746381933,0,1.2087859451134864,1.2087859451134864
0.12266742266569253,0,2.125901657741651,1.3259016577416511
-0.9068722057437828,0,-0.19150179505358578,-0.19150179505358578
-0.46476034181166903,0,1.2290461753016775,1.2290461753016775
0.5503475019249686,1,3.586173824232484,3.586173824232484
-0.6534060531964234,0,2.044734960770995,2.044734960770995
0.348116808508081,1,1.313673213492189,1.313673213492189
0.5454132584756135,0,2.4285126695407375,1.6285126695407377
-0.054127691668480304,0,0.021745696863324837,0.021745696863324837
0.9602990440081225,0,1.483222989932499,0.6832229899324986
-0.06719036572619785,0,1.7333562803558296,1.7333562803558296
-0.5901289859981613,0,0.016575769092299852,0.016575769092299852
0.961057613779972,1,2.8339399594009516,2.8339399594009516
0.9054442764553308,1,2.8735949522762105,2.8735949522762105
0.49355545381354715,0,2.8891110793259704,2.0891110793259706
0.317589669480298,1,1.344328258050557,1.344328258050557
-0.8104693615989564,0,-1.1988555598015616,-1.1988555598015616
-0.20402165020031715,0,1.9768268207615338,1.9768268207615338
0.7613045465908019,1,2.2161849100396807,2.2161849100396807
0.35252609945258206,0,0.4997440021897399,-0.30025599781026013
-0.6435050984196078,0,-1.2314708873502531,-1.2314708873502531
-0.06565240134786698,1,0.308364739742072,1.108364739742072
0.2118039768310711,1,4.545342015548525,4.545342015548525
0.6847699795018063,1,3.691947613698666,3.691947613698666
-0.22899356106135182,0,0.4666257576131709,0.4666257576131709
0.4997757254955868,0,0.8773548608186188,0.07735486081861853
0.4903402546938189,0,1.249175185927769,0.44917518592776906
0.09127115817391873,1,2.5616390639682893,2.5616390639682893
0.10123520556216725,1,0.9083362998182449,0.9083362998182449
-0.5834839900983357,1,1.0126422234429382,1.8126422234429382
-0.10366752280674607,0,0.02247652300114833,0.02247652300114833
0.8781556468465144,1,1.3125562139876243,1.3125562139876243
0.01396696804128994,1,2.9033923099464527,2.9033923099464527
-0.8336393192409479,0,1.0096106759507895,1.0096106759507895
0.013516140564549195,1,1.8381740634819532,1.8381740634819532
0.7013603797715806,0,1.1198520379077928,0.3198520379077925
-0.7032253436527709,0,1.2584767349116535,1.2584767349116535
0.6362112231691404,1,2.3625877491552463,2.3625877491552463
0.8681798511056127,1,1.7565163220617177,1.7565163220617177
-0.26988938442693944,0,0.1807329257209791,0.1807329257209791
0.4061598461804514,1,3.5968219326804256,3.5968219326804256
0.23123211991750803,1,3.177855352396257,3.177855352396257
-0.15039884634771417,0,2.1297672623997586,2.1297672623997586
0.2949508705141428,1,1.381249241482109,1.381249241482109
0.23308190485465752,1,1.1592947306724652,1.1592947306724652
0.6473867352755958,1,0.817908315487959,0.817908315487959
-0.019197179387840047,0,3.544788857667198,3.544788857667198
-0.0604197284145791,0,1.2707040607056357,1.2707040607056357
-0.7092579313052436,0,1.6542121560371061,1.6542121560371061
-0.3092328974897005,0,-0.6631521094459099,-0.6631521094459099
0.009344267269102424,1,2.821033853490688,2.821033853490688
-0.38483133879807263,0,0.6343547629712425,0.6343547629712425
0.24577281767444004,1,1.6484053621277042,1.6484053621277042
0.3810859168286742,0,2.956116986389998,2.156116986389998
-0.07866440890228255,1,1.5732810226884606,2.373281022688461
0.14621423272531509,1,1.365138238807727,1.365138238807727
-0.5148263670290885,0,1.871920405203681,1.871920405203681
0.8278310562264994,1,1.6650868951318545,1.6650868951318545
-0.2592868986485284,1,-0.6005893612296039,0.199410638770396
0.2927427430145948,1,2.3018280389522547,2.3018280389522547
0.9087419765749627,1,3.6019123541368296,3.6019123541368296
0.6559221293731485,1,1.5798815896573686,1.5798815896573686
-0.8282174864153293,0,0.31174809110289076,0.31174809110289076
-0.886851831093268,1,0.8173990970528412,1.6173990970528411
-0.608820939615663,1,0.7559393600218285,1.5559393600218285
0.8140462578893133,0,1.1411078275427262,0.34110782754272595
-0.5572081309509926,0,-1.7489135262600968,-1.7489135262600968
0.7486408749647895,1,1.5202217208115623,1.5202217208115623
-0.34663977824456493,0,-0.5101504397770171,-0.5101504397770171
-0.2172401427328967,1,0.07469564203693035,0.8746956420369304
0.6145456193423606,1,1.439189351845851,1.439189351845851
-0.4519754629749122,0,0.8237756356046134,0.8237756356046134
0.9083976823061044,1,2.241646691240889,2.241646691240889
0.5469675433418311,0,2.5688948553434665,1.768894855343467
0.7443315239456858,1,1.5561112311864949,1.5561112311864949
-0.5339918574381273,0,-0.5856387021449537,-0.5856387021449537
0.9856515840773397,1,2.9486267550623886,2.9486267550623886
-0.30320518947079433,1,0.6512094799213759,1.4512094799213757
-0.6345117393164654,0,1.1017519002955056,1.1017519002955056
-0.31732129378261265,0,2.399467890349951,2.399467890349951
0.8717411052279622,0,0.4634364416909931,-0.3365635583090072
0.7776920796660183,1,2.529051079227733,2.529051079227733
0.5268591490678896,1,1.6597384711417185,1.6597384711417185
0.10755989708372815,1,0.21905383407834567,0.21905383407834567
-0.9692664424758766,0,0.5847853016853692,0.5847853016853692
-0.3727282450782534,0,0.12615428407280194,0.12615428407280194
-0.017768640567852323,0,0.5007610789104742,0.5007610789104742
0.17425902332990395,1,0.12191123579038043,0.12191123579038043
0.26006912823679085,1,1.7952334703986674,1.7952334703986674
0.9091023579203941,1,2.581684195694819,2.581684195694819
-0.03833305327191949,0,1.5161807184606597,1.5161807184606597
-0.922127064489086,1,0.38647824391196767,1.1864782439119679
0.6096564955909884,1,2.705873197256965,2.705873197256965
0.7060320793843995,0,1.6472944538031675,0.8472944538031676
-0.33282539787999355,1,2.202070505922833,3.002070505922833
0.6328460768162292,1,1.7269621877185948,1.7269621877185948
-0.5955282568133358,0,0.06979132214474115,0.06979132214474115
0.17580362666069993,0,1.5153243345470302,0.7153243345470301
-0.20480446129111507,0,-0.7305346940244831,-0.7305346940244831
0.697923408989656,0,1.7711666411688476,0.9711666411688475
0.376255854841262,1,1.2330067102089965,1.2330067102089965
-0.04443144284748923,0,1.1028315060366438,1.1028315060366438
0.9433799837682357,1,2.3651432408154958,2.3651432408154958
0.8351970165493767,1,3.7259168117977968,3.7259168117977968
0.15395091762009994,1,2.496070539531286,2.496070539531286
0.2865018432966604,1,3.863408649554725,3.863408649554725
0.40027921013111856,1,1.5048753581236434,1.5048753581236434
-0.020838195550371363,0,1.0172908281840782,1.0172908281840782
0.7598718225212977,0,1.333693979832061,0.5336939798320611
-0.03237617865687814,0,-0.10851839285258669,-0.10851839285258669
0.3226885272358029,1,3.5150181215593737,3.5150181215593737
0.856788286246448,0,1.9059758903815143,1.1059758903815142
0.9075594938907305,1,2.651002767647131,2.651002767647131
0.6475691808514474,0,2.179032102059493,1.3790321020594931
-0.3640235386190347,0,0.8336227201916597,0.8336227201916597
0.9178439035430292,0,2.5837761045498717,1.7837761045498715
0.9038951956185797,1,3.2054126662730007,3.2054126662730007
0.74064756548474,1,1.1573906976513944,1.1573906976513944
0.9610056637757003,0,2.433501473266475,1.6335014732664745
-0.1708598627371325,0,0.4517301644528186,0.4517301644528186
-0.12023597690130283,0,0.48906363067031233,0.48906363067031233
0.5107444521172351,1,2.0464372202780163,2.0464372202780163
-0.6332085331038415,0,0.5363859306520702,0.5363859306520702
0.6148252068049045,1,2.269901788255304,2.269901788255304
-0.1044467852524893,1,0.7804783499506898,1.5804783499506896
-0.7075128485435089,0,0.7786588038632366,0.7786588038632366
-0.34993853063902636,0,1.1709114425120999,1.1709114425120999
-0.6671046593643803,0,0.7399063053220157,0.7399063053220157
0.02400917413338366,0,0.3121547910226763,-0.48784520897732375
0.6072173045315139,1,1.7665066055963183,1.7665066055963183
-0.3626952380542383,0,1.3358754448744314,1.3358754448744314
-0.6060491999537612,0,1.0182594541577732,1.0182594541577732
0.14837734674169756,1,2.4995847638889512,2.4995847638889512
0.6730415489198007,1,1.8303389496021554,1.8303389496021554
-0.12268860556971095,1,0.9594864179757485,1.7594864179757486
-0.760658059447358,0,0.9462848230829594,0.9462848230829594
-0.07862230226799882,0,1.1986354746185126,1.1986354746185126
0.5268260655021355,0,2.449783384660825,1.6497833846608245
-0.0529198335911647,0,0.49037219303553675,0.49037219303553675
-0.444421915684033,0,1.1001130757469095,1.1001130757469095
0.6176109990776686,1,2.601976125174718,2.601976125174718
0.8598247659280476,1,2.825722374693107,2.825722374693107
0.11789663413980866,0,2.0088245320359435,1.2088245320359436
0.9490996629104989,1,2.64386237847576,2.64386237847576
0.9295802559152948,1,2.365376574416637,2.365376574416637
-0.2774225107234207,0,0.32214150270034914,0.32214150270034914
0.7877412824283334,1,1.2609489440488901,1.2609489440488901
-0.035671336767205464,1,1.6805520929045796,2.4805520929045795
-0.1273294471658013,1,1.644706774180394,2.444706774180394
-0.4701911608418623,0,1.8814832797597822,1.8814832797597822
0.3202878199781023,1,3.311862526658095,3.311862526658095
-0.4968407839702196,0,1.4608199888352051,1.4608199888352051
-0.6886696102948444,0,-0.025456025576884755,-0.025456025576884755
0.3145589651244334,1,2.6192698042184586,2.6192698042184586
0.14267764120261317,0,0.2773943773070533,-0.5226056226929467
-0.6849349494411205,0,2.208346120449664,2.208346120449664
0.8413328349272173,0,1.0310726426151735,0.23107264261517346
-0.04307872089778764,0,0.4619270910570791,0.4619270910570791
0.013148924547264684,1,1.7583010151962482,1.7583010151962482
-0.6486289651923103,0,1.3517723533282542,1.3517723533282542
0.2541241379154906,1,2.4679519773141436,2.4679519773141436
-0.4182056340651561,0,0.6586944920997365,0.6586944920997365
0.12850048046700335,0,2.940906339230514,2.140906339230514
0.5715610027295375,0,3.3462670433515997,2.5462670433516
-0.9921901566749893,0,0.23005980892882638,0.23005980892882638
0.7337273613869897,1,1.2327747817102124,1.2327747817102124
0.7218890408674834,1,1.5237363070761425,1.5237363070761425
-0.38522129911906977,1,1.9636313415262436,2.763631341526244
0.7104453213892887,1,1.7772707089294835,1.7772707089294835
0.767174852122692,0,1.860494763057675,1.0604947630576749
-0.712689060763839,1,2.0758702496265458,2.875870249626546
0.9256631620090852,1,3.5580955183546537,3.5580955183546537
0.07208493610724553,0,1.4112005511260117,0.6112005511260117
0.7856854706266674,1,1.9868195747615465,1.9868195747615465
0.39567554063209087,0,0.4136206796696562,-0.38637932033034383
-0.35841515262386636,0,0.17476404221174113,0.17476404221174113
0.518624928974249,1,2.153383724116357,2.153383724116357
-0.21946454994414166,0,-0.9189455506845131,-0.9189455506845131
0.8064246844056768,1,3.1281183782745745,3.1281183782745745
0.4123988182204361,0,1.650279510515003,0.850279510515003
0.39451307276650716,0,1.2114765886919443,0.41147658869194437
0.17133003564932237,1,1.8486008292090332,1.8486008292090332
0.9583809965537489,1,1.5993445883944246,1.5993445883944246
0.8106650954915262,1,1.493112408747896,1.493112408747896
-0.7846178895403946,1,0.39335214480249703,1.193352144802497
0.9343617411217766,0,4.188543221425896,3.3885432214258966
-0.2928482821366014,1,-0.4976666954809501,0.30233330451904994
-0.7726049337735448,1,-0.47998458666008414,0.3200154133399158
0.4893284130036517,0,3.4729001311508423,2.672900131150842
0.4232398479951347,1,1.2253808592642006,1.2253808592642006
0.5430749720782544,1,0.5513282769266157,0.5513282769266157
-0.7722706135510471,0,1.9056891751447778,1.9056891751447778
-0.1910968894557945,0,-0.738322716569528,-0.738322716569528
-0.6432412382130208,0,0.14973059372516417,0.14973059372516417
-0.04591443264586781,1,2.0490669032215023,2.8490669032215026
-0.11816674597012611,0,0.2576655958886712,0.2576655958886712
0.3162622602545482,0,2.407107081113007,1.607107081113007
0.3133388055749262,1,2.2923670712306015,2.2923670712306015
0.009281422282243712,1,2.7554577155407554,2.7554577155407554
-0.350458197154462,0,1.136760869174678,1.136760869174678
-0.5928763388232896,0,0.9058409986546707,0.9058409986546707
0.990494944625371,1,3.735033648673957,3.735033648673957
0.3211467683112874,1,1.1155703255312912,1.1155703255312912
0.031977687270536626,0,1.3039535007430456,0.5039535007430456
-0.08676083285588598,0,-0.011634729648720699,-0.011634729648720699
-0.5196732548307457,0,0.03585589108674403,0.03585589108674403
0.09772613174763478,0,1.989281256248917,1.189281256248917
0.0398907017429444,1,0.16591655788103532,0.16591655788103532
-0.031104070905201064,0,0.5560927653109896,0.5560927653109896
-0.298184599848625,0,1.3957637552402065,1.3957637552402065
-0.08298787234005078,0,0.3218549895770786,0.3218549895770786
0.385130343407992,0,2.096079404195658,1.2960794041956576
-0.3638831362257815,0,1.9210670575352333,1.9210670575352333
0.12412772872012479,1,3.1070795247915863,3.1070795247915863
0.10668153211767528,1,1.080832052102422,1.080832052102422
-0.602076087239652,0,1.5527193496516702,1.5527193496516702
-0.558354674094897,0,0.9477109978987031,0.9477109978987031
-0.7510648133932849,0,0.43473470101978323,0.43473470101978323
-0.03523037765333692,0,0.6043164105903069,0.6043164105903069
0.3921477119834711,0,0.889234767506454,0.08923476750645398
-0.19042149423694643,0,2.3544636335751052,2.3544636335751052
-0.36553724690764233,1,1.689605419404127,2.489605419404127
0.9743826742194395,1,2.079871691352966,2.079871691352966
0.05309830397001236,1,1.0738722080530123,1.0738722080530123
0.438041251791329,1,3.1020835862735554,3.1020835862735554
0.5841895495868425,0,2.3762795704389035,1.5762795704389037
0.07715809020528952,1,2.0163224325172475,2.0163224325172475
0.2688675423515752,0,1.2569289389727745,0.45692893897277453
-0.021919396517567247,0,1.4888332173527195,1.4888332173527195
0.050542425501953314,0,2.508387269884606,1.7083872698846063
0.9167916734472417,1,3.117830055409333,3.117830055409333
0.4396357147143277,0,1.7865126821709851,0.986512682170985
-0.08873485042015838,0,1.028878048256299,1.028878048256299
0.3799996225439035,1,2.1152558786399434,2.1152558786399434
-0.6883914503810715,0,0.887449640651022,0.887449640651022
-0.6091296808869266,1,1.0770914448664106,1.8770914448664109
-0.9922999796204752,0,0.8546214998305328,0.8546214998305328
-0.5307231233000547,0,1.5219594893302486,1.5219594893302486
-0.2144115673383029,0,1.0172919351444898,1.0172919351444898
0.8092528098044114,0,1.1848235556893492,0.3848235556893491
-0.3902643115811548,1,1.7541883089688577,2.5541883089688575
-0.07371487413877631,1,1.5411135455807732,2.3411135455807734
0.6728600454714024,1,2.7602415987018505,2.7602415987018505
0.8685512759740606,1,2.7725001853371163,2.7725001853371163
0.42732870804514733,1,0.9717697386857209,0.9717697386857209
-0.9563083343047845,0,0.3429836201275167,0.3429836201275167
0.014120460067337026,1,1.9341813994255297,1.9341813994255297
0.9906522767178525,1,3.0915255410094757,3.0915255410094757
-0.9090894906508384,0,0.4593634314322839,0.4593634314322839
0.042654707825529714,1,1.388751215841461,1.388751215841461
0.4462817129683372,1,-1.2362205798334935,-1.2362205798334935
0.5012121289376912,1,0.886053949326228,0.886053949326228
0.43405980353158036,1,2.5604473007145168,2.5604473007145168
-0.5746911361335669,0,0.22370249459994007,0.22370249459994007
-0.19897703762670615,0,0.5158429263579116,0.5158429263579116
-0.6767776717287424,0,0.22184803325172409,0.22184803325172409
0.31313865119358786,1,2.2286934940830676,2.2286934940830676
-0.26417175801139336,0,-0.850779973048951,-0.850779973048951
-0.5262680465116429,0,1.959141098637922,1.959141098637922
-0.6491185056209035,0,0.2762427785250311,0.2762427785250311
-0.621784522414927,0,0.45500859522195447,0.45500859522195447
-0.15753451954071807,0,0.6520771980502901,0.6520771980502901
-0.2767899717733735,0,0.8935808943924402,0.8935808943924402
-0.28222132184176996,0,-0.6329380085969514,-0.6329380085969514
-0.49973589256056483,0,-0.3866274513620953,-0.3866274513620953
0.8100976765697787,1,4.2589539223693125,4.2589539223693125
-0.330620889204867,1,1.0507693576983037,1.8507693576983038
0.8943892379734455,1,1.5623882197332282,1.5623882197332282
-0.6434870193630242,0,1.8631791842537608,1.8631791842537608
0.40689015153294394,0,2.252755877349277,1.4527558773492768
-0.022208365292613497,0,2.2817808835116393,2.2817808835116393
-0.6985271537783668,0,0.8637749019270559,0.8637749019270559
0.5993237696580604,1,2.967566307965421,2.967566307965421
-0.921934156148885,0,1.03837481023514,1.03837481023514
-0.9165988272320493,0,1.4693153876973604,1.4693153876973604
