"lower","upper","cover","simulation"
3.20653248373922,4.66013418292745,TRUE,1
2.6943179248522,3.9056820751478,TRUE,2
3.21112404121913,4.58887595878087,TRUE,3
3.22028707187238,4.44637959479429,TRUE,4
2.84877492542403,4.21789174124264,TRUE,5
2.53096790821302,3.73569875845365,TRUE,6
2.95053306138381,4.31613360528286,TRUE,7
2.60556289379513,3.99443710620487,TRUE,8
2.66305865011622,4.07027468321712,TRUE,9
2.37044798283763,3.82955201716237,TRUE,10
2.40785674997674,3.85880991668992,TRUE,11
2.87546812557573,4.2578652077576,TRUE,12
2.78442383052163,3.88224283614504,TRUE,13
2.83486913700031,4.23179752966635,TRUE,14
2.93900337824065,4.12766328842602,TRUE,15
2.59185106496303,4.00814893503697,TRUE,16
2.43927895804299,3.69405437529035,TRUE,17
2.86854673924292,4.26478659409041,TRUE,18
2.94893264250482,4.18440069082852,TRUE,19
2.19719360947468,3.46947305719199,FALSE,20
2.44551074275713,3.8878225905762,TRUE,21
2.53900337824065,3.72766328842602,TRUE,22
3.17972057742373,4.22027942257627,TRUE,23
3.21249379806584,4.45417286860082,TRUE,24
2.43486913700031,3.83179752966635,TRUE,25
3.30877926422738,4.49122073577262,TRUE,26
3.14119008331008,4.59214325002326,TRUE,27
2.50070210390206,3.69929789609794,TRUE,28
2.52301322099045,3.81032011234288,TRUE,29
3.40174474702495,4.66492191964172,TRUE,30
3.62343226369393,4.84323440297274,FALSE,31
3.39082634736305,4.54250698597028,TRUE,32
2.88207373046332,4.31792626953668,TRUE,33
2.17058360383287,3.29608306283379,FALSE,34
3.30562829357543,4.4277050397579,TRUE,35
3.08336151355052,4.38330515311615,TRUE,36
2.98089257610993,4.15244075722341,TRUE,37
2.57373129762334,3.95960203570999,TRUE,38
3.02665397833322,4.37334602166678,TRUE,39
3.03383271242535,4.36616728757465,TRUE,40
3.13738761643249,4.32927905023417,TRUE,41
2.88174730738056,4.11825269261944,TRUE,42
2.53096790821302,3.73569875845365,TRUE,43
3.35094453002634,4.44905546997366,TRUE,44
2.33659218262228,3.73007448404438,TRUE,45
3.29287022922591,4.70712977077409,TRUE,46
2.82951624855593,4.17048375144407,TRUE,47
2.6515901192891,4.01507654737757,TRUE,48
2.82801904635267,4.23864762031399,TRUE,49
3.03296669292482,4.23369997374185,TRUE,50
2.79630244169675,4.13703089163658,TRUE,51
3.13738761643249,4.32927905023417,TRUE,52
3.37058360383287,4.49608306283379,TRUE,53
2.37930567953364,3.68736098713303,TRUE,54
2.61559930917148,3.85106735749518,TRUE,55
3.00174474702495,4.26492191964171,TRUE,56
2.79630244169675,4.13703089163658,TRUE,57
2.673086576192,3.99358009047467,TRUE,58
3.67618133714179,4.59048532952488,FALSE,59
2.57164709332751,4.09501957333916,TRUE,60
2.9152102670268,4.15145639963986,TRUE,61
2.58447519263622,3.81552480736378,TRUE,62
3.00940374396037,4.2572629227063,TRUE,63
3.24368123319119,4.22298543347547,TRUE,64
2.87233671157398,4.06099662175935,TRUE,65
3.02665699625177,4.4400096704149,TRUE,66
2.88874273066759,4.04459060266575,TRUE,67
2.45435766292254,3.74564233707746,TRUE,68
2.40785674997674,3.85880991668992,TRUE,69
2.18225287133899,3.48441379532768,FALSE,70
3.28048232223177,4.45285101110157,TRUE,71
2.35053306138381,3.71613360528286,TRUE,72
2.72157252183417,4.1450941448325,TRUE,73
2.3427370772937,3.59059625603963,TRUE,74
2.91367896806308,4.08632103193692,TRUE,75
2.673086576192,3.99358009047467,TRUE,76
2.71832949500692,3.94833717165975,TRUE,77
2.79267480167477,4.0739918649919,TRUE,78
2.81080374318364,4.1225295901497,TRUE,79
2.76752390545412,4.03247609454588,TRUE,80
3.32146462420345,4.54520204246321,TRUE,81
3.06873165846967,4.397935008197,TRUE,82
2.95676559702726,4.17656773630607,TRUE,83
2.65479795753679,3.87853537579655,TRUE,84
2.73459270670179,4.19874062663154,TRUE,85
2.49015570956796,3.90984429043205,TRUE,86
2.13355739937784,3.3997759339555,FALSE,87
3.02837980356699,4.50495352976634,TRUE,88
2.87546812557573,4.2578652077576,TRUE,89
2.77783705271329,4.08882961395338,TRUE,90
3.24695326561819,4.55304673438181,TRUE,91
2.76820247033365,4.16513086299969,TRUE,92
2.43486913700031,3.83179752966635,TRUE,93
2.89229967222036,4.1743669944463,TRUE,94
2.93355739937784,4.1997759339555,TRUE,95
2.39550982251458,3.60449017748542,TRUE,96
2.49984446616991,3.76682220049676,TRUE,97
2.55618977138622,3.91047689528045,TRUE,98
2.92303822828965,4.14362843837702,TRUE,99
3.26873165846966,4.597935008197,TRUE,100
2.7427370772937,3.99059625603963,TRUE,101
2.87233671157398,4.06099662175935,TRUE,102
2.70532849160444,4.02800484172889,TRUE,103
2.70245423167283,4.09754576832717,TRUE,104
3.3583442909683,4.57498904236504,TRUE,105
2.5152102670268,3.75145639963986,TRUE,106
2.80674966424578,3.99325033575421,TRUE,107
2.63075106806109,4.03591559860558,TRUE,108
2.96752390545412,4.23247609454588,TRUE,109
2.84178707768645,4.22487958898022,TRUE,110
2.28661801453202,3.38004865213464,FALSE,111
2.91117038604662,4.22216294728671,TRUE,112
2.61719517683357,4.0494714898331,TRUE,113
2.8774704098503,4.18919625681636,TRUE,114
3.18916817664664,4.5441651566867,TRUE,115
2.91771145539272,4.41562187794061,TRUE,116
2.8002240660445,4.06644260062216,TRUE,117
2.62968343059302,4.10364990274031,TRUE,118
2.03383271242535,3.36616728757465,FALSE,119
3.27600588344881,4.59066078321786,TRUE,120
3.14119777498052,4.39213555835281,TRUE,121
3.00653248373922,4.46013418292745,TRUE,122
2.84401490776794,4.15598509223206,TRUE,123
2.06153619424185,3.40513047242481,FALSE,124
2.69907194973149,3.76759471693517,TRUE,125
2.69530688346159,3.97135978320508,TRUE,126
2.64842741362549,3.95157258637451,TRUE,127
2.76332781572432,4.10333885094235,TRUE,128
3.0834143969358,4.5165856030642,TRUE,129
2.66992551595562,4.06340781737772,TRUE,130
2.60837278722112,3.79162721277888,TRUE,131
2.92303822828965,4.14362843837702,TRUE,132
2.6562581568542,4.07707517647913,TRUE,133
3.1923366239271,4.4076633760729,TRUE,134
3.3537478972045,4.51291876946217,TRUE,135
2.9727413388455,4.16059199448783,TRUE,136
2.85637156162298,4.07696177171035,TRUE,137
2.86169330339253,4.2716400299408,TRUE,138
2.17056002472782,3.22943997527218,FALSE,139
2.8588413445091,4.1411586554909,TRUE,140
3.25637156162298,4.47696177171035,TRUE,141
3.40351666845045,4.59648333154955,TRUE,142
3.08336151355052,4.38330515311615,TRUE,143
2.495437056166,3.63789627716733,TRUE,144
2.78181466261492,4.28485200405174,TRUE,145
2.82123484767356,4.2454318189931,TRUE,146
3.07444152482664,4.19222514184003,TRUE,147
2.91367896806308,4.08632103193692,TRUE,148
3.15676559702726,4.37656773630607,TRUE,149
2.67741538482149,3.72258461517851,TRUE,150
3.20030110158479,4.39969889841521,TRUE,151
3.32303808356875,4.41029524976459,TRUE,152
2.32292482352087,3.7437418431458,TRUE,153
2.7421347922424,4.12453187442427,TRUE,154
2.66584416475039,4.00082250191628,TRUE,155
2.42123484767356,3.84543181899311,TRUE,156
2.70288766487646,3.96377900179021,TRUE,157
2.71263901286697,4.02069432046636,TRUE,158
3.23327720239892,4.36672279760108,TRUE,159
2.68781512243929,3.97885154422737,TRUE,160
2.68643110736019,3.91356889263981,TRUE,161
2.67540760537336,4.12459239462664,TRUE,162
2.7427370772937,3.99059625603963,TRUE,163
3.37787560914253,4.42212439085747,TRUE,164
3.18915885260034,4.344174480733,TRUE,165
3.14119777498052,4.39213555835281,TRUE,166
2.79075622236062,4.00924377763938,TRUE,167
2.97790704259215,4.35542629074118,TRUE,168
2.83492116284334,4.29841217049,TRUE,169
2.85138576074002,4.14861423925998,TRUE,170
3.36210372283267,4.504562943834,TRUE,171
2.88880233504956,4.31119766495044,TRUE,172
2.53052694280801,3.80280639052532,TRUE,173
2.90562829357543,4.0277050397579,TRUE,174
2.29712293178693,3.43621040154641,FALSE,175
3.04039796429001,4.42626870237666,TRUE,176
2.69907194973149,3.76759471693517,TRUE,177
2.74784800863194,4.18548532470139,TRUE,178
3.12146462420345,4.34520204246321,TRUE,179
2.5923366239271,3.8076633760729,TRUE,180
3.61669484688385,4.91663848644948,FALSE,181
2.01491030515605,3.18508969484395,FALSE,182
2.54714898889843,3.71951767776823,TRUE,183
2.70938137220949,4.09061862779051,TRUE,184
3.17490962640088,4.49175704026579,TRUE,185
3.00174474702495,4.26492191964171,TRUE,186
2.50824295973421,3.82509037359912,TRUE,187
2.79075622236062,4.00924377763938,TRUE,188
2.47018012007141,3.79648654659526,TRUE,189
2.83136713420967,4.03529953245699,TRUE,190
2.20417955157514,3.59582044842486,TRUE,191
2.53926794565449,3.86073205434552,TRUE,192
2.67864438855423,3.92135561144577,TRUE,193
2.64842741362549,3.95157258637451,TRUE,194
2.82951624855593,4.17048375144407,TRUE,195
2.66584416475039,4.00082250191628,TRUE,196
2.08336151355052,3.38330515311615,FALSE,197
3.1537478972045,4.31291876946217,TRUE,198
2.66335660248852,3.93664339751148,TRUE,199
2.99917749808372,4.33415583524961,TRUE,200
3.04108965315859,4.35891034684141,TRUE,201
2.63383271242535,3.96616728757465,TRUE,202
2.75049126742128,3.98284206591205,TRUE,203
2.53813047963281,3.79520285370052,TRUE,204
2.6515901192891,4.01507654737757,TRUE,205
3.31365654090669,4.55301012575997,TRUE,206
3.17512041101978,4.55821292231355,TRUE,207
3.28048232223177,4.45285101110156,TRUE,208
2.50748020762404,3.75918645904263,TRUE,209
2.56332781572432,3.90333885094235,TRUE,210
2.76820247033365,4.16513086299969,TRUE,211
2.80142108506617,4.19857891493383,TRUE,212
3.06873165846967,4.397935008197,TRUE,213
2.31263901286697,3.62069432046636,TRUE,214
3.00674966424579,4.19325033575421,TRUE,215
2.84401490776794,4.15598509223206,TRUE,216
2.61252135697588,3.98747864302412,TRUE,217
3.61995134786536,4.71338198546798,FALSE,218
2.493796844509,3.83953648882433,TRUE,219
3.13203079599464,4.46796920400536,TRUE,220
2.53926794565449,3.86073205434552,TRUE,221
3.06750249764751,4.26583083568582,TRUE,222
3.10230880356539,4.29769119643461,TRUE,223
3.06153619424185,4.40513047242481,TRUE,224
2.81136244075667,3.85530422591,TRUE,225
2.66829454593621,3.73170545406379,TRUE,226
2.7705427300757,4.09612393659097,TRUE,227
2.64842741362549,3.95157258637451,TRUE,228
2.67095405117348,3.92904594882652,TRUE,229
2.99862217158229,4.06804449508437,TRUE,230
2.67095405117348,3.92904594882652,TRUE,231
3.04010543721798,4.15989456278202,TRUE,232
2.99075622236062,4.20924377763938,TRUE,233
3.20479714629948,4.46186952036719,TRUE,234
3.06590398665149,4.20076268001518,TRUE,235
3.16135237968601,4.57198095364733,TRUE,236
2.44698987424003,3.68634345909331,TRUE,237
2.59486952757519,3.93846380575815,TRUE,238
3.33491620561347,4.66508379438653,TRUE,239
3.24854360036014,4.4847897329732,TRUE,240
2.76630002625815,3.96703330707518,TRUE,241
2.72157318086877,4.21176015246456,TRUE,242
2.65078649048947,4.21588017617719,TRUE,243
3.10050974319332,4.23282359014001,TRUE,244
2.76752390545412,4.03247609454588,TRUE,245
2.78778899186411,4.21221100813589,TRUE,246
3.3871668208195,4.4128331791805,TRUE,247
3.49229967222036,4.77436699444631,TRUE,248
3.14119777498052,4.39213555835281,TRUE,249
3.15456818100689,4.57876515232644,TRUE,250
3.69907194973149,4.76759471693517,FALSE,251
3.17490962640088,4.49175704026579,TRUE,252
2.91117038604662,4.22216294728671,TRUE,253
3.37199515827111,4.69467150839556,TRUE,254
2.98669884455716,4.27996782210951,TRUE,255
1.9152102670268,3.15145639963986,FALSE,256
3.13203079599464,4.46796920400536,TRUE,257
2.64108965315859,3.95891034684141,TRUE,258
3.54582713139918,4.78750620193416,FALSE,259
3.21112404121913,4.58887595878087,TRUE,260
2.69559520957687,4.10440479042313,TRUE,261
2.8549058551675,4.27842747816583,TRUE,262
2.6943179248522,3.9056820751478,TRUE,263
2.7705427300757,4.09612393659097,TRUE,264
3.30532849160444,4.62800484172889,TRUE,265
3.14893264250482,4.38440069082852,TRUE,266
3.09666114905765,4.43667218427568,TRUE,267
2.48258531648043,4.0507480168529,TRUE,268
3.25435766292254,4.54564233707746,TRUE,269
2.65584875576084,3.94415124423916,TRUE,270
2.57671290857252,3.82328709142748,TRUE,271
2.56519461513023,4.03480538486977,TRUE,272
2.51252656868337,3.62080676464996,TRUE,273
3.31365654090669,4.55301012575997,TRUE,274
2.43166166921233,3.701671664121,TRUE,275
3.5152102670268,4.75145639963987,FALSE,276
3.08311152010163,4.18355514656503,TRUE,277
2.36476456973864,3.70190209692803,TRUE,278
2.75049126742128,3.98284206591205,TRUE,279
3.1537478972045,4.31291876946217,TRUE,280
2.67884416996162,3.85448916337171,TRUE,281
2.88957360634448,4.11042639365552,TRUE,282
2.53203079599464,3.86796920400536,TRUE,283
2.63327720239892,3.76672279760108,TRUE,284
2.90387606340903,4.2294572699243,TRUE,285
3.40417955157514,4.79582044842486,TRUE,286
2.85138576074002,4.14861423925998,TRUE,287
2.64698987424003,3.88634345909331,TRUE,288
3.04108965315859,4.35891034684141,TRUE,289
2.94352740320932,4.32313926345734,TRUE,290
2.80351345340474,4.12981987992859,TRUE,291
3.28336151355052,4.58330515311615,TRUE,292
2.53052694280801,3.80280639052532,TRUE,293
2.69094468129513,4.0423886520382,TRUE,294
3.24428521211441,4.42238145455225,TRUE,295
2.90245423167283,4.29754576832717,TRUE,296
3.59417590744716,4.73915742588618,FALSE,297
2.52487122164771,3.87512877835229,TRUE,298
2.77441296881094,4.22558703118906,TRUE,299
2.88048232223177,4.05285101110157,TRUE,300
3.24737166107219,4.61929500559448,TRUE,301
2.88484265141122,4.18182401525544,TRUE,302
2.97790704259215,4.35542629074118,TRUE,303
2.50748020762404,3.75918645904263,TRUE,304
3.07600588344881,4.39066078321786,TRUE,305
2.88174730738056,4.11825269261944,TRUE,306
3.2694272383721,4.5305727616279,TRUE,307
2.82238324193507,4.17761675806493,TRUE,308
2.68386639471714,4.04946693861619,TRUE,309
2.70532849160444,4.02800484172889,TRUE,310
3.16904611246143,4.43095388753857,TRUE,311
2.52527403165708,3.67472596834292,TRUE,312
3.08643110736019,4.31356889263981,TRUE,313
3.09015570956796,4.50984429043204,TRUE,314
2.73781418800187,4.06218581199813,TRUE,315
3.45479795753679,4.67853537579655,TRUE,316
3.47444152482664,4.59222514184003,TRUE,317
3.16470046754301,4.36863286579033,TRUE,318
2.73416916431418,3.93249750235249,TRUE,319
3.20837278722112,4.39162721277888,TRUE,320
2.4927323669688,3.7072676330312,TRUE,321
2.58447519263622,3.81552480736378,TRUE,322
2.24182554746666,3.35817445253334,FALSE,323
3.04920313963025,4.21746352703641,TRUE,324
2.0943179248522,3.3056820751478,FALSE,325
3.0943179248522,4.3056820751478,TRUE,326
3.02864021679492,4.30469311653841,TRUE,327
3.23327720239892,4.36672279760108,TRUE,328
3.11117038604662,4.42216294728671,TRUE,329
2.41715793408795,3.64950873257872,TRUE,330
3.28486587804998,4.51513412195002,TRUE,331
3.63383271242535,4.96616728757465,FALSE,332
3.28386639471714,4.64946693861619,TRUE,333
2.74912619119995,4.11754047546671,TRUE,334
2.93059275513965,4.26940724486035,TRUE,335
2.84755924277659,4.01910742389007,TRUE,336
1.94102418679918,2.99230914653416,FALSE,337
2.70938137220949,4.09061862779051,TRUE,338
2.67686073654266,4.05647259679068,TRUE,339
3.72694962113639,4.87305037886361,FALSE,340
2.69094468129513,4.0423886520382,TRUE,341
2.69530688346159,3.97135978320508,TRUE,342
2.06750249764751,3.26583083568582,FALSE,343
2.9152102670268,4.15145639963986,TRUE,344
2.88952310471955,4.24381022861378,TRUE,345
3.03622099820979,4.29711233512354,TRUE,346
3.38669884455716,4.67996782210951,TRUE,347
2.72003217789049,4.01330115544284,TRUE,348
3.07600588344881,4.39066078321786,TRUE,349
2.90938137220949,4.29061862779051,TRUE,350
2.63383271242535,3.96616728757465,TRUE,351
2.41813925415349,3.78186074584651,TRUE,352
2.8433159103127,3.89001742302063,TRUE,353
2.83136713420967,4.03529953245699,TRUE,354
3.03383271242535,4.36616728757465,TRUE,355
2.26430124154635,3.46903209178698,FALSE,356
2.80351345340474,4.12981987992859,TRUE,357
2.81644485343497,3.91688847989837,TRUE,358
2.53521340590959,3.93145326075708,TRUE,359
2.59732933281799,4.06933733384868,TRUE,360
2.16764738056688,3.49901928609979,FALSE,361
2.94511524696957,4.25488475303043,TRUE,362
2.38253647296359,3.55079686036975,TRUE,363
2.93066266615132,4.40267066718201,TRUE,364
3.37210159718624,4.62789840281376,TRUE,365
2.99201282947647,4.34132050385687,TRUE,366
2.37044798283763,3.82955201716237,TRUE,367
3.13926794565448,4.46073205434551,TRUE,368
3.32303808356875,4.41029524976459,TRUE,369
3.00174474702495,4.26492191964171,TRUE,370
2.57783705271329,3.88882961395338,TRUE,371
2.78521346475437,4.08145320191229,TRUE,372
2.47965442711755,3.85367890621578,TRUE,373
2.55362040520571,3.77971292812762,TRUE,374
2.92303808356875,4.01029524976459,TRUE,375
2.60786444164719,3.85880222501948,TRUE,376
2.75479897382689,4.24520102617311,TRUE,377
2.72157252183417,4.1450941448325,TRUE,378
2.73059275513965,4.06940724486035,TRUE,379
3.08336151355052,4.38330515311615,TRUE,380
2.75618977138622,4.11047689528045,TRUE,381
3.18793876209795,4.27872790456872,TRUE,382
3.5722949602421,4.69437170642457,FALSE,383
2.73507808035829,3.99825525297505,TRUE,384
2.89984446616991,4.16682220049676,TRUE,385
3.0195509756386,4.3804490243614,TRUE,386
2.84178707768645,4.22487958898022,TRUE,387
3.18915885260034,4.344174480733,TRUE,388
3.12563717899165,4.54102948767501,TRUE,389
2.6495221479859,4.08381118534743,TRUE,390
2.97517202342396,4.22482797657604,TRUE,391
2.73781418800187,4.06218581199813,TRUE,392
2.58447519263622,3.81552480736378,TRUE,393
2.60933921678214,3.92399411655119,TRUE,394
2.61655613034277,3.78344386965723,TRUE,395
3.28661801453202,4.38004865213464,TRUE,396
2.67072094976583,3.86261238356751,TRUE,397
2.51252656868337,3.62080676464996,TRUE,398
2.73781418800187,4.06218581199813,TRUE,399
2.76332781572432,4.10333885094235,TRUE,400
3.14893264250482,4.38440069082852,TRUE,401
3.07600588344881,4.39066078321786,TRUE,402
2.75249862556762,4.04750137443238,TRUE,403
2.68708123053783,3.8462521027955,TRUE,404
2.63075106806109,4.03591559860558,TRUE,405
2.49229967222036,3.7743669944463,TRUE,406
2.54912619119995,3.91754047546672,TRUE,407
2.63940800551217,3.8272586611545,TRUE,408
2.85138576074002,4.14861423925998,TRUE,409
2.9152102670268,4.15145639963986,TRUE,410
3.098328335879,4.36833833078767,TRUE,411
2.40933921678214,3.72399411655119,TRUE,412
3.22968343059302,4.70364990274031,TRUE,413
2.95249862556762,4.24750137443238,TRUE,414
3.18374995565384,4.61625004434616,TRUE,415
2.48668886744791,3.84664446588543,TRUE,416
2.44698987424003,3.68634345909331,TRUE,417
3.04842741362549,4.35157258637451,TRUE,418
2.6169187646181,3.64974790204857,TRUE,419
2.82238324193507,4.17761675806493,TRUE,420
2.69809790307197,4.03523543026136,TRUE,421
3.32146462420345,4.54520204246321,TRUE,422
2.77783705271329,4.08882961395338,TRUE,423
2.50383414552338,3.89616585447662,TRUE,424
2.8549058551675,4.27842747816583,TRUE,425
2.23963188512266,3.56036811487734,TRUE,426
2.6943179248522,3.9056820751478,TRUE,427
2.59486952757519,3.93846380575815,TRUE,428
2.51077515491731,3.88922484508269,TRUE,429
2.98089257610993,4.15244075722341,TRUE,430
4.05071782590012,5.08261550743321,FALSE,431
2.86169330339253,4.2716400299408,TRUE,432
3.95964793237627,4.97368540095706,FALSE,433
3.58447519263622,4.81552480736378,FALSE,434
3.42501095763496,4.6416557090317,TRUE,435
3.18915885260034,4.344174480733,TRUE,436
2.77512041101978,4.15821292231355,TRUE,437
3.20030110158479,4.39969889841521,TRUE,438
2.98915885260034,4.144174480733,TRUE,439
3.1537478972045,4.31291876946217,TRUE,440
2.26992551595562,3.66340781737772,TRUE,441
2.90938137220949,4.29061862779051,TRUE,442
2.5599903295851,3.97334300374823,TRUE,443
3.20837278722112,4.39162721277888,TRUE,444
2.9722949602421,4.09437170642457,TRUE,445
3.01252135697588,4.38747864302412,TRUE,446
2.67072094976583,3.86261238356751,TRUE,447
3.18089257610993,4.35244075722341,TRUE,448
3.12694962113639,4.27305037886361,TRUE,449
3.16135237968601,4.57198095364733,TRUE,450
2.7421347922424,4.12453187442427,TRUE,451
3.26430124154635,4.46903209178698,TRUE,452
2.88874273066759,4.04459060266575,TRUE,453
3.1923366239271,4.4076633760729,TRUE,454
2.88957360634448,4.11042639365552,TRUE,455
2.91426459731776,4.01906873601557,TRUE,456
2.34221055779488,3.32445610887179,FALSE,457
2.92292482352087,4.3437418431458,TRUE,458
3.0943179248522,4.3056820751478,TRUE,459
2.83940800551217,4.0272586611545,TRUE,460
2.84010543721798,3.95989456278202,TRUE,461
2.36210372283267,3.504562943834,TRUE,462
2.78253647296359,3.95079686036975,TRUE,463
2.93355739937784,4.1997759339555,TRUE,464
2.86648908928386,3.93351091071614,TRUE,465
3.33507808035829,4.59825525297505,TRUE,466
2.59486952757519,3.93846380575815,TRUE,467
3.25435766292254,4.54564233707746,TRUE,468
2.88048232223177,4.05285101110157,TRUE,469
2.95996717269197,4.24003282730803,TRUE,470
2.82801904635267,4.23864762031399,TRUE,471
3.0234804777148,4.10985285561854,TRUE,472
2.93355739937784,4.1997759339555,TRUE,473
2.52487122164771,3.87512877835229,TRUE,474
3.06169330339253,4.4716400299408,TRUE,475
3.01374265083041,4.31959068250293,TRUE,476
2.43927895804299,3.69405437529035,TRUE,477
3.17671290857252,4.42328709142748,TRUE,478
2.73781418800187,4.06218581199813,TRUE,479
2.16820247033365,3.56513086299969,TRUE,480
2.95053306138381,4.31613360528286,TRUE,481
3.31365654090669,4.55301012575997,TRUE,482
3.18793876209795,4.27872790456872,TRUE,483
2.98492345262243,4.3484098807109,TRUE,484
2.88136662625041,3.98530004041625,TRUE,485
2.87018012007141,4.19648654659526,TRUE,486
2.63940800551217,3.8272586611545,TRUE,487
2.30660221157318,3.69339778842682,TRUE,488
3.14893264250482,4.38440069082852,TRUE,489
3.0195509756386,4.3804490243614,TRUE,490
2.84081354095737,4.09251979237596,TRUE,491
3.23317779950324,4.50015553383009,TRUE,492
2.34953521706723,3.65046478293277,TRUE,493
2.66584416475039,4.00082250191628,TRUE,494
2.74398316842391,3.85601683157609,TRUE,495
2.73016016300326,3.80317317033007,TRUE,496
3.36630002625815,4.56703330707518,TRUE,497
2.77056002472782,3.82943997527218,TRUE,498
2.64842741362549,3.95157258637451,TRUE,499
2.4774704098503,3.78919625681636,TRUE,500
2.56904611246143,3.83095388753857,TRUE,501
2.33659218262228,3.73007448404438,TRUE,502
2.59486952757519,3.93846380575815,TRUE,503
2.70288766487646,3.96377900179021,TRUE,504
2.83136713420967,4.03529953245699,TRUE,505
2.42413467785064,3.7091986554827,TRUE,506
2.41163246609237,3.58836753390763,TRUE,507
3.35696934445092,4.64303065554908,TRUE,508
2.92344839861882,4.27655160138118,TRUE,509
2.83317779950324,4.10015553383009,TRUE,510
2.82951624855593,4.17048375144407,TRUE,511
3.19730368842147,4.60269631157853,TRUE,512
2.86854673924292,4.26478659409041,TRUE,513
3.2908013445173,4.57586532214936,TRUE,514
2.99417752117567,4.272489145491,TRUE,515
2.72694962113639,3.87305037886361,TRUE,516
3.30951548985766,4.757151176809,TRUE,517
2.79267480167477,4.0739918649919,TRUE,518
2.27233671157398,3.46099662175935,FALSE,519
2.33195550491563,3.40137782841771,FALSE,520
3.02114845577263,4.31218487756071,TRUE,521
3.33370155498377,4.46629844501623,TRUE,522
2.35049126742128,3.58284206591205,TRUE,523
2.47164345044691,3.46168988288643,FALSE,524
2.3877503198673,3.74558301346604,TRUE,525
2.47709872544108,3.72290127455892,TRUE,526
2.33659218262228,3.73007448404438,TRUE,527
3.50070210390206,4.69929789609794,FALSE,528
2.79869976656217,4.00130023343783,TRUE,529
3.31696831256988,4.48303168743012,TRUE,530
2.75049126742128,3.98284206591205,TRUE,531
3.1727413388455,4.36059199448783,TRUE,532
2.78210825875736,4.15122507457597,TRUE,533
2.64284882319099,4.09048451014234,TRUE,534
2.77783705271329,4.08882961395338,TRUE,535
3.29809790307197,4.63523543026136,TRUE,536
2.54582713139918,3.78750620193416,TRUE,537
2.80786444164719,4.05880222501948,TRUE,538
2.34218509921431,3.65781490078569,TRUE,539
2.59867346810912,4.00132653189088,TRUE,540
3.28048232223177,4.45285101110156,TRUE,541
3.21249379806584,4.45417286860082,TRUE,542
3.10387606340903,4.4294572699243,TRUE,543
2.13935795397885,3.52730871268781,TRUE,544
2.28386639471714,3.64946693861619,TRUE,545
3.32292482352087,4.7437418431458,TRUE,546
2.47164345044691,3.46168988288643,FALSE,547
3.25435766292254,4.54564233707746,TRUE,548
2.78823984753544,4.27842681913123,TRUE,549
3.10594562470965,4.36072104195701,TRUE,550
2.56147136472987,3.83852863527013,TRUE,551
2.8083378783465,4.1916621216535,TRUE,552
2.78253647296359,3.95079686036975,TRUE,553
3.01491030515605,4.18508969484395,TRUE,554
3.38669884455716,4.67996782210951,TRUE,555
2.42501095763496,3.6416557090317,TRUE,556
3.02837980356699,4.50495352976634,TRUE,557
3.20351345340474,4.52981987992859,TRUE,558
2.44102927876718,3.62563738789948,TRUE,559
2.73781418800187,4.06218581199813,TRUE,560
3.32527403165708,4.47472596834292,TRUE,561
2.37210159718624,3.62789840281376,TRUE,562
2.43239079020242,3.76760920979758,TRUE,563
2.87401884869344,4.12598115130656,TRUE,564
3.16820247033365,4.56513086299969,TRUE,565
3.04875966078944,4.15124033921056,TRUE,566
3.24737166107219,4.61929500559448,TRUE,567
3.17512041101978,4.55821292231355,TRUE,568
2.6495221479859,4.08381118534743,TRUE,569
2.74784800863194,4.18548532470139,TRUE,570
2.38760765473737,3.61239234526263,TRUE,571
3.09666114905765,4.43667218427568,TRUE,572
2.73416916431418,3.93249750235249,TRUE,573
2.4919203358018,3.57474633086486,TRUE,574
2.90748020762404,4.15918645904263,TRUE,575
2.17972057742373,3.22027942257627,FALSE,576
2.88484265141122,4.18182401525544,TRUE,577
2.6943179248522,3.9056820751478,TRUE,578
3.20479714629948,4.46186952036719,TRUE,579
3.09666114905765,4.43667218427568,TRUE,580
3.00556289379513,4.39443710620487,TRUE,581
2.99075622236062,4.20924377763938,TRUE,582
3.04920313963025,4.21746352703641,TRUE,583
3.01374265083041,4.31959068250293,TRUE,584
3.61122661619144,4.72210671714189,FALSE,585
2.70938137220949,4.09061862779051,TRUE,586
3.2694272383721,4.5305727616279,TRUE,587
2.94352740320932,4.32313926345734,TRUE,588
2.84401490776794,4.15598509223206,TRUE,589
2.65867949614313,4.00798717052353,TRUE,590
2.8558348433133,4.21083182335336,TRUE,591
2.52487122164771,3.87512877835229,TRUE,592
2.67864438855423,3.92135561144577,TRUE,593
3.12937364316158,4.33729302350509,TRUE,594
2.53203079599464,3.86796920400536,TRUE,595
2.90938137220949,4.29061862779051,TRUE,596
2.727510854509,4.00582247882433,TRUE,597
2.44528176925855,3.55471823074145,TRUE,598
3.04842741362549,4.35157258637451,TRUE,599
2.45479795753679,3.67853537579655,TRUE,600
3.18967988765712,4.47698677900955,TRUE,601
2.68880233504956,4.11119766495044,TRUE,602
3.07864438855423,4.32135561144577,TRUE,603
2.76820247033365,4.16513086299969,TRUE,604
2.87546812557573,4.2578652077576,TRUE,605
3.37058360383287,4.49608306283379,TRUE,606
2.78106987128801,4.21893012871199,TRUE,607
2.73059275513965,4.06940724486035,TRUE,608
2.5283599700592,3.93830669660747,TRUE,609
3.16904611246143,4.43095388753857,TRUE,610
3.06854673924292,4.46478659409041,TRUE,611
2.55094453002634,3.64905546997366,TRUE,612
2.52157252183417,3.9450941448325,TRUE,613
3.37210159718624,4.62789840281376,TRUE,614
2.27709872544108,3.52290127455892,TRUE,615
2.24182554746666,3.35817445253334,FALSE,616
2.8558348433133,4.21083182335336,TRUE,617
3.04389405084599,4.28943928248735,TRUE,618
2.83317779950324,4.10015553383009,TRUE,619
3.03383271242535,4.36616728757465,TRUE,620
2.99201282947647,4.34132050385687,TRUE,621
3.04842741362549,4.35157258637451,TRUE,622
2.50748020762404,3.75918645904263,TRUE,623
2.78210825875736,4.15122507457597,TRUE,624
2.87233671157398,4.06099662175935,TRUE,625
2.7427370772937,3.99059625603963,TRUE,626
3.21112404121913,4.58887595878087,TRUE,627
2.38669884455716,3.67996782210951,TRUE,628
2.94511524696957,4.25488475303043,TRUE,629
3.45479795753679,4.67853537579655,TRUE,630
3.34953521706723,4.65046478293277,TRUE,631
2.65479795753679,3.87853537579655,TRUE,632
2.93900337824065,4.12766328842602,TRUE,633
2.87401884869344,4.12598115130656,TRUE,634
2.99075622236062,4.20924377763938,TRUE,635
3.65050686118843,4.74949313881157,FALSE,636
3.18225287133899,4.48441379532768,TRUE,637
3.27233671157398,4.46099662175935,TRUE,638
2.36476456973864,3.70190209692803,TRUE,639
3.08336151355052,4.38330515311615,TRUE,640
2.75618977138622,4.11047689528045,TRUE,641
2.73521340590959,4.13145326075708,TRUE,642
2.43239079020242,3.76760920979758,TRUE,643
2.8256330055537,4.10770032777964,TRUE,644
2.20605694895936,3.32727638437397,FALSE,645
2.98093126398443,4.08573540268224,TRUE,646
3.48668886744791,4.84664446588543,TRUE,647
2.63327720239892,3.76672279760108,TRUE,648
2.98089257610993,4.15244075722341,TRUE,649
2.82951624855593,4.17048375144407,TRUE,650
3.07864438855423,4.32135561144577,TRUE,651
2.78106987128801,4.21893012871199,TRUE,652
2.84401490776794,4.15598509223206,TRUE,653
2.93031558493166,4.06968441506834,TRUE,654
2.81559930917148,4.05106735749518,TRUE,655
2.86169330339253,4.2716400299408,TRUE,656
3.47709872544108,4.72290127455892,TRUE,657
2.6515901192891,4.01507654737757,TRUE,658
2.7427370772937,3.99059625603963,TRUE,659
2.5877503198673,3.94558301346604,TRUE,660
2.60263682744553,3.73069650588781,TRUE,661
2.88048232223177,4.05285101110157,TRUE,662
2.81817598474456,4.11515734858878,TRUE,663
2.92344839861882,4.27655160138118,TRUE,664
3.3427370772937,4.59059625603963,TRUE,665
2.83317779950324,4.10015553383009,TRUE,666
3.11775716385496,4.21557616947837,TRUE,667
2.90245423167283,4.29754576832717,TRUE,668
2.71484919109646,4.1518174755702,TRUE,669
2.68040931749707,3.98625734916959,TRUE,670
2.60389116364838,4.06277550301829,TRUE,671
2.43239079020242,3.76760920979758,TRUE,672
3.03622099820979,4.29711233512354,TRUE,673
3.07600588344881,4.39066078321786,TRUE,674
2.3940128337835,3.93932049954983,TRUE,675
3.01715793408795,4.24950873257872,TRUE,676
2.5421347922424,3.92453187442427,TRUE,677
3.08952310471955,4.44381022861378,TRUE,678
2.64108965315859,3.95891034684141,TRUE,679
3.2334937549076,4.63317291175907,TRUE,680
2.75618977138622,4.11047689528045,TRUE,681
2.77783705271329,4.08882961395338,TRUE,682
2.90748020762404,4.15918645904263,TRUE,683
2.35049126742128,3.58284206591205,TRUE,684
2.87540760537336,4.32459239462664,TRUE,685
2.26084257411382,3.40582409255284,FALSE,686
3.00174474702495,4.26492191964171,TRUE,687
2.95540939733425,4.11125726933241,TRUE,688
3.14893264250482,4.38440069082852,TRUE,689
3.2495221479859,4.68381118534743,TRUE,690
2.51484919109646,3.9518174755702,TRUE,691
2.54912619119995,3.91754047546671,TRUE,692
3.3583442909683,4.57498904236504,TRUE,693
3.07095405117348,4.32904594882652,TRUE,694
2.26430124154635,3.46903209178698,FALSE,695
2.7427370772937,3.99059625603963,TRUE,696
2.94511524696957,4.25488475303043,TRUE,697
2.28661801453202,3.38004865213464,FALSE,698
3.07546812557573,4.4578652077576,TRUE,699
2.70230880356539,3.89769119643461,TRUE,700
2.78778899186411,4.21221100813589,TRUE,701
2.87401884869344,4.12598115130656,TRUE,702
3.33507808035829,4.59825525297505,TRUE,703
3.24737166107219,4.61929500559448,TRUE,704
2.4694272383721,3.7305727616279,TRUE,705
3.0234804777148,4.10985285561854,TRUE,706
2.84010543721798,3.95989456278202,TRUE,707
2.97790704259215,4.35542629074118,TRUE,708
2.81451467529861,4.25215199136806,TRUE,709
2.88484265141122,4.18182401525544,TRUE,710
2.43927895804299,3.69405437529035,TRUE,711
3.37199515827111,4.69467150839556,TRUE,712
2.8002240660445,4.06644260062216,TRUE,713
3.01374265083041,4.31959068250293,TRUE,714
3.04737166107219,4.41929500559448,TRUE,715
3.1260081350081,4.40732519832523,TRUE,716
3.20351345340474,4.52981987992859,TRUE,717
2.82525366913514,3.9080796641982,TRUE,718
2.43927895804299,3.69405437529035,TRUE,719
2.97839974091343,4.42160025908657,TRUE,720
2.75049126742128,3.98284206591205,TRUE,721
3.18793876209795,4.27872790456872,TRUE,722
3.00174474702495,4.26492191964171,TRUE,723
2.45435766292254,3.74564233707746,TRUE,724
3.25637156162298,4.47696177171035,TRUE,725
3.43166166921233,4.701671664121,TRUE,726
2.63940800551217,3.8272586611545,TRUE,727
3.20030110158479,4.39969889841521,TRUE,728
2.4774704098503,3.78919625681636,TRUE,729
2.86169330339253,4.2716400299408,TRUE,730
2.77517202342396,4.02482797657604,TRUE,731
3.04842741362549,4.35157258637451,TRUE,732
2.99201282947647,4.34132050385687,TRUE,733
2.56332781572432,3.90333885094235,TRUE,734
2.95540939733425,4.11125726933241,TRUE,735
2.68781512243929,3.97885154422737,TRUE,736
2.74912619119995,4.11754047546671,TRUE,737
2.53052694280801,3.80280639052532,TRUE,738
3.06335660248852,4.33664339751148,TRUE,739
3.18447519263622,4.41552480736378,TRUE,740
2.58521346475437,3.88145320191229,TRUE,741
2.66421184766637,3.80245481900029,TRUE,742
2.63762805836758,4.02903860829908,TRUE,743
2.81451467529861,4.25215199136806,TRUE,744
2.82238324193507,4.17761675806493,TRUE,745
3.01374265083041,4.31959068250293,TRUE,746
2.298328335879,3.56833833078767,TRUE,747
2.65867949614313,4.00798717052353,TRUE,748
3.17058360383287,4.29608306283379,TRUE,749
2.46296910836342,3.80369755830325,TRUE,750
2.40351666845045,3.59648333154955,TRUE,751
2.76717640985999,3.89949025680668,TRUE,752
2.12658738321183,3.2067459501215,FALSE,753
2.85138576074002,4.14861423925998,TRUE,754
2.8588413445091,4.1411586554909,TRUE,755
3.35049126742128,4.58284206591205,TRUE,756
3.01469995958375,4.11863337374959,TRUE,757
2.90951548985766,4.35715117680901,TRUE,758
2.62394074150919,4.04272592515748,TRUE,759
3.42501095763496,4.6416557090317,TRUE,760
2.84081354095737,4.09251979237596,TRUE,761
2.95676559702726,4.17656773630607,TRUE,762
3.36210372283267,4.504562943834,TRUE,763
3.23317779950324,4.50015553383009,TRUE,764
3.31696831256988,4.48303168743012,TRUE,765
3.61122661619144,4.72210671714189,FALSE,766
2.56151403399343,3.7718192993399,TRUE,767
2.74119008331008,4.19214325002326,TRUE,768
2.20030110158479,3.39969889841521,FALSE,769
3.31263901286697,4.62069432046636,TRUE,770
2.7705427300757,4.09612393659097,TRUE,771
2.90553523035299,4.09446476964701,TRUE,772
2.718619963728,3.881380036272,TRUE,773
2.86854673924292,4.26478659409041,TRUE,774
2.9576113479618,4.30905531870487,TRUE,775
3.07600588344881,4.39066078321786,TRUE,776
2.63136713420967,3.83529953245699,TRUE,777
2.6002240660445,3.86644260062216,TRUE,778
3.41669484688385,4.71663848644948,TRUE,779
2.63075106806109,4.03591559860558,TRUE,780
2.33491620561347,3.66508379438653,TRUE,781
2.22777737704443,3.83888928962223,TRUE,782
2.71252656868337,3.82080676464996,TRUE,783
2.89750155833282,4.10249844166718,TRUE,784
3.59417590744716,4.73915742588618,FALSE,785
2.78521346475437,4.08145320191229,TRUE,786
2.64842741362549,3.95157258637451,TRUE,787
2.89666114905765,4.23667218427568,TRUE,788
2.34218509921431,3.65781490078569,TRUE,789
2.60933921678214,3.92399411655119,TRUE,790
2.62968343059302,4.10364990274031,TRUE,791
2.82801904635267,4.23864762031399,TRUE,792
2.56332781572432,3.90333885094235,TRUE,793
2.50824295973421,3.82509037359912,TRUE,794
2.78916817664664,4.1441651566867,TRUE,795
3.10050974319332,4.23282359014001,TRUE,796
2.94119777498052,4.19213555835281,TRUE,797
2.94893264250482,4.18440069082852,TRUE,798
3.07546812557573,4.4578652077576,TRUE,799
3.79267480167477,5.0739918649919,FALSE,800
2.62394074150919,4.04272592515748,TRUE,801
2.79869976656217,4.00130023343783,TRUE,802
2.94745288612467,4.05254711387533,TRUE,803
2.56151403399343,3.7718192993399,TRUE,804
2.66421184766637,3.80245481900029,TRUE,805
2.56519461513023,4.03480538486977,TRUE,806
3.32061169183199,4.67938830816801,TRUE,807
2.87018012007141,4.19648654659526,TRUE,808
3.16210372283267,4.304562943834,TRUE,809
2.62394074150919,4.04272592515748,TRUE,810
2.94893264250482,4.18440069082852,TRUE,811
2.97517202342396,4.22482797657604,TRUE,812
2.69559520957687,4.10440479042313,TRUE,813
2.86169330339253,4.2716400299408,TRUE,814
2.6195509756386,3.9804490243614,TRUE,815
2.56904611246143,3.83095388753857,TRUE,816
3.06335660248852,4.33664339751148,TRUE,817
3.08336151355052,4.38330515311615,TRUE,818
2.48708123053783,3.6462521027955,TRUE,819
3.17512041101978,4.55821292231355,TRUE,820
3.48311152010163,4.58355514656503,TRUE,821
3.60837278722112,4.79162721277888,FALSE,822
2.84401490776794,4.15598509223206,TRUE,823
2.97839974091343,4.42160025908657,TRUE,824
2.83317779950324,4.10015553383009,TRUE,825
3.16046351117567,4.506203155491,TRUE,826
2.41715793408795,3.64950873257872,TRUE,827
2.78916817664664,4.1441651566867,TRUE,828
3.35964793237627,4.37368540095706,TRUE,829
2.86296910836342,4.20369755830325,TRUE,830
3.06335660248852,4.33664339751148,TRUE,831
2.68643110736019,3.91356889263981,TRUE,832
3.00641990952533,4.326913423808,TRUE,833
2.69907194973149,3.76759471693517,TRUE,834
2.52157252183417,3.9450941448325,TRUE,835
3.34225640392032,4.45774359607968,TRUE,836
3.07864438855423,4.32135561144577,TRUE,837
2.4774704098503,3.78919625681636,TRUE,838
2.70818819440889,4.15847847225778,TRUE,839
3.19630244169675,4.53703089163658,TRUE,840
2.67095405117348,3.92904594882652,TRUE,841
3.15398542747099,4.44601457252901,TRUE,842
2.79267480167477,4.0739918649919,TRUE,843
3.25441698653396,4.6122496801327,TRUE,844
3.16046351117567,4.50620315549099,TRUE,845
2.96470046754301,4.16863286579033,TRUE,846
3.2927323669688,4.5072676330312,TRUE,847
2.3427370772937,3.59059625603963,TRUE,848
3.32937364316158,4.53729302350509,TRUE,849
2.46270697649491,3.67062635683842,TRUE,850
2.72157252183417,4.1450941448325,TRUE,851
3.30070210390206,4.49929789609794,TRUE,852
3.06854673924292,4.46478659409041,TRUE,853
2.93659218262228,4.33007448404438,TRUE,854
2.80674966424578,3.99325033575421,TRUE,855
3.14658524826896,4.45341475173104,TRUE,856
2.95249862556762,4.24750137443238,TRUE,857
3.02114845577263,4.31218487756071,TRUE,858
2.62485589703041,3.7751441029696,TRUE,859
2.58437812205939,4.08228854460728,TRUE,860
2.91459116855433,4.48540883144567,TRUE,861
2.40933921678214,3.72399411655119,TRUE,862
3.1537478972045,4.31291876946217,TRUE,863
3.00556289379513,4.39443710620487,TRUE,864
2.31426459731776,3.41906873601557,FALSE,865
2.35664526732615,3.91002139934052,TRUE,866
3.37930567953364,4.68736098713303,TRUE,867
2.99917749808372,4.33415583524961,TRUE,868
3.18225287133899,4.48441379532768,TRUE,869
2.48486587804998,3.71513412195002,TRUE,870
2.72344839861882,4.07655160138118,TRUE,871
2.77783705271329,4.08882961395338,TRUE,872
2.55398542747099,3.84601457252901,TRUE,873
2.68781512243929,3.97885154422737,TRUE,874
3.23327720239892,4.36672279760108,TRUE,875
3.42501095763496,4.6416557090317,TRUE,876
2.41715793408795,3.64950873257872,TRUE,877
3.34225640392032,4.45774359607968,TRUE,878
3.2234804777148,4.30985285561854,TRUE,879
3.01491030515605,4.18508969484395,TRUE,880
3.0834143969358,4.5165856030642,TRUE,881
3.07947555764616,4.05385777568717,TRUE,882
2.46184796672976,3.73815203327024,TRUE,883
2.62665397833322,3.97334602166678,TRUE,884
2.83158296006121,3.96841703993879,TRUE,885
2.68040931749707,3.98625734916959,TRUE,886
3.08952310471955,4.44381022861378,TRUE,887
2.5705427300757,3.89612393659097,TRUE,888
3.53926794565449,4.86073205434552,FALSE,889
2.94511524696957,4.25488475303043,TRUE,890
2.72344839861882,4.07655160138118,TRUE,891
2.78106987128801,4.21893012871199,TRUE,892
2.60933921678214,3.92399411655119,TRUE,893
2.89014714438146,3.9765195222852,TRUE,894
2.77783705271329,4.08882961395338,TRUE,895
2.53203079599464,3.86796920400536,TRUE,896
3.18225287133899,4.48441379532768,TRUE,897
3.27600588344881,4.59066078321786,TRUE,898
2.62394074150919,4.04272592515748,TRUE,899
2.91117038604662,4.22216294728671,TRUE,900
3.60627350694077,4.59372649305923,FALSE,901
3.18089257610993,4.35244075722341,TRUE,902
3.02665397833322,4.37334602166678,TRUE,903
2.69530688346159,3.97135978320508,TRUE,904
2.98291492446163,4.21708507553837,TRUE,905
2.75043910474927,3.9162275619174,TRUE,906
2.57671290857252,3.82328709142748,TRUE,907
2.79869976656217,4.00130023343783,TRUE,908
2.78778899186411,4.21221100813589,TRUE,909
2.72003217789049,4.01330115544284,TRUE,910
3.1537478972045,4.31291876946217,TRUE,911
3.05441698653396,4.4122496801327,TRUE,912
2.86430124154635,4.06903209178698,TRUE,913
2.38760765473737,3.61239234526263,TRUE,914
2.83420819501261,3.89912513832072,TRUE,915
3.47072094976583,4.66261238356751,TRUE,916
3.21112404121913,4.58887595878087,TRUE,917
3.33738761643249,4.52927905023417,TRUE,918
3.14658524826896,4.45341475173104,TRUE,919
2.59417590744716,3.73915742588618,TRUE,920
2.63383271242535,3.96616728757465,TRUE,921
2.99417752117567,4.272489145491,TRUE,922
2.53926794565449,3.86073205434552,TRUE,923
2.91854679808771,4.21478653524563,TRUE,924
2.40933921678214,3.72399411655119,TRUE,925
2.95053306138381,4.31613360528286,TRUE,926
3.22485589703041,4.37514410296959,TRUE,927
2.7583442909683,3.97498904236504,TRUE,928
2.6515901192891,4.01507654737757,TRUE,929
2.92193742325621,4.07806257674379,TRUE,930
3.30877926422738,4.49122073577262,TRUE,931
3.24148173147883,4.2918516018545,TRUE,932
3.118619963728,4.281380036272,TRUE,933
3.09208014415095,4.24125318918238,TRUE,934
3.03383271242535,4.36616728757465,TRUE,935
2.37436261210052,3.55897072123282,TRUE,936
2.43963188512266,3.76036811487734,TRUE,937
2.727510854509,4.00582247882433,TRUE,938
2.7705427300757,4.09612393659097,TRUE,939
2.76155529784749,3.83844470215251,TRUE,940
2.54225640392032,3.65774359607968,TRUE,941
2.67686073654265,4.05647259679068,TRUE,942
2.63075106806109,4.03591559860558,TRUE,943
2.59082548917645,4.07584117749022,TRUE,944
2.52487122164771,3.87512877835229,TRUE,945
3.48486587804998,4.71513412195002,TRUE,946
2.62413467785064,3.9091986554827,TRUE,947
2.02864021679492,3.30469311653841,FALSE,948
2.6002240660445,3.86644260062216,TRUE,949
2.88484265141122,4.18182401525544,TRUE,950
2.90748020762404,4.15918645904263,TRUE,951
2.72694962113639,3.87305037886361,TRUE,952
2.88952310471955,4.24381022861378,TRUE,953
3.05441698653396,4.4122496801327,TRUE,954
3.75043910474927,4.9162275619174,FALSE,955
3.32972531678288,4.73694134988378,TRUE,956
2.88245952453329,4.25087380880005,TRUE,957
3.47709872544108,4.72290127455892,TRUE,958
2.57783705271329,3.88882961395338,TRUE,959
2.88207373046332,4.31792626953668,TRUE,960
2.42820953554931,3.57179046445069,TRUE,961
2.602064991803,3.93126834153033,TRUE,962
2.91426459731776,4.01906873601557,TRUE,963
2.70288766487646,3.96377900179021,TRUE,964
2.90553523035299,4.09446476964701,TRUE,965
2.8558348433133,4.21083182335336,TRUE,966
2.73781418800187,4.06218581199813,TRUE,967
2.73521340590959,4.13145326075708,TRUE,968
2.53813047963281,3.79520285370052,TRUE,969
3.07600588344881,4.39066078321786,TRUE,970
3.08643110736019,4.31356889263981,TRUE,971
3.19719360947468,4.46947305719199,TRUE,972
2.94384589423771,4.38948743909562,TRUE,973
2.73507808035829,3.99825525297505,TRUE,974
2.53813047963281,3.79520285370052,TRUE,975
2.75618977138622,4.11047689528045,TRUE,976
2.77517202342396,4.02482797657604,TRUE,977
2.34352740320932,3.72313926345734,TRUE,978
2.41163246609237,3.58836753390763,TRUE,979
2.40174474702495,3.66492191964172,TRUE,980
2.58437812205939,4.08228854460728,TRUE,981
3.33659218262228,4.73007448404438,TRUE,982
2.42522739617968,3.77477260382032,TRUE,983
3.47072094976583,4.66261238356751,TRUE,984
2.36682708824093,3.7665062450924,TRUE,985
3.12937364316158,4.33729302350509,TRUE,986
2.53052694280801,3.80280639052532,TRUE,987
2.8774704098503,4.18919625681636,TRUE,988
3.1923366239271,4.4076633760729,TRUE,989
2.91117038604662,4.22216294728671,TRUE,990
2.61669484688385,3.91663848644948,TRUE,991
2.91618881465257,4.3504778520141,TRUE,992
2.94511524696957,4.25488475303043,TRUE,993
2.70230880356539,3.89769119643461,TRUE,994
2.72619767197228,3.94046899469439,TRUE,995
2.98669884455716,4.27996782210951,TRUE,996
2.78210825875736,4.15122507457597,TRUE,997
2.66270697649491,3.87062635683842,TRUE,998
3.0919203358018,4.17474633086486,TRUE,999
2.3427370772937,3.59059625603963,TRUE,1000
2.61252135697588,3.98747864302412,TRUE,1001
3.2256330055537,4.50770032777964,TRUE,1002
3.59486952757519,4.93846380575815,FALSE,1003
3.21112404121913,4.58887595878087,TRUE,1004
2.79472092298637,4.2719457436803,TRUE,1005
3.25071782590012,4.28261550743321,TRUE,1006
2.6562581568542,4.07707517647913,TRUE,1007
2.84854360036014,4.0847897329732,TRUE,1008
3.35049126742128,4.58284206591205,TRUE,1009
3.27600588344881,4.59066078321786,TRUE,1010
2.77544394674828,4.29122271991839,TRUE,1011
2.95540939733425,4.11125726933241,TRUE,1012
3.78442383052163,4.88224283614504,FALSE,1013
2.84178707768645,4.22487958898022,TRUE,1014
2.74912619119995,4.11754047546671,TRUE,1015
2.91738449256679,3.94928217409988,TRUE,1016
2.55618977138622,3.91047689528045,TRUE,1017
3.71056071751265,4.95610594915401,FALSE,1018
2.402064991803,3.73126834153034,TRUE,1019
2.54912619119995,3.91754047546672,TRUE,1020
2.8774704098503,4.18919625681636,TRUE,1021
2.90562829357543,4.0277050397579,TRUE,1022
2.65050686118843,3.74949313881157,TRUE,1023
2.46579732291557,3.86753601041777,TRUE,1024
3.07600588344881,4.39066078321786,TRUE,1025
2.68708123053783,3.8462521027955,TRUE,1026
3.29712293178693,4.43621040154641,TRUE,1027
2.88957360634448,4.11042639365552,TRUE,1028
2.53052694280801,3.80280639052532,TRUE,1029
2.97930567953364,4.28736098713303,TRUE,1030
3.0837724380826,4.24956089525073,TRUE,1031
2.40940374396037,3.6572629227063,TRUE,1032
3.63166166921233,4.901671664121,FALSE,1033
3.47018012007141,4.79648654659526,TRUE,1034
3.34551083662829,4.52115583003838,TRUE,1035
3.55540939733425,4.71125726933241,FALSE,1036
2.68207373046332,4.11792626953668,TRUE,1037
3.06335660248852,4.33664339751148,TRUE,1038
2.92972531678288,4.33694134988379,TRUE,1039
2.71832949500692,3.94833717165975,TRUE,1040
3.23395853517717,4.2327081314895,TRUE,1041
3.56904611246143,4.83095388753857,FALSE,1042
2.71263901286697,4.02069432046636,TRUE,1043
3.20837278722112,4.39162721277888,TRUE,1044
2.88952310471955,4.24381022861378,TRUE,1045
2.695437056166,3.83789627716733,TRUE,1046
2.80351345340474,4.12981987992859,TRUE,1047
2.72344839861882,4.07655160138118,TRUE,1048
2.78210825875736,4.15122507457597,TRUE,1049
2.79869976656217,4.00130023343783,TRUE,1050
2.76717640985999,3.89949025680668,TRUE,1051
2.89984446616991,4.16682220049676,TRUE,1052
2.68856256183014,4.17810410483653,TRUE,1053
2.93781418800187,4.26218581199813,TRUE,1054
3.0908013445173,4.37586532214936,TRUE,1055
2.493796844509,3.83953648882433,TRUE,1056
2.86430124154635,4.06903209178698,TRUE,1057
3.35209994838099,4.31456671828568,TRUE,1058
2.673086576192,3.99358009047467,TRUE,1059
2.97517202342396,4.22482797657604,TRUE,1060
2.93096790821302,4.13569875845365,TRUE,1061
2.82318638959133,3.97681361040867,TRUE,1062
2.51252656868337,3.62080676464996,TRUE,1063
3.24081354095737,4.49251979237596,TRUE,1064
2.96476456973864,4.30190209692803,TRUE,1065
3.05584875576084,4.34415124423916,TRUE,1066
3.03158296006121,4.16841703993879,TRUE,1067
2.80576436317066,4.39423563682934,TRUE,1068
2.47884416996162,3.65448916337171,TRUE,1069
2.62394074150919,4.04272592515748,TRUE,1070
2.20479714629948,3.46186952036719,FALSE,1071
2.43668097371309,3.56331902628691,TRUE,1072
2.75456818100689,4.17876515232644,TRUE,1073
3.098328335879,4.36833833078767,TRUE,1074
3.55094453002634,4.64905546997366,FALSE,1075
3.22522739617968,4.57477260382032,TRUE,1076
2.66584416475039,4.00082250191628,TRUE,1077
2.93781418800187,4.26218581199813,TRUE,1078
3.05953100530561,4.27380232802772,TRUE,1079
2.45435766292254,3.74564233707746,TRUE,1080
3.00605694895936,4.12727638437397,TRUE,1081
3.21817598474456,4.51515734858878,TRUE,1082
3.00674966424579,4.19325033575421,TRUE,1083
3.07558148534631,4.25775184798702,TRUE,1084
2.43668097371309,3.56331902628691,TRUE,1085
3.07600588344881,4.39066078321786,TRUE,1086
2.8558348433133,4.21083182335336,TRUE,1087
3.03622099820979,4.29711233512354,TRUE,1088
3.23623646439291,4.69709686894042,TRUE,1089
2.61051256090438,4.05615410576229,TRUE,1090
3.23327720239892,4.36672279760108,TRUE,1091
2.8083378783465,4.1916621216535,TRUE,1092
3.18915885260034,4.344174480733,TRUE,1093
2.655825519267,3.81084114739966,TRUE,1094
2.67686073654266,4.05647259679068,TRUE,1095
2.99869976656217,4.20130023343783,TRUE,1096
3.01715793408795,4.24950873257872,TRUE,1097
3.19719360947468,4.46947305719199,TRUE,1098
3.0837724380826,4.24956089525073,TRUE,1099
3.42820953554931,4.57179046445069,TRUE,1100
2.5283599700592,3.93830669660747,TRUE,1101
2.90387606340903,4.2294572699243,TRUE,1102
2.8002240660445,4.06644260062216,TRUE,1103
3.13355739937784,4.3997759339555,TRUE,1104
3.05584875576084,4.34415124423916,TRUE,1105
2.6943179248522,3.9056820751478,TRUE,1106
3.2927323669688,4.5072676330312,TRUE,1107
2.71637870191799,4.08362129808201,TRUE,1108
2.55321908257172,3.98011425076162,TRUE,1109
3.19719360947468,4.46947305719199,TRUE,1110
2.23317779950324,3.50015553383009,TRUE,1111
2.9999470198323,4.46671964683437,TRUE,1112
2.43486913700031,3.83179752966635,TRUE,1113
2.6169187646181,3.64974790204857,TRUE,1114
2.78210825875736,4.15122507457597,TRUE,1115
3.23317779950324,4.50015553383009,TRUE,1116
2.74912619119995,4.11754047546671,TRUE,1117
3.15335553411457,4.51331113255209,TRUE,1118
3.26153619424185,4.60513047242481,TRUE,1119
2.86296910836342,4.20369755830325,TRUE,1120
2.26992551595562,3.66340781737772,TRUE,1121
3.26430124154635,4.46903209178698,TRUE,1122
3.38760765473737,4.61239234526263,TRUE,1123
2.75996717269197,4.04003282730803,TRUE,1124
2.73507808035829,3.99825525297505,TRUE,1125
2.77783705271329,4.08882961395338,TRUE,1126
3.2694272383721,4.5305727616279,TRUE,1127
3.37210159718624,4.62789840281376,TRUE,1128
2.42501095763496,3.6416557090317,TRUE,1129
2.53986581707255,3.99346751626078,TRUE,1130
3.40417955157514,4.79582044842486,TRUE,1131
2.695437056166,3.83789627716733,TRUE,1132
3.12146462420345,4.34520204246321,TRUE,1133
2.73507808035829,3.99825525297505,TRUE,1134
3.15335553411457,4.51331113255209,TRUE,1135
3.09208014415095,4.24125318918238,TRUE,1136
2.98669884455716,4.27996782210951,TRUE,1137
2.59267480167477,3.8739918649919,TRUE,1138
2.56904611246143,3.83095388753857,TRUE,1139
3.13926794565448,4.46073205434551,TRUE,1140
3.3599903295851,4.77334300374823,TRUE,1141
3.72678896565323,4.73987770101344,FALSE,1142
2.43927895804299,3.69405437529035,TRUE,1143
2.3940128337835,3.93932049954983,TRUE,1144
2.65584875576084,3.94415124423916,TRUE,1145
2.2256330055537,3.50770032777964,TRUE,1146
2.87272361562603,3.99394305104064,TRUE,1147
3.03383271242535,4.36616728757465,TRUE,1148
2.53052694280801,3.80280639052532,TRUE,1149
2.64842741362549,3.95157258637451,TRUE,1150
3.21655613034277,4.38344386965723,TRUE,1151
2.59867346810912,4.00132653189088,TRUE,1152
2.4774704098503,3.78919625681636,TRUE,1153
2.77517202342396,4.02482797657604,TRUE,1154
3.44102927876718,4.62563738789948,TRUE,1155
2.5421347922424,3.92453187442427,TRUE,1156
3.05166282834025,4.28167050499308,TRUE,1157
2.28486587804998,3.51513412195002,TRUE,1158
2.33370155498377,3.46629844501623,FALSE,1159
2.74398316842391,3.85601683157609,TRUE,1160
2.54582713139918,3.78750620193416,TRUE,1161
3.30578683704138,4.29421316295862,TRUE,1162
2.53052694280801,3.80280639052532,TRUE,1163
3.00940374396037,4.2572629227063,TRUE,1164
2.51696831256988,3.68303168743012,TRUE,1165
2.97930567953364,4.28736098713303,TRUE,1166
2.63166166921233,3.901671664121,TRUE,1167
2.5695119974465,3.76382133588683,TRUE,1168
2.78521346475437,4.08145320191229,TRUE,1169
3.34218509921431,4.65781490078569,TRUE,1170
2.54912619119995,3.91754047546672,TRUE,1171
2.29615214568139,3.30384785431861,FALSE,1172
2.40174474702495,3.66492191964172,TRUE,1173
2.94119777498052,4.19213555835281,TRUE,1174
2.83158296006121,3.96841703993879,TRUE,1175
3.44920313963025,4.61746352703641,TRUE,1176
2.87546812557573,4.2578652077576,TRUE,1177
2.45220893052694,3.8811244028064,TRUE,1178
2.78916817664664,4.1441651566867,TRUE,1179
3.87233671157398,5.06099662175935,FALSE,1180
2.57783705271329,3.88882961395338,TRUE,1181
2.71040797458282,3.88959202541718,TRUE,1182
2.37980616385185,3.62019383614815,TRUE,1183
2.68040931749707,3.98625734916959,TRUE,1184
2.43927895804299,3.69405437529035,TRUE,1185
3.25250489114783,4.41416177551883,TRUE,1186
3.18793876209795,4.27872790456872,TRUE,1187
2.64182554746666,3.75817445253334,TRUE,1188
3.0943179248522,4.3056820751478,TRUE,1189
2.69809790307197,4.03523543026136,TRUE,1190
2.75618977138622,4.11047689528045,TRUE,1191
2.74119008331008,4.19214325002326,TRUE,1192
2.73781418800187,4.06218581199813,TRUE,1193
2.92972531678288,4.33694134988379,TRUE,1194
3.06873165846967,4.397935008197,TRUE,1195
3.09696166050558,4.50303833949442,TRUE,1196
2.80351345340474,4.12981987992859,TRUE,1197
2.28386639471714,3.64946693861619,TRUE,1198
3.41986178793615,4.58013821206385,TRUE,1199
3.25360093989538,4.21306572677128,TRUE,1200
2.79630244169675,4.13703089163658,TRUE,1201
2.51386953967272,4.01946379366062,TRUE,1202
2.91637870191799,4.28362129808201,TRUE,1203
3.05953100530561,4.27380232802772,TRUE,1204
2.64457370925882,4.02209295740785,TRUE,1205
2.05755193639108,3.14244806360892,FALSE,1206
2.99869976656217,4.20130023343783,TRUE,1207
3.23317779950324,4.50015553383009,TRUE,1208
2.99342016633971,4.47324650032696,TRUE,1209
2.68643110736019,3.91356889263981,TRUE,1210
2.93659218262228,4.33007448404438,TRUE,1211
3.36874686882035,4.43125313117965,TRUE,1212
2.54582713139918,3.78750620193416,TRUE,1213
2.84401490776794,4.15598509223206,TRUE,1214
2.72344839861882,4.07655160138118,TRUE,1215
2.67884416996162,3.85448916337171,TRUE,1216
2.61655613034277,3.78344386965723,TRUE,1217
2.79869976656217,4.00130023343783,TRUE,1218
2.79923731998482,3.93409601334851,TRUE,1219
2.87272361562603,3.99394305104064,TRUE,1220
2.80351345340474,4.12981987992859,TRUE,1221
2.78181466261492,4.28485200405174,TRUE,1222
2.94119777498052,4.19213555835281,TRUE,1223
2.88484265141122,4.18182401525544,TRUE,1224
2.16904611246143,3.43095388753857,FALSE,1225
2.83317779950324,4.10015553383009,TRUE,1226
3.29712293178693,4.43621040154641,TRUE,1227
2.63383271242535,3.96616728757465,TRUE,1228
2.5923366239271,3.8076633760729,TRUE,1229
2.76752390545412,4.03247609454588,TRUE,1230
3.11775716385496,4.21557616947837,TRUE,1231
2.68880233504956,4.11119766495044,TRUE,1232
2.84401490776794,4.15598509223206,TRUE,1233
2.52303822828965,3.74362843837702,TRUE,1234
3.06590398665149,4.20076268001518,TRUE,1235
2.99917749808372,4.33415583524961,TRUE,1236
3.17671290857252,4.42328709142748,TRUE,1237
2.718619963728,3.881380036272,TRUE,1238
3.13246398958223,4.53420267708443,TRUE,1239
2.96470046754301,4.16863286579033,TRUE,1240
2.55362040520571,3.77971292812762,TRUE,1241
2.96470046754301,4.16863286579033,TRUE,1242
2.68781512243929,3.97885154422737,TRUE,1243
2.50087486167928,3.56579180498739,TRUE,1244
2.51252656868337,3.62080676464996,TRUE,1245
3.07095405117348,4.32904594882652,TRUE,1246
2.38760765473737,3.61239234526263,TRUE,1247
2.81559930917148,4.05106735749518,TRUE,1248
3.54812000423298,4.51854666243369,FALSE,1249
3.01715793408795,4.24950873257872,TRUE,1250
2.47011853959791,3.92988146040209,TRUE,1251
2.65584875576084,3.94415124423916,TRUE,1252
2.81559930917148,4.05106735749518,TRUE,1253
2.81080374318364,4.1225295901497,TRUE,1254
2.5695119974465,3.76382133588683,TRUE,1255
2.72157252183417,4.1450941448325,TRUE,1256
2.82238324193507,4.17761675806493,TRUE,1257
2.53203079599464,3.86796920400536,TRUE,1258
2.84178707768645,4.22487958898022,TRUE,1259
3.03296669292482,4.23369997374185,TRUE,1260
2.37199515827111,3.69467150839556,TRUE,1261
2.96752390545412,4.23247609454588,TRUE,1262
2.95868025556207,4.44131974443793,TRUE,1263
2.5923366239271,3.8076633760729,TRUE,1264
2.69559520957687,4.10440479042313,TRUE,1265
2.72942319730667,4.27057680269333,TRUE,1266
3.21655613034277,4.38344386965723,TRUE,1267
2.64457370925882,4.02209295740785,TRUE,1268
3.06750249764751,4.26583083568582,TRUE,1269
2.73459270670179,4.19874062663154,TRUE,1270
2.81491030515605,3.98508969484395,TRUE,1271
2.8774704098503,4.18919625681636,TRUE,1272
3.53370155498377,4.66629844501623,FALSE,1273
2.84401490776794,4.15598509223206,TRUE,1274
2.26430124154635,3.46903209178698,FALSE,1275
3.00641990952533,4.326913423808,TRUE,1276
2.21988574923838,3.64678091742828,TRUE,1277
3.54714898889844,4.71951767776823,FALSE,1278
2.66270697649491,3.87062635683842,TRUE,1279
2.61669484688385,3.91663848644948,TRUE,1280
3.13355739937784,4.3997759339555,TRUE,1281
3.53052694280801,4.80280639052532,FALSE,1282
3.3576113479618,4.70905531870487,TRUE,1283
2.72344839861882,4.07655160138118,TRUE,1284
2.82343226369393,4.04323440297274,TRUE,1285
3.06153619424185,4.40513047242481,TRUE,1286
2.63383271242535,3.96616728757465,TRUE,1287
3.02501095763496,4.2416557090317,TRUE,1288
2.86421184766637,4.00245481900029,TRUE,1289
2.84081354095737,4.09251979237596,TRUE,1290
2.65867949614313,4.00798717052353,TRUE,1291
2.80351345340474,4.12981987992859,TRUE,1292
2.78521346475437,4.08145320191229,TRUE,1293
2.86202422447967,3.87130910885367,TRUE,1294
2.93059275513965,4.26940724486035,TRUE,1295
3.02665397833322,4.37334602166678,TRUE,1296
2.35025209795143,3.3830812353819,FALSE,1297
3.03622099820979,4.29711233512354,TRUE,1298
2.5850937655511,4.0149062344489,TRUE,1299
3.21112404121913,4.58887595878087,TRUE,1300
2.55540939733425,3.71125726933241,TRUE,1301
2.81491030515605,3.98508969484395,TRUE,1302
2.99417752117567,4.272489145491,TRUE,1303
3.33507808035829,4.59825525297505,TRUE,1304
2.88245952453329,4.25087380880005,TRUE,1305
2.60556289379513,3.99443710620487,TRUE,1306
3.36476456973864,4.70190209692803,TRUE,1307
3.39417752117567,4.672489145491,TRUE,1308
2.62413467785064,3.9091986554827,TRUE,1309
2.70245423167283,4.09754576832717,TRUE,1310
2.53052694280801,3.80280639052532,TRUE,1311
2.53016016300326,3.60317317033007,TRUE,1312
3.45435766292254,4.74564233707746,TRUE,1313
2.68040931749707,3.98625734916959,TRUE,1314
2.91367896806308,4.08632103193692,TRUE,1315
2.66305865011622,4.07027468321712,TRUE,1316
3.31696831256988,4.48303168743012,TRUE,1317
3.0943179248522,4.3056820751478,TRUE,1318
3.1260081350081,4.40732519832523,TRUE,1319
2.7583442909683,3.97498904236504,TRUE,1320
2.89666114905765,4.23667218427568,TRUE,1321
2.95727407484252,4.37605925849081,TRUE,1322
3.40777485815997,4.52555847517336,TRUE,1323
2.71832949500692,3.94833717165975,TRUE,1324
2.39486952757519,3.73846380575815,TRUE,1325
2.4774704098503,3.78919625681636,TRUE,1326
3.1260081350081,4.40732519832523,TRUE,1327
3.23623646439291,4.69709686894042,TRUE,1328
2.48311152010163,3.58355514656503,TRUE,1329
3.05953100530561,4.27380232802772,TRUE,1330
2.54582713139918,3.78750620193416,TRUE,1331
2.8588413445091,4.1411586554909,TRUE,1332
2.78253647296359,3.95079686036975,TRUE,1333
2.99201282947647,4.34132050385687,TRUE,1334
2.78291492446163,4.01708507553837,TRUE,1335
3.10594562470965,4.36072104195701,TRUE,1336
2.99862217158229,4.06804449508437,TRUE,1337
2.91117038604662,4.22216294728671,TRUE,1338
3.05749301402972,4.20917365263695,TRUE,1339
3.26305865011622,4.67027468321712,TRUE,1340
3.06590398665149,4.20076268001518,TRUE,1341
2.88952310471955,4.24381022861378,TRUE,1342
2.57671290857252,3.82328709142748,TRUE,1343
2.26430124154635,3.46903209178698,FALSE,1344
2.2694272383721,3.5305727616279,TRUE,1345
3.0943179248522,4.3056820751478,TRUE,1346
2.68781512243929,3.97885154422737,TRUE,1347
2.2495221479859,3.68381118534743,TRUE,1348
2.67095405117348,3.92904594882652,TRUE,1349
2.15269870534046,3.24730129465954,FALSE,1350
2.78916817664664,4.1441651566867,TRUE,1351
3.3427370772937,4.59059625603963,TRUE,1352
2.87540760537336,4.32459239462664,TRUE,1353
2.94119777498052,4.19213555835281,TRUE,1354
2.62394074150919,4.04272592515748,TRUE,1355
2.32061169183199,3.67938830816801,TRUE,1356
2.60030110158479,3.79969889841521,TRUE,1357
2.51925162356692,3.54741504309975,TRUE,1358
2.718619963728,3.881380036272,TRUE,1359
2.88985481978134,4.37681184688533,TRUE,1360
3.06590398665149,4.20076268001518,TRUE,1361
3.46184796672976,4.73815203327024,TRUE,1362
3.31696831256988,4.48303168743012,TRUE,1363
2.69809790307197,4.03523543026136,TRUE,1364
3.11117038604662,4.42216294728671,TRUE,1365
3.11365654090669,4.35301012575997,TRUE,1366
2.8083378783465,4.1916621216535,TRUE,1367
3.08311152010163,4.18355514656503,TRUE,1368
2.655825519267,3.81084114739966,TRUE,1369
2.74119008331008,4.19214325002326,TRUE,1370
2.98915885260034,4.144174480733,TRUE,1371
3.098328335879,4.36833833078767,TRUE,1372
3.7427370772937,4.99059625603963,FALSE,1373
2.90387606340903,4.2294572699243,TRUE,1374
2.70230880356539,3.89769119643461,TRUE,1375
2.97096139170092,4.36237194163242,TRUE,1376
3.16904611246143,4.43095388753857,TRUE,1377
2.62968343059302,4.10364990274031,TRUE,1378
2.62394074150919,4.04272592515748,TRUE,1379
2.84877492542403,4.21789174124264,TRUE,1380
3.43963188512266,4.76036811487734,TRUE,1381
3.07095405117348,4.32904594882652,TRUE,1382
3.06335660248852,4.33664339751148,TRUE,1383
2.55618977138622,3.91047689528045,TRUE,1384
3.15676559702726,4.37656773630607,TRUE,1385
2.98695038567815,4.47971628098852,TRUE,1386
3.19719360947468,4.46947305719199,TRUE,1387
2.71484919109646,4.1518174755702,TRUE,1388
3.33251641018427,4.3341502564824,TRUE,1389
2.70288766487646,3.96377900179021,TRUE,1390
2.73016016300326,3.80317317033007,TRUE,1391
3.655825519267,4.81084114739966,FALSE,1392
2.69615214568139,3.70384785431861,TRUE,1393
2.87540760537336,4.32459239462664,TRUE,1394
2.97930567953364,4.28736098713303,TRUE,1395
2.94352740320932,4.32313926345735,TRUE,1396
3.79706347305125,4.73626986028208,FALSE,1397
2.36630002625815,3.56703330707518,TRUE,1398
2.78291492446163,4.01708507553837,TRUE,1399
3.38253647296359,4.55079686036975,TRUE,1400
2.89229967222036,4.1743669944463,TRUE,1401
2.37436261210052,3.55897072123282,TRUE,1402
2.97199515827111,4.29467150839556,TRUE,1403
2.655825519267,3.81084114739966,TRUE,1404
3.04875966078944,4.15124033921056,TRUE,1405
2.74511524696957,4.05488475303043,TRUE,1406
2.43239079020242,3.76760920979758,TRUE,1407
2.7283599700592,4.13830669660747,TRUE,1408
3.28610328297791,4.71389671702209,TRUE,1409
2.63383271242535,3.96616728757465,TRUE,1410
2.89559520957687,4.30440479042313,TRUE,1411
2.78916817664664,4.1441651566867,TRUE,1412
2.44695326561819,3.75304673438181,TRUE,1413
3.27741538482149,4.32258461517851,TRUE,1414
2.67095405117348,3.92904594882652,TRUE,1415
3.11775716385496,4.21557616947837,TRUE,1416
2.57783705271329,3.88882961395338,TRUE,1417
2.71484919109646,4.1518174755702,TRUE,1418
2.8558348433133,4.21083182335336,TRUE,1419
2.81817598474456,4.11515734858878,TRUE,1420
3.37436261210052,4.55897072123282,TRUE,1421
3.26084257411382,4.40582409255284,TRUE,1422
3.04842741362549,4.35157258637451,TRUE,1423
2.51778678023703,3.88221321976297,TRUE,1424
2.87401884869344,4.12598115130656,TRUE,1425
2.73781418800187,4.06218581199813,TRUE,1426
2.66829454593621,3.73170545406379,TRUE,1427
2.81491030515605,3.98508969484395,TRUE,1428
3.41669484688385,4.71663848644948,TRUE,1429
2.53813047963281,3.79520285370052,TRUE,1430
3.1260081350081,4.40732519832523,TRUE,1431
3.25932754856468,4.34067245143532,TRUE,1432
2.98669884455716,4.27996782210951,TRUE,1433
2.43296669292482,3.63369997374185,TRUE,1434
3.03383271242535,4.36616728757465,TRUE,1435
3.12563717899165,4.54102948767501,TRUE,1436
2.67741538482149,3.72258461517851,TRUE,1437
2.8367259607895,4.1632740392105,TRUE,1438
2.51077515491731,3.88922484508269,TRUE,1439
2.37436261210052,3.55897072123282,TRUE,1440
2.75618977138622,4.11047689528045,TRUE,1441
2.7705427300757,4.09612393659097,TRUE,1442
2.37199515827111,3.69467150839556,TRUE,1443
2.83136713420967,4.03529953245699,TRUE,1444
3.21249379806584,4.45417286860082,TRUE,1445
2.45749301402972,3.60917365263695,TRUE,1446
3.05441698653396,4.4122496801327,TRUE,1447
3.48311152010163,4.58355514656503,TRUE,1448
2.727510854509,4.00582247882433,TRUE,1449
2.78253647296359,3.95079686036975,TRUE,1450
2.82837980356699,4.30495352976634,TRUE,1451
2.51696831256988,3.68303168743012,TRUE,1452
2.65050686118843,3.74949313881157,TRUE,1453
2.74784800863194,4.18548532470139,TRUE,1454
2.67884416996162,3.85448916337171,TRUE,1455
2.87272361562603,3.99394305104064,TRUE,1456
2.44102927876718,3.62563738789948,TRUE,1457
2.99417752117567,4.272489145491,TRUE,1458
2.673086576192,3.99358009047467,TRUE,1459
3.18210825875736,4.55122507457597,TRUE,1460
3.14119777498052,4.39213555835281,TRUE,1461
3.26992551595562,4.66340781737772,TRUE,1462
3.5695119974465,4.76382133588683,FALSE,1463
2.64698987424003,3.88634345909331,TRUE,1464
2.76135237968601,4.17198095364733,TRUE,1465
2.78291492446163,4.01708507553837,TRUE,1466
2.31696831256988,3.48303168743012,FALSE,1467
2.62665397833322,3.97334602166678,TRUE,1468
2.75049126742128,3.98284206591205,TRUE,1469
2.52301322099045,3.81032011234288,TRUE,1470
2.77512041101978,4.15821292231355,TRUE,1471
2.83486913700031,4.23179752966635,TRUE,1472
2.61122661619144,3.72210671714189,TRUE,1473
2.70818819440889,4.15847847225778,TRUE,1474
2.97096139170092,4.36237194163242,TRUE,1475
2.42820953554931,3.57179046445069,TRUE,1476
2.59732933281799,4.06933733384868,TRUE,1477
3.22563300555369,4.50770032777964,TRUE,1478
3.01374265083041,4.31959068250293,TRUE,1479
2.87233671157398,4.06099662175935,TRUE,1480
2.98291492446163,4.21708507553837,TRUE,1481
2.98894293129054,3.9443904020428,TRUE,1482
2.82343226369393,4.04323440297274,TRUE,1483
3.73588943034892,4.66411056965108,FALSE,1484
2.95249862556762,4.24750137443238,TRUE,1485
2.49984446616991,3.76682220049676,TRUE,1486
2.61719517683357,4.0494714898331,TRUE,1487
3.41669484688385,4.71663848644948,TRUE,1488
3.05584875576084,4.34415124423916,TRUE,1489
3.24695326561819,4.55304673438181,TRUE,1490
3.24428521211441,4.42238145455225,TRUE,1491
2.91854679808771,4.21478653524563,TRUE,1492
3.02501095763496,4.2416557090317,TRUE,1493
3.30951548985766,4.757151176809,TRUE,1494
2.81559930917148,4.05106735749518,TRUE,1495
2.673086576192,3.99358009047467,TRUE,1496
2.77441296881094,4.22558703118906,TRUE,1497
3.38253647296359,4.55079686036975,TRUE,1498
3.57671290857252,4.82328709142748,FALSE,1499
3.10906676338753,4.2242665699458,TRUE,1500
2.8848283081017,3.9151716918983,TRUE,1501
2.76717640985999,3.89949025680668,TRUE,1502
2.6688022509535,4.1311977490465,TRUE,1503
2.68386639471714,4.04946693861619,TRUE,1504
3.17919323535004,4.28747343131663,TRUE,1505
2.65576739662222,4.14423260337778,TRUE,1506
3.14893264250482,4.38440069082852,TRUE,1507
2.70230880356539,3.89769119643461,TRUE,1508
2.53203079599464,3.86796920400536,TRUE,1509
2.52675349967304,4.00657983366029,TRUE,1510
2.55222264453019,4.04777735546981,TRUE,1511
3.01491030515605,4.18508969484395,TRUE,1512
3.66270697649491,4.87062635683842,FALSE,1513
3.1260081350081,4.40732519832523,TRUE,1514
2.59486952757519,3.93846380575815,TRUE,1515
2.88880233504956,4.31119766495044,TRUE,1516
2.6943179248522,3.9056820751478,TRUE,1517
3.1280542563197,4.60527907701363,TRUE,1518
2.727510854509,4.00582247882433,TRUE,1519
3.06873165846967,4.397935008197,TRUE,1520
2.91117038604662,4.22216294728671,TRUE,1521
2.80125937336846,4.26540729329821,TRUE,1522
2.5695119974465,3.76382133588683,TRUE,1523
2.2927323669688,3.5072676330312,TRUE,1524
3.18089257610993,4.35244075722341,TRUE,1525
3.14119777498052,4.39213555835281,TRUE,1526
2.53370155498377,3.66629844501623,TRUE,1527
2.99869976656217,4.20130023343783,TRUE,1528
2.69530688346159,3.97135978320508,TRUE,1529
2.45435766292254,3.74564233707746,TRUE,1530
2.60837278722112,3.79162721277888,TRUE,1531
3.34551083662829,4.52115583003838,TRUE,1532
2.33507808035828,3.59825525297505,TRUE,1533
3.07864438855423,4.32135561144577,TRUE,1534
3.45479795753679,4.67853537579655,TRUE,1535
3.34953521706723,4.65046478293277,TRUE,1536
2.42522739617968,3.77477260382032,TRUE,1537
3.05166282834025,4.28167050499308,TRUE,1538
2.90938137220949,4.29061862779051,TRUE,1539
2.6943179248522,3.9056820751478,TRUE,1540
2.79457210839801,4.20542789160199,TRUE,1541
3.5421347922424,4.92453187442427,FALSE,1542
2.53926794565449,3.86073205434552,TRUE,1543
3.04920313963025,4.21746352703641,TRUE,1544
2.47709872544108,3.72290127455892,TRUE,1545
3.1260081350081,4.40732519832523,TRUE,1546
2.75249862556762,4.04750137443238,TRUE,1547
2.76135237968601,4.17198095364733,TRUE,1548
2.50098071390021,3.83235261943312,TRUE,1549
2.14119008331008,3.59214325002326,TRUE,1550
2.91367896806308,4.08632103193692,TRUE,1551
3.35053306138381,4.71613360528286,TRUE,1552
3.4919203358018,4.57474633086486,TRUE,1553
3.02864021679492,4.30469311653841,TRUE,1554
2.89559520957687,4.30440479042313,TRUE,1555
3.14658524826896,4.45341475173104,TRUE,1556
2.88880233504956,4.31119766495044,TRUE,1557
2.90562829357543,4.0277050397579,TRUE,1558
2.77783705271329,4.08882961395338,TRUE,1559
3.05749301402972,4.20917365263695,TRUE,1560
2.42820953554931,3.57179046445069,TRUE,1561
2.50824295973421,3.82509037359912,TRUE,1562
2.59662950045869,3.60337049954131,TRUE,1563
3.01252135697588,4.38747864302412,TRUE,1564
2.53926794565449,3.86073205434552,TRUE,1565
2.82837980356699,4.30495352976634,TRUE,1566
2.58521346475437,3.88145320191229,TRUE,1567
3.15398542747099,4.44601457252901,TRUE,1568
3.0549058551675,4.47842747816583,TRUE,1569
2.7427370772937,3.99059625603963,TRUE,1570
3.06169330339253,4.4716400299408,TRUE,1571
2.50824295973421,3.82509037359912,TRUE,1572
2.81532454354612,4.18467545645388,TRUE,1573
2.65479795753679,3.87853537579655,TRUE,1574
2.94893264250482,4.18440069082852,TRUE,1575
2.79267480167477,4.0739918649919,TRUE,1576
2.24182554746666,3.35817445253334,FALSE,1577
3.05166282834025,4.28167050499308,TRUE,1578
2.93059275513965,4.26940724486035,TRUE,1579
2.84877492542403,4.21789174124264,TRUE,1580
3.00769085346584,4.05897581320082,TRUE,1581
2.61655613034277,3.78344386965723,TRUE,1582
3.23239079020242,4.56760920979758,TRUE,1583
3.72694962113639,4.87305037886361,FALSE,1584
2.90938137220949,4.29061862779051,TRUE,1585
2.95727407484252,4.37605925849081,TRUE,1586
2.69530688346159,3.97135978320508,TRUE,1587
2.95249862556762,4.24750137443238,TRUE,1588
2.98291492446163,4.21708507553837,TRUE,1589
3.14893264250482,4.38440069082852,TRUE,1590
2.61719517683357,4.0494714898331,TRUE,1591
2.63927895804299,3.89405437529035,TRUE,1592
2.47072094976583,3.66261238356751,TRUE,1593
2.50098071390021,3.83235261943312,TRUE,1594
2.70288766487646,3.96377900179021,TRUE,1595
2.66421184766637,3.80245481900029,TRUE,1596
2.63075106806109,4.03591559860558,TRUE,1597
3.14893264250482,4.38440069082852,TRUE,1598
3.05749301402972,4.20917365263695,TRUE,1599
2.32146462420345,3.54520204246321,TRUE,1600
3.27789328285811,4.38877338380856,TRUE,1601
2.84081354095737,4.09251979237596,TRUE,1602
2.69530688346159,3.97135978320508,TRUE,1603
2.79869976656217,4.00130023343783,TRUE,1604
2.53370155498377,3.66629844501623,TRUE,1605
3.41986178793615,4.58013821206385,TRUE,1606
3.0334937549076,4.43317291175907,TRUE,1607
2.23240528306483,3.30092805026851,FALSE,1608
2.60933921678214,3.92399411655119,TRUE,1609
2.50748020762404,3.75918645904263,TRUE,1610
2.70230880356539,3.89769119643461,TRUE,1611
2.9722949602421,4.09437170642457,TRUE,1612
3.13926794565448,4.46073205434551,TRUE,1613
2.95622403216761,4.04377596783239,TRUE,1614
2.34953521706723,3.65046478293277,TRUE,1615
2.4834143969358,3.9165856030642,TRUE,1616
3.02665397833322,4.37334602166678,TRUE,1617
2.89635009725969,4.37031656940698,TRUE,1618
2.59082548917645,4.07584117749022,TRUE,1619
2.673086576192,3.99358009047467,TRUE,1620
2.8256330055537,4.10770032777964,TRUE,1621
3.41986178793615,4.58013821206385,TRUE,1622
2.90290313105958,4.36376353560709,TRUE,1623
3.10594562470965,4.36072104195701,TRUE,1624
2.53900337824065,3.72766328842602,TRUE,1625
3.04010543721798,4.15989456278202,TRUE,1626
2.81080374318364,4.1225295901497,TRUE,1627
3.16210372283267,4.304562943834,TRUE,1628
2.48668886744791,3.84664446588543,TRUE,1629
2.24737166107219,3.61929500559448,TRUE,1630
2.74224815201298,3.92441851465369,TRUE,1631
3.60263682744553,4.73069650588781,FALSE,1632
3.14469577409,4.18863755924333,TRUE,1633
3.03622099820979,4.29711233512354,TRUE,1634
3.0570605906546,4.5429394093454,TRUE,1635
2.82837980356699,4.30495352976634,TRUE,1636
3.06335660248852,4.33664339751148,TRUE,1637
2.87018012007141,4.19648654659526,TRUE,1638
3.18793876209795,4.27872790456872,TRUE,1639
3.02864021679492,4.30469311653841,TRUE,1640
2.80351345340474,4.12981987992859,TRUE,1641
2.98089257610993,4.15244075722341,TRUE,1642
2.82525366913514,3.9080796641982,TRUE,1643
2.50070210390206,3.69929789609794,TRUE,1644
3.88874273066759,5.04459060266575,FALSE,1645
3.12937364316158,4.33729302350509,TRUE,1646
2.45435766292254,3.74564233707746,TRUE,1647
2.23239079020242,3.56760920979758,TRUE,1648
2.92292482352087,4.3437418431458,TRUE,1649
3.55775488757974,4.57557844575359,FALSE,1650
3.32972531678288,4.73694134988378,TRUE,1651
3.24081354095737,4.49251979237596,TRUE,1652
2.6515901192891,4.01507654737757,TRUE,1653
2.37373129762334,3.75960203570999,TRUE,1654
3.48484265141122,4.78182401525544,TRUE,1655
2.68040931749707,3.98625734916959,TRUE,1656
2.72127209543128,3.81206123790205,TRUE,1657
3.01252135697588,4.38747864302412,TRUE,1658
2.79630244169675,4.13703089163658,TRUE,1659
2.84178707768645,4.22487958898022,TRUE,1660
2.51484919109646,3.9518174755702,TRUE,1661
2.90748020762404,4.15918645904263,TRUE,1662
2.87233671157398,4.06099662175935,TRUE,1663
2.73059275513965,4.06940724486035,TRUE,1664
2.602064991803,3.93126834153033,TRUE,1665
2.84877492542403,4.21789174124264,TRUE,1666
2.95540939733425,4.11125726933241,TRUE,1667
3.05584875576084,4.34415124423916,TRUE,1668
2.40777485815997,3.52555847517336,TRUE,1669
3.17919323535004,4.28747343131663,TRUE,1670
2.26430124154635,3.46903209178698,FALSE,1671
2.89559520957687,4.30440479042313,TRUE,1672
2.50998257697937,3.5566840896873,TRUE,1673
2.48311152010163,3.58355514656503,TRUE,1674
3.18225287133899,4.48441379532768,TRUE,1675
2.52303822828965,3.74362843837702,TRUE,1676
3.05166282834025,4.28167050499308,TRUE,1677
2.85138576074002,4.14861423925998,TRUE,1678
2.78210825875736,4.15122507457597,TRUE,1679
3.22028707187238,4.44637959479429,TRUE,1680
2.8083378783465,4.1916621216535,TRUE,1681
2.9152102670268,4.15145639963986,TRUE,1682
2.03622099820979,3.29711233512354,FALSE,1683
2.83940800551217,4.0272586611545,TRUE,1684
3.04039796429001,4.42626870237666,TRUE,1685
2.78823984753544,4.27842681913123,TRUE,1686
3.18904533694623,4.21095466305377,TRUE,1687
2.70288766487646,3.96377900179021,TRUE,1688
3.06873165846967,4.397935008197,TRUE,1689
2.89014714438146,3.9765195222852,TRUE,1690
2.50824295973421,3.82509037359912,TRUE,1691
2.59185106496303,4.00814893503697,TRUE,1692
2.63136713420967,3.83529953245699,TRUE,1693
2.68856256183014,4.17810410483653,TRUE,1694
3.23327720239892,4.36672279760108,TRUE,1695
2.91117038604662,4.22216294728671,TRUE,1696
2.43668097371309,3.56331902628691,TRUE,1697
2.5705427300757,3.89612393659097,TRUE,1698
3.16046351117567,4.50620315549099,TRUE,1699
2.76820247033365,4.16513086299969,TRUE,1700
2.95996717269197,4.24003282730803,TRUE,1701
2.94352740320932,4.32313926345735,TRUE,1702
2.91618881465257,4.3504778520141,TRUE,1703
2.78916817664664,4.1441651566867,TRUE,1704
2.62413467785064,3.9091986554827,TRUE,1705
3.80674966424579,4.99325033575422,FALSE,1706
2.79267480167477,4.0739918649919,TRUE,1707
2.89750155833282,4.10249844166718,TRUE,1708
3.00556289379513,4.39443710620487,TRUE,1709
2.65584875576084,3.94415124423916,TRUE,1710
2.79869976656217,4.00130023343783,TRUE,1711
3.02864021679492,4.30469311653841,TRUE,1712
2.62485589703041,3.77514410296959,TRUE,1713
2.86648908928386,3.93351091071614,TRUE,1714
2.95676559702726,4.17656773630607,TRUE,1715
3.12658738321183,4.2067459501215,TRUE,1716
2.855825519267,4.01084114739967,TRUE,1717
3.06335660248852,4.33664339751148,TRUE,1718
2.118619963728,3.281380036272,FALSE,1719
2.97790704259215,4.35542629074118,TRUE,1720
3.0908013445173,4.37586532214936,TRUE,1721
2.94893264250482,4.18440069082852,TRUE,1722
2.30562829357543,3.4277050397579,FALSE,1723
3.098328335879,4.36833833078767,TRUE,1724
2.87233671157398,4.06099662175935,TRUE,1725
3.14893264250482,4.38440069082852,TRUE,1726
2.56682708824093,3.9665062450924,TRUE,1727
3.12694962113639,4.27305037886361,TRUE,1728
2.20479714629948,3.46186952036719,FALSE,1729
3.02864021679492,4.30469311653841,TRUE,1730
3.27709872544108,4.52290127455892,TRUE,1731
2.49015570956796,3.90984429043204,TRUE,1732
2.43963188512266,3.76036811487734,TRUE,1733
2.5923366239271,3.8076633760729,TRUE,1734
3.13355739937784,4.3997759339555,TRUE,1735
2.75618977138622,4.11047689528045,TRUE,1736
3.18916817664664,4.5441651566867,TRUE,1737
2.87018012007141,4.19648654659526,TRUE,1738
2.12487122164771,3.47512877835229,FALSE,1739
2.94511524696957,4.25488475303043,TRUE,1740
2.81451467529861,4.25215199136806,TRUE,1741
3.24081354095737,4.49251979237596,TRUE,1742
2.88174730738056,4.11825269261944,TRUE,1743
2.99417752117567,4.272489145491,TRUE,1744
2.97930567953364,4.28736098713303,TRUE,1745
3.07011853959791,4.52988146040209,TRUE,1746
2.60786444164719,3.85880222501948,TRUE,1747
3.06335660248852,4.33664339751148,TRUE,1748
3.30532849160444,4.62800484172889,TRUE,1749
2.7427370772937,3.99059625603963,TRUE,1750
3.32937364316158,4.53729302350509,TRUE,1751
3.26305865011622,4.67027468321712,TRUE,1752
2.50070210390206,3.69929789609794,TRUE,1753
2.95996717269197,4.24003282730803,TRUE,1754
2.56519461513023,4.03480538486977,TRUE,1755
2.9152102670268,4.15145639963986,TRUE,1756
2.4558348433133,3.81083182335336,TRUE,1757
2.99869976656217,4.20130023343783,TRUE,1758
2.88952310471955,4.24381022861378,TRUE,1759
3.0334937549076,4.43317291175907,TRUE,1760
2.74398316842391,3.85601683157609,TRUE,1761
3.37210159718624,4.62789840281376,TRUE,1762
2.76127910578517,4.23872089421483,TRUE,1763
3.14893264250482,4.38440069082852,TRUE,1764
2.91618881465257,4.3504778520141,TRUE,1765
2.96476456973864,4.30190209692803,TRUE,1766
3.17671290857252,4.42328709142748,TRUE,1767
2.83940800551217,4.0272586611545,TRUE,1768
2.727510854509,4.00582247882433,TRUE,1769
2.9505285101669,4.38280482316643,TRUE,1770
2.71040797458282,3.88959202541718,TRUE,1771
2.48486587804998,3.71513412195002,TRUE,1772
2.65867949614313,4.00798717052353,TRUE,1773
3.02864021679492,4.30469311653841,TRUE,1774
2.91117038604662,4.22216294728671,TRUE,1775
3.0195509756386,4.3804490243614,TRUE,1776
3.10594562470965,4.36072104195701,TRUE,1777
3.38253647296359,4.55079686036975,TRUE,1778
2.71484919109646,4.1518174755702,TRUE,1779
2.67272361562603,3.79394305104064,TRUE,1780
2.84875966078944,3.95124033921056,TRUE,1781
3.21080374318364,4.5225295901497,TRUE,1782
2.46184796672976,3.73815203327024,TRUE,1783
2.48311152010163,3.58355514656503,TRUE,1784
3.28336151355052,4.58330515311615,TRUE,1785
2.79923731998482,3.93409601334851,TRUE,1786
2.94893264250482,4.18440069082852,TRUE,1787
3.02864021679492,4.30469311653841,TRUE,1788
2.8558348433133,4.21083182335336,TRUE,1789
2.7583442909683,3.97498904236504,TRUE,1790
2.67072094976583,3.86261238356751,TRUE,1791
3.32937364316158,4.53729302350509,TRUE,1792
2.87018012007141,4.19648654659526,TRUE,1793
2.59267480167477,3.8739918649919,TRUE,1794
2.95676559702726,4.17656773630607,TRUE,1795
2.73507808035829,3.99825525297505,TRUE,1796
2.89750155833282,4.10249844166718,TRUE,1797
2.727510854509,4.00582247882433,TRUE,1798
2.77517202342396,4.02482797657604,TRUE,1799
2.74784800863194,4.18548532470139,TRUE,1800
2.41986178793615,3.58013821206385,TRUE,1801
2.86648908928386,3.93351091071614,TRUE,1802
2.67686073654265,4.05647259679068,TRUE,1803
2.8774704098503,4.18919625681636,TRUE,1804
2.94714898889843,4.11951767776823,TRUE,1805
2.64284882319099,4.09048451014234,TRUE,1806
3.14893264250482,4.38440069082852,TRUE,1807
2.2334937549076,3.63317291175907,TRUE,1808
2.8256330055537,4.10770032777964,TRUE,1809
2.28336151355052,3.58330515311615,TRUE,1810
3.16764738056688,4.49901928609979,TRUE,1811
2.9722949602421,4.09437170642457,TRUE,1812
2.32003217789049,3.61330115544284,TRUE,1813
3.12563717899165,4.54102948767501,TRUE,1814
2.47884416996162,3.65448916337171,TRUE,1815
3.718619963728,4.881380036272,FALSE,1816
2.87018012007141,4.19648654659526,TRUE,1817
2.91367896806308,4.08632103193692,TRUE,1818
2.89712293178693,4.03621040154641,TRUE,1819
2.97930567953364,4.28736098713303,TRUE,1820
2.65932754856468,3.74067245143532,TRUE,1821
2.67095405117348,3.92904594882652,TRUE,1822
2.67686073654266,4.05647259679068,TRUE,1823
2.80351345340474,4.12981987992859,TRUE,1824
3.11854679808771,4.41478653524563,TRUE,1825
2.39486952757519,3.73846380575815,TRUE,1826
3.41669484688385,4.71663848644948,TRUE,1827
3.03383271242535,4.36616728757465,TRUE,1828
2.25441698653396,3.6122496801327,TRUE,1829
3.00605694895936,4.12727638437397,TRUE,1830
3.45479795753679,4.67853537579655,TRUE,1831
2.94511524696957,4.25488475303043,TRUE,1832
2.83486913700031,4.23179752966635,TRUE,1833
3.55540939733425,4.71125726933241,FALSE,1834
2.66584416475039,4.00082250191628,TRUE,1835
3.18915885260034,4.344174480733,TRUE,1836
2.80351345340474,4.12981987992859,TRUE,1837
3.13540215475454,4.26459784524546,TRUE,1838
2.68880233504956,4.11119766495044,TRUE,1839
3.04108965315859,4.35891034684141,TRUE,1840
2.74912619119995,4.11754047546671,TRUE,1841
3.31696831256988,4.48303168743012,TRUE,1842
2.41451467529861,3.85215199136806,TRUE,1843
2.52675349967304,4.00657983366029,TRUE,1844
3.01469995958375,4.11863337374959,TRUE,1845
2.89229967222036,4.1743669944463,TRUE,1846
2.73781418800187,4.06218581199813,TRUE,1847
3.11040797458282,4.28959202541718,TRUE,1848
3.14658524826896,4.45341475173104,TRUE,1849
3.23963188512266,4.56036811487734,TRUE,1850
2.96378959845359,4.10287706821307,TRUE,1851
2.54912619119995,3.91754047546672,TRUE,1852
3.2248558970304,4.37514410296959,TRUE,1853
3.2256330055537,4.50770032777964,TRUE,1854
2.88952310471955,4.24381022861378,TRUE,1855
2.39486952757519,3.73846380575815,TRUE,1856
3.01988574923838,4.44678091742828,TRUE,1857
3.06335660248852,4.33664339751148,TRUE,1858
1.655825519267,2.81084114739966,FALSE,1859
2.95996717269197,4.24003282730803,TRUE,1860
2.58447519263622,3.81552480736378,TRUE,1861
2.55618977138622,3.91047689528045,TRUE,1862
3.66270697649491,4.87062635683842,FALSE,1863
2.99417752117567,4.272489145491,TRUE,1864
2.6002240660445,3.86644260062216,TRUE,1865
2.64284882319099,4.09048451014234,TRUE,1866
2.94511524696957,4.25488475303043,TRUE,1867
3.16764738056688,4.49901928609979,TRUE,1868
3.03296669292482,4.23369997374185,TRUE,1869
3.2281807006601,4.43848596600657,TRUE,1870
2.87018012007141,4.19648654659526,TRUE,1871
2.69907194973149,3.76759471693517,TRUE,1872
2.75996717269197,4.04003282730803,TRUE,1873
2.89559520957687,4.30440479042313,TRUE,1874
2.75249862556762,4.04750137443238,TRUE,1875
3.0837724380826,4.24956089525073,TRUE,1876
2.9850937655511,4.4149062344489,TRUE,1877
3.40351666845045,4.59648333154955,TRUE,1878
2.70532849160444,4.02800484172889,TRUE,1879
3.25250489114783,4.41416177551883,TRUE,1880
2.51558620467232,3.81774712866101,TRUE,1881
2.86430124154635,4.06903209178698,TRUE,1882
2.67884416996162,3.85448916337171,TRUE,1883
2.63136713420967,3.83529953245699,TRUE,1884
2.95996717269197,4.24003282730803,TRUE,1885
2.71637870191799,4.08362129808201,TRUE,1886
3.4774704098503,4.78919625681637,TRUE,1887
2.86430124154635,4.06903209178698,TRUE,1888
2.87401884869344,4.12598115130656,TRUE,1889
2.99867346810912,4.40132653189088,TRUE,1890
2.60556289379513,3.99443710620487,TRUE,1891
2.89712293178693,4.03621040154641,TRUE,1892
2.94893264250482,4.18440069082852,TRUE,1893
2.81817598474456,4.11515734858878,TRUE,1894
2.9576113479618,4.30905531870487,TRUE,1895
2.45435766292254,3.74564233707746,TRUE,1896
2.6943179248522,3.9056820751478,TRUE,1897
3.05584875576084,4.34415124423916,TRUE,1898
2.59486952757519,3.93846380575815,TRUE,1899
3.04108965315859,4.35891034684141,TRUE,1900
2.84877492542403,4.21789174124264,TRUE,1901
3.19682682966993,4.26983983699674,TRUE,1902
3.13246398958223,4.53420267708443,TRUE,1903
2.35049126742128,3.58284206591205,TRUE,1904
3.2234804777148,4.30985285561854,TRUE,1905
2.43166166921233,3.701671664121,TRUE,1906
2.88484265141122,4.18182401525544,TRUE,1907
2.98291492446163,4.21708507553837,TRUE,1908
3.40417955157514,4.79582044842486,TRUE,1909
3.06153619424185,4.40513047242481,TRUE,1910
2.64457370925882,4.02209295740785,TRUE,1911
2.2334937549076,3.63317291175907,TRUE,1912
2.90245423167283,4.29754576832717,TRUE,1913
2.79267480167477,4.0739918649919,TRUE,1914
2.53919797696725,3.59413535636609,TRUE,1915
2.73059275513965,4.06940724486035,TRUE,1916
3.1260081350081,4.40732519832523,TRUE,1917
3.21249379806584,4.45417286860082,TRUE,1918
2.61669484688385,3.91663848644948,TRUE,1919
3.00641990952533,4.326913423808,TRUE,1920
2.47709872544108,3.72290127455892,TRUE,1921
2.57783705271329,3.88882961395338,TRUE,1922
2.8027743105947,4.33055902273863,TRUE,1923
3.09208014415095,4.24125318918238,TRUE,1924
2.38760765473737,3.61239234526263,TRUE,1925
2.73781418800187,4.06218581199813,TRUE,1926
3.18210825875736,4.55122507457597,TRUE,1927
3.29712293178693,4.43621040154641,TRUE,1928
3.03383271242535,4.36616728757465,TRUE,1929
3.26430124154635,4.46903209178698,TRUE,1930
3.10387606340903,4.4294572699243,TRUE,1931
3.11077515491731,4.48922484508269,TRUE,1932
2.52301322099045,3.81032011234288,TRUE,1933
3.22522739617968,4.57477260382032,TRUE,1934
2.51077515491731,3.88922484508269,TRUE,1935
3.12658738321183,4.2067459501215,TRUE,1936
2.98492345262243,4.3484098807109,TRUE,1937
2.86296910836342,4.20369755830325,TRUE,1938
2.98492345262243,4.3484098807109,TRUE,1939
3.24737166107219,4.61929500559448,TRUE,1940
2.8588413445091,4.1411586554909,TRUE,1941
2.34352740320932,3.72313926345734,TRUE,1942
2.47269128731219,3.86064204602115,TRUE,1943
3.37980616385185,4.62019383614815,TRUE,1944
2.89229967222036,4.1743669944463,TRUE,1945
3.2694272383721,4.5305727616279,TRUE,1946
2.8549058551675,4.27842747816583,TRUE,1947
3.00556289379513,4.39443710620487,TRUE,1948
3.03158296006121,4.16841703993879,TRUE,1949
2.60030110158479,3.79969889841521,TRUE,1950
2.89245871789966,4.44087461543368,TRUE,1951
3.50169359753595,4.43163973579739,FALSE,1952
2.64108965315859,3.95891034684141,TRUE,1953
2.84755924277659,4.01910742389007,TRUE,1954
3.37787560914253,4.42212439085747,TRUE,1955
3.19298580005101,4.14034753328233,TRUE,1956
2.59267480167477,3.8739918649919,TRUE,1957
2.95868025556207,4.44131974443793,TRUE,1958
2.49696166050558,3.90303833949442,TRUE,1959
3.54839337123913,4.5849399620942,FALSE,1960
2.73507808035829,3.99825525297505,TRUE,1961
3.02114845577263,4.31218487756071,TRUE,1962
2.43296669292482,3.63369997374185,TRUE,1963
2.855825519267,4.01084114739967,TRUE,1964
3.26930349411219,4.39736317255447,TRUE,1965
3.24695326561819,4.55304673438181,TRUE,1966
3.1260081350081,4.40732519832523,TRUE,1967
2.56147136472987,3.83852863527013,TRUE,1968
2.91117038604662,4.22216294728671,TRUE,1969
3.15335553411457,4.51331113255209,TRUE,1970
2.02501095763496,3.2416557090317,FALSE,1971
3.15335553411457,4.51331113255209,TRUE,1972
2.0908013445173,3.37586532214936,FALSE,1973
2.91854679808771,4.21478653524563,TRUE,1974
2.99201282947647,4.34132050385687,TRUE,1975
2.37930567953364,3.68736098713303,TRUE,1976
2.89984446616991,4.16682220049676,TRUE,1977
2.84178707768645,4.22487958898022,TRUE,1978
3.45749301402972,4.60917365263695,TRUE,1979
2.90245423167283,4.29754576832717,TRUE,1980
3.53900337824065,4.72766328842602,FALSE,1981
2.70288766487646,3.96377900179021,TRUE,1982
3.04389405084599,4.28943928248735,TRUE,1983
2.57671290857252,3.82328709142748,TRUE,1984
3.08245952453328,4.45087380880005,TRUE,1985
3.27600588344881,4.59066078321786,TRUE,1986
2.7081483981455,3.75851826852117,TRUE,1987
2.01491030515605,3.18508969484395,FALSE,1988
2.86638465008256,4.13361534991744,TRUE,1989
3.71252656868337,4.82080676464996,FALSE,1990
3.53919797696725,4.59413535636609,FALSE,1991
3.65932754856468,4.74067245143532,FALSE,1992
3.10906676338753,4.2242665699458,TRUE,1993
2.63940800551217,3.8272586611545,TRUE,1994
2.47444152482664,3.59222514184003,TRUE,1995
3.06854673924292,4.46478659409041,TRUE,1996
3.31263901286697,4.62069432046636,TRUE,1997
2.71738449256679,3.74928217409988,TRUE,1998
3.04875966078944,4.15124033921056,TRUE,1999
2.64108965315859,3.95891034684141,TRUE,2000
2.92303822828965,4.14362843837702,TRUE,2001
2.57761854544775,3.75571478788559,TRUE,2002
3.05584875576084,4.34415124423916,TRUE,2003
3.07600588344881,4.39066078321786,TRUE,2004
2.50824295973421,3.82509037359912,TRUE,2005
2.67095405117348,3.92904594882652,TRUE,2006
2.44920313963025,3.61746352703641,TRUE,2007
3.2927323669688,4.5072676330312,TRUE,2008
3.14658524826896,4.45341475173104,TRUE,2009
2.6943179248522,3.9056820751478,TRUE,2010
2.56147136472987,3.83852863527013,TRUE,2011
2.61051256090438,4.05615410576229,TRUE,2012
2.26305865011622,3.67027468321712,TRUE,2013
2.44877492542403,3.81789174124264,TRUE,2014
2.4774704098503,3.78919625681636,TRUE,2015
3.01469995958375,4.11863337374959,TRUE,2016
3.33507808035828,4.59825525297505,TRUE,2017
2.78521346475437,4.08145320191229,TRUE,2018
3.30877926422738,4.49122073577262,TRUE,2019
2.7705427300757,4.09612393659097,TRUE,2020
2.81817598474456,4.11515734858878,TRUE,2021
3.37919323535004,4.48747343131663,TRUE,2022
2.86296910836342,4.20369755830325,TRUE,2023
2.602064991803,3.93126834153033,TRUE,2024
3.04389405084599,4.28943928248735,TRUE,2025
3.20479714629948,4.46186952036719,TRUE,2026
3.75049126742128,4.98284206591205,FALSE,2027
2.88957360634448,4.11042639365552,TRUE,2028
2.88957360634448,4.11042639365552,TRUE,2029
2.7427370772937,3.99059625603963,TRUE,2030
2.86430124154635,4.06903209178698,TRUE,2031
3.11117038604662,4.42216294728671,TRUE,2032
2.7705427300757,4.09612393659097,TRUE,2033
2.64108965315859,3.95891034684141,TRUE,2034
2.79457210839801,4.20542789160199,TRUE,2035
2.61122661619144,3.72210671714189,TRUE,2036
3.098328335879,4.36833833078767,TRUE,2037
3.32937364316158,4.53729302350509,TRUE,2038
2.88874273066759,4.04459060266575,TRUE,2039
2.62665397833322,3.97334602166678,TRUE,2040
2.44698987424003,3.68634345909331,TRUE,2041
2.91854679808771,4.21478653524563,TRUE,2042
3.2234804777148,4.30985285561854,TRUE,2043
3.19754518099971,4.33578815233363,TRUE,2044
3.08643110736019,4.31356889263981,TRUE,2045
2.59267480167477,3.8739918649919,TRUE,2046
2.80351345340474,4.12981987992859,TRUE,2047
3.2927323669688,4.5072676330312,TRUE,2048
2.78210825875736,4.15122507457597,TRUE,2049
2.855825519267,4.01084114739967,TRUE,2050
2.93781418800187,4.26218581199813,TRUE,2051
3.14632109378422,4.52034557288245,TRUE,2052
2.56904611246143,3.83095388753857,TRUE,2053
2.84081354095737,4.09251979237596,TRUE,2054
2.5695119974465,3.76382133588683,TRUE,2055
3.06590398665149,4.20076268001518,TRUE,2056
2.75618977138622,4.11047689528045,TRUE,2057
3.14119777498052,4.39213555835281,TRUE,2058
2.5152102670268,3.75145639963986,TRUE,2059
2.78291492446163,4.01708507553837,TRUE,2060
2.62665397833322,3.97334602166678,TRUE,2061
2.9722949602421,4.09437170642457,TRUE,2062
3.13926794565448,4.46073205434551,TRUE,2063
3.24081354095737,4.49251979237596,TRUE,2064
2.08643110736019,3.31356889263981,FALSE,2065
2.97517202342396,4.22482797657604,TRUE,2066
2.94119777498052,4.19213555835281,TRUE,2067
2.98291492446163,4.21708507553837,TRUE,2068
3.30877926422738,4.49122073577262,TRUE,2069
2.84401490776794,4.15598509223206,TRUE,2070
2.45401803541049,3.54598196458951,TRUE,2071
2.75249862556762,4.04750137443238,TRUE,2072
2.91367896806308,4.08632103193692,TRUE,2073
2.38760765473737,3.61239234526263,TRUE,2074
2.15269870534046,3.24730129465954,FALSE,2075
2.13355739937784,3.3997759339555,FALSE,2076
2.84010543721798,3.95989456278202,TRUE,2077
3.10087486167928,4.16579180498739,TRUE,2078
3.25932754856468,4.34067245143532,TRUE,2079
2.98669884455716,4.27996782210951,TRUE,2080
2.6515901192891,4.01507654737757,TRUE,2081
2.47072094976583,3.66261238356751,TRUE,2082
2.93096790821302,4.13569875845365,TRUE,2083
3.07600588344881,4.39066078321786,TRUE,2084
2.88048232223177,4.05285101110157,TRUE,2085
3.05166282834025,4.28167050499308,TRUE,2086
3.09424723206546,4.10575276793454,TRUE,2087
3.17671290857252,4.42328709142748,TRUE,2088
3.15335553411457,4.51331113255209,TRUE,2089
2.8774704098503,4.18919625681636,TRUE,2090
2.65867949614313,4.00798717052353,TRUE,2091
2.74224815201298,3.92441851465369,TRUE,2092
2.71514799594826,4.21818533738508,TRUE,2093
2.69094468129513,4.0423886520382,TRUE,2094
2.83486913700031,4.23179752966635,TRUE,2095
2.49045876887399,3.50954123112601,TRUE,2096
3.43963188512266,4.76036811487734,TRUE,2097
2.39049445656431,3.80950554343569,TRUE,2098
3.00940374396037,4.2572629227063,TRUE,2099
3.25435766292254,4.54564233707746,TRUE,2100
2.64698987424003,3.88634345909331,TRUE,2101
2.82801904635267,4.23864762031399,TRUE,2102
2.69014714438146,3.7765195222852,TRUE,2103
3.00940374396037,4.2572629227063,TRUE,2104
3.37436261210052,4.55897072123282,TRUE,2105
2.66335660248852,3.93664339751148,TRUE,2106
3.23617866411317,4.4304880025535,TRUE,2107
2.82343226369393,4.04323440297274,TRUE,2108
3.098328335879,4.36833833078767,TRUE,2109
2.82343226369393,4.04323440297274,TRUE,2110
2.83317779950324,4.10015553383009,TRUE,2111
2.8083378783465,4.1916621216535,TRUE,2112
2.14658524826896,3.45341475173104,FALSE,2113
2.69014714438146,3.7765195222852,TRUE,2114
2.28336151355052,3.58330515311615,TRUE,2115
2.84081354095737,4.09251979237596,TRUE,2116
2.95622403216761,4.04377596783239,TRUE,2117
2.58093126398443,3.68573540268224,TRUE,2118
2.86430124154635,4.06903209178698,TRUE,2119
2.29094468129514,3.6423886520382,TRUE,2120
2.89984446616991,4.16682220049676,TRUE,2121
3.18915885260034,4.344174480733,TRUE,2122
3.67095405117348,4.92904594882652,FALSE,2123
2.81559930917148,4.05106735749518,TRUE,2124
2.70158782951,4.16507883715666,TRUE,2125
2.66421184766637,3.80245481900029,TRUE,2126
3.18225287133899,4.48441379532768,TRUE,2127
2.49229967222036,3.7743669944463,TRUE,2128
3.13556439538816,4.19776893794517,TRUE,2129
3.38760765473737,4.61239234526263,TRUE,2130
3.19630244169675,4.53703089163658,TRUE,2131
3.05441698653396,4.4122496801327,TRUE,2132
3.05749301402972,4.20917365263695,TRUE,2133
3.25637156162298,4.47696177171035,TRUE,2134
3.11854679808771,4.41478653524563,TRUE,2135
2.78106987128801,4.21893012871199,TRUE,2136
2.63166166921233,3.901671664121,TRUE,2137
2.54582713139918,3.78750620193416,TRUE,2138
2.94511524696957,4.25488475303043,TRUE,2139
2.70230880356539,3.89769119643461,TRUE,2140
3.38793876209795,4.47872790456872,TRUE,2141
3.21469995958375,4.31863337374959,TRUE,2142
3.39682682966993,4.46983983699674,TRUE,2143
2.93195550491563,4.00137782841771,TRUE,2144
2.32937364316158,3.53729302350509,TRUE,2145
3.16764738056688,4.49901928609979,TRUE,2146
2.95053306138381,4.31613360528286,TRUE,2147
2.41715793408795,3.64950873257872,TRUE,2148
2.98915885260034,4.144174480733,TRUE,2149
2.63136713420967,3.83529953245699,TRUE,2150
2.43166166921233,3.701671664121,TRUE,2151
2.9576113479618,4.30905531870487,TRUE,2152
3.327510854509,4.60582247882433,TRUE,2153
2.04842741362549,3.35157258637451,FALSE,2154
2.92344839861882,4.27655160138118,TRUE,2155
2.66992551595562,4.06340781737772,TRUE,2156
2.79923731998482,3.93409601334851,TRUE,2157
2.5877503198673,3.94558301346604,TRUE,2158
2.86638465008256,4.13361534991744,TRUE,2159
2.91367896806308,4.08632103193692,TRUE,2160
2.71832949500692,3.94833717165975,TRUE,2161
3.16147136472987,4.43852863527013,TRUE,2162
2.57373129762334,3.95960203570999,TRUE,2163
3.46373013971791,4.40293652694875,TRUE,2164
2.6002240660445,3.86644260062216,TRUE,2165
2.87401884869344,4.12598115130656,TRUE,2166
3.2694272383721,4.5305727616279,TRUE,2167
2.855825519267,4.01084114739967,TRUE,2168
3.4558348433133,4.81083182335336,TRUE,2169
2.59862217158229,3.66804449508437,TRUE,2170
3.20030110158479,4.39969889841521,TRUE,2171
2.86296910836342,4.20369755830325,TRUE,2172
2.72157252183417,4.1450941448325,TRUE,2173
2.8256330055537,4.10770032777964,TRUE,2174
3.33738761643249,4.52927905023417,TRUE,2175
3.03622099820979,4.29711233512354,TRUE,2176
2.78291492446163,4.01708507553837,TRUE,2177
3.17058360383287,4.29608306283379,TRUE,2178
2.9505285101669,4.38280482316643,TRUE,2179
2.29615214568139,3.30384785431861,FALSE,2180
3.49045876887399,4.50954123112601,TRUE,2181
3.26992551595562,4.66340781737772,TRUE,2182
2.71056071751265,3.95610594915401,TRUE,2183
3.34953521706723,4.65046478293277,TRUE,2184
2.8549058551675,4.27842747816583,TRUE,2185
2.95996717269197,4.24003282730803,TRUE,2186
3.01374265083041,4.31959068250293,TRUE,2187
2.89750155833282,4.10249844166718,TRUE,2188
2.5421347922424,3.92453187442427,TRUE,2189
3.16764738056688,4.49901928609979,TRUE,2190
3.14119777498052,4.39213555835281,TRUE,2191
3.31696831256988,4.48303168743012,TRUE,2192
2.53986581707255,3.99346751626078,TRUE,2193
2.76135237968601,4.17198095364733,TRUE,2194
2.92303822828965,4.14362843837702,TRUE,2195
3.26930349411219,4.39736317255447,TRUE,2196
2.18447519263622,3.41552480736378,FALSE,2197
2.92972531678288,4.33694134988379,TRUE,2198
2.5877503198673,3.94558301346604,TRUE,2199
2.71637870191799,4.08362129808201,TRUE,2200
3.19854346366161,4.20145653633839,TRUE,2201
3.31263901286697,4.62069432046636,TRUE,2202
2.53900337824065,3.72766328842602,TRUE,2203
2.37706837398978,3.82293162601022,TRUE,2204
2.58070499440552,3.95262833892781,TRUE,2205
2.49984446616991,3.76682220049676,TRUE,2206
3.06153619424185,4.40513047242481,TRUE,2207
2.78521346475437,4.08145320191229,TRUE,2208
2.91618881465257,4.3504778520141,TRUE,2209
2.3135712104411,3.6864287895589,TRUE,2210
3.07600588344881,4.39066078321786,TRUE,2211
2.93096790821302,4.13569875845365,TRUE,2212
2.64842741362549,3.95157258637451,TRUE,2213
2.402064991803,3.73126834153034,TRUE,2214
2.24081354095737,3.49251979237596,FALSE,2215
2.02114845577263,3.31218487756071,FALSE,2216
3.26430124154635,4.46903209178698,TRUE,2217
2.84081354095737,4.09251979237596,TRUE,2218
3.16210372283267,4.304562943834,TRUE,2219
2.8588413445091,4.1411586554909,TRUE,2220
2.69809790307197,4.03523543026136,TRUE,2221
3.16155529784749,4.23844470215251,TRUE,2222
3.43166166921233,4.701671664121,TRUE,2223
2.88484265141122,4.18182401525544,TRUE,2224
2.80351345340474,4.12981987992859,TRUE,2225
2.28874273066759,3.44459060266575,FALSE,2226
2.86638465008256,4.13361534991744,TRUE,2227
2.94893264250482,4.18440069082852,TRUE,2228
2.33491620561347,3.66508379438653,TRUE,2229
2.63762805836758,4.02903860829908,TRUE,2230
2.61559930917148,3.85106735749518,TRUE,2231
2.4927323669688,3.7072676330312,TRUE,2232
2.97096139170092,4.36237194163242,TRUE,2233
2.63075106806109,4.03591559860558,TRUE,2234
3.26430124154635,4.46903209178698,TRUE,2235
2.88484265141122,4.18182401525544,TRUE,2236
3.06169330339253,4.4716400299408,TRUE,2237
2.64108965315859,3.95891034684141,TRUE,2238
3.08336151355052,4.38330515311615,TRUE,2239
3.22485589703041,4.37514410296959,TRUE,2240
2.37199515827111,3.69467150839556,TRUE,2241
2.19630244169675,3.53703089163658,TRUE,2242
3.01252135697588,4.38747864302412,TRUE,2243
2.88957360634448,4.11042639365552,TRUE,2244
2.60556289379513,3.99443710620487,TRUE,2245
2.60263682744553,3.73069650588781,TRUE,2246
3.04389405084599,4.28943928248735,TRUE,2247
3.30877926422738,4.49122073577262,TRUE,2248
3.25250489114783,4.41416177551883,TRUE,2249
3.08311152010163,4.18355514656503,TRUE,2250
2.52157252183417,3.9450941448325,TRUE,2251
2.62665397833322,3.97334602166678,TRUE,2252
2.82238324193507,4.17761675806493,TRUE,2253
3.21080374318364,4.5225295901497,TRUE,2254
3.22563300555369,4.50770032777964,TRUE,2255
2.84877492542403,4.21789174124264,TRUE,2256
2.65932754856468,3.74067245143532,TRUE,2257
3.65584875576084,4.94415124423916,FALSE,2258
2.56332781572432,3.90333885094235,TRUE,2259
2.50824295973421,3.82509037359912,TRUE,2260
2.71040797458282,3.88959202541718,TRUE,2261
3.52285596907474,4.4104773642586,FALSE,2262
3.04842741362549,4.35157258637451,TRUE,2263
2.84854360036014,4.0847897329732,TRUE,2264
2.44698987424003,3.68634345909331,TRUE,2265
2.55540939733425,3.71125726933241,TRUE,2266
2.50748020762404,3.75918645904263,TRUE,2267
3.42501095763496,4.6416557090317,TRUE,2268
2.4927323669688,3.7072676330312,TRUE,2269
2.22522739617968,3.57477260382032,TRUE,2270
2.97670750496954,3.88995916169713,TRUE,2271
3.26184796672976,4.53815203327024,TRUE,2272
3.17671290857252,4.42328709142748,TRUE,2273
2.74912619119995,4.11754047546671,TRUE,2274
2.66270697649491,3.87062635683842,TRUE,2275
3.21655613034277,4.38344386965723,TRUE,2276
3.11854679808771,4.41478653524563,TRUE,2277
2.73507808035829,3.99825525297505,TRUE,2278
3.38374995565384,4.81625004434616,TRUE,2279
2.54582713139918,3.78750620193416,TRUE,2280
3.04737166107219,4.41929500559448,TRUE,2281
2.89712293178693,4.03621040154641,TRUE,2282
2.99869976656217,4.20130023343783,TRUE,2283
2.41669484688385,3.71663848644948,TRUE,2284
2.4570605906546,3.9429394093454,TRUE,2285
2.70230880356539,3.89769119643461,TRUE,2286
2.49229967222036,3.77436699444631,TRUE,2287
2.65479795753679,3.87853537579655,TRUE,2288
2.79075622236062,4.00924377763938,TRUE,2289
2.90387606340903,4.2294572699243,TRUE,2290
2.84081354095737,4.09251979237596,TRUE,2291
2.96752390545412,4.23247609454588,TRUE,2292
3.13246398958223,4.53420267708443,TRUE,2293
2.87401884869344,4.12598115130656,TRUE,2294
2.7705427300757,4.09612393659097,TRUE,2295
2.89666114905765,4.23667218427568,TRUE,2296
2.74614222431283,3.72052444235384,TRUE,2297
2.44698987424003,3.68634345909331,TRUE,2298
2.69094468129513,4.0423886520382,TRUE,2299
2.48110860859202,3.51889139140798,TRUE,2300
2.8367259607895,4.1632740392105,TRUE,2301
2.75456818100689,4.17876515232644,TRUE,2302
3.53813047963281,4.79520285370052,FALSE,2303
2.10230880356539,3.29769119643461,FALSE,2304
2.61559930917148,3.85106735749518,TRUE,2305
2.76332781572432,4.10333885094235,TRUE,2306
3.0919203358018,4.17474633086486,TRUE,2307
2.3427370772937,3.59059625603963,TRUE,2308
3.07095405117348,4.32904594882652,TRUE,2309
3.23327720239892,4.36672279760108,TRUE,2310
2.602064991803,3.93126834153033,TRUE,2311
2.99185106496303,4.40814893503697,TRUE,2312
2.41986178793615,3.58013821206385,TRUE,2313
2.73059275513965,4.06940724486035,TRUE,2314
2.67540760537336,4.12459239462664,TRUE,2315
3.43668097371309,4.56331902628691,TRUE,2316
3.64755924277659,4.81910742389007,FALSE,2317
3.01252135697588,4.38747864302412,TRUE,2318
3.16147136472987,4.43852863527013,TRUE,2319
2.87272361562603,3.99394305104064,TRUE,2320
2.49229967222036,3.7743669944463,TRUE,2321
3.04842741362549,4.35157258637451,TRUE,2322
2.98492345262243,4.3484098807109,TRUE,2323
3.35094453002634,4.44905546997366,TRUE,2324
2.99869976656217,4.20130023343783,TRUE,2325
3.11117038604662,4.42216294728671,TRUE,2326
3.40351666845045,4.59648333154955,TRUE,2327
3.42413467785064,4.7091986554827,TRUE,2328
2.88957360634448,4.11042639365552,TRUE,2329
3.08643110736019,4.31356889263981,TRUE,2330
3.40351666845045,4.59648333154955,TRUE,2331
2.81080374318364,4.1225295901497,TRUE,2332
2.94614222431283,3.92052444235384,TRUE,2333
2.70230880356539,3.89769119643461,TRUE,2334
2.84401490776794,4.15598509223206,TRUE,2335
3.11040797458282,4.28959202541718,TRUE,2336
2.8256330055537,4.10770032777964,TRUE,2337
3.53052694280801,4.80280639052532,FALSE,2338
2.48486587804998,3.71513412195002,TRUE,2339
2.41112404121913,3.78887595878087,TRUE,2340
2.43166166921233,3.701671664121,TRUE,2341
2.81532454354612,4.18467545645388,TRUE,2342
2.77517202342396,4.02482797657604,TRUE,2343
3.33195550491563,4.40137782841771,TRUE,2344
2.80125937336846,4.26540729329821,TRUE,2345
3.07600588344881,4.39066078321786,TRUE,2346
2.34551083662829,3.52115583003838,TRUE,2347
3.08643110736019,4.31356889263981,TRUE,2348
3.40940374396037,4.6572629227063,TRUE,2349
2.51077515491731,3.88922484508269,TRUE,2350
2.39550982251458,3.60449017748542,TRUE,2351
2.34352740320932,3.72313926345734,TRUE,2352
2.79267480167477,4.0739918649919,TRUE,2353
3.59417590744716,4.73915742588618,FALSE,2354
2.96470046754301,4.16863286579033,TRUE,2355
3.17671290857252,4.42328709142748,TRUE,2356
2.72344839861882,4.07655160138118,TRUE,2357
3.53900337824065,4.72766328842602,FALSE,2358
2.9576113479618,4.30905531870487,TRUE,2359
2.6943179248522,3.9056820751478,TRUE,2360
2.99862217158229,4.06804449508437,TRUE,2361
2.47018012007141,3.79648654659526,TRUE,2362
2.79457210839801,4.20542789160199,TRUE,2363
3.15676559702726,4.37656773630607,TRUE,2364
3.14119777498052,4.39213555835281,TRUE,2365
2.50824295973421,3.82509037359912,TRUE,2366
2.76752390545412,4.03247609454588,TRUE,2367
3.26430124154635,4.46903209178698,TRUE,2368
2.21080374318364,3.5225295901497,TRUE,2369
2.40174474702495,3.66492191964171,TRUE,2370
2.28486587804998,3.51513412195002,TRUE,2371
2.65584875576084,3.94415124423916,TRUE,2372
3.43927895804299,4.69405437529035,TRUE,2373
3.28486587804998,4.51513412195002,TRUE,2374
3.18915885260034,4.344174480733,TRUE,2375
2.9152102670268,4.15145639963986,TRUE,2376
3.02114845577263,4.31218487756071,TRUE,2377
3.01491030515605,4.18508969484395,TRUE,2378
3.30877926422738,4.49122073577262,TRUE,2379
2.58447519263622,3.81552480736378,TRUE,2380
2.32003217789049,3.61330115544284,TRUE,2381
2.84877492542403,4.21789174124264,TRUE,2382
3.12937364316158,4.33729302350509,TRUE,2383
3.19754518099971,4.33578815233363,TRUE,2384
2.57671290857252,3.82328709142748,TRUE,2385
3.06873165846967,4.397935008197,TRUE,2386
3.12869089114633,4.13797577552033,TRUE,2387
2.40351666845045,3.59648333154955,TRUE,2388
2.66270697649491,3.87062635683842,TRUE,2389
3.08245952453328,4.45087380880005,TRUE,2390
2.78210825875736,4.15122507457597,TRUE,2391
2.96752390545412,4.23247609454588,TRUE,2392
2.65050686118843,3.74949313881157,TRUE,2393
2.46296910836342,3.80369755830325,TRUE,2394
2.69559520957687,4.10440479042313,TRUE,2395
2.85637156162298,4.07696177171035,TRUE,2396
2.82318638959133,3.97681361040867,TRUE,2397
3.15398542747099,4.44601457252901,TRUE,2398
3.52303822828965,4.74362843837702,FALSE,2399
3.61995134786536,4.71338198546798,FALSE,2400
2.45479795753679,3.67853537579655,TRUE,2401
2.41715793408795,3.64950873257872,TRUE,2402
2.67686073654266,4.05647259679068,TRUE,2403
2.55362040520571,3.77971292812762,TRUE,2404
2.38760765473737,3.61239234526263,TRUE,2405
2.77783705271329,4.08882961395338,TRUE,2406
3.2562581568542,4.67707517647913,TRUE,2407
2.8588413445091,4.1411586554909,TRUE,2408
2.5923366239271,3.8076633760729,TRUE,2409
2.8558348433133,4.21083182335336,TRUE,2410
2.5877503198673,3.94558301346604,TRUE,2411
2.89750155833282,4.10249844166718,TRUE,2412
3.37436261210052,4.55897072123282,TRUE,2413
2.67072094976583,3.86261238356751,TRUE,2414
3.07600588344881,4.39066078321786,TRUE,2415
2.80125937336846,4.26540729329821,TRUE,2416
2.50877926422738,3.69122073577262,TRUE,2417
3.11117038604662,4.42216294728671,TRUE,2418
3.10383414552338,4.49616585447662,TRUE,2419
3.14893264250482,4.38440069082852,TRUE,2420
3.26970470980424,4.2636286235291,TRUE,2421
3.46590398665149,4.60076268001518,TRUE,2422
2.42413467785064,3.7091986554827,TRUE,2423
3.1923366239271,4.4076633760729,TRUE,2424
3.06873165846967,4.397935008197,TRUE,2425
2.7705427300757,4.09612393659097,TRUE,2426
3.0834143969358,4.5165856030642,TRUE,2427
2.86430124154635,4.06903209178698,TRUE,2428
2.40125937336846,3.86540729329821,TRUE,2429
1.9152102670268,3.15145639963986,FALSE,2430
2.95053306138381,4.31613360528286,TRUE,2431
3.12563717899165,4.54102948767501,TRUE,2432
2.90748020762404,4.15918645904263,TRUE,2433
2.86638465008256,4.13361534991744,TRUE,2434
2.87087695375666,3.72912304624334,TRUE,2435
3.04152152774222,4.49181180559111,TRUE,2436
3.05441698653396,4.4122496801327,TRUE,2437
2.655825519267,3.81084114739966,TRUE,2438
2.56151403399343,3.7718192993399,TRUE,2439
2.72157252183417,4.1450941448325,TRUE,2440
2.95249862556762,4.24750137443238,TRUE,2441
3.28874273066759,4.44459060266575,TRUE,2442
3.12937364316158,4.33729302350509,TRUE,2443
2.7421347922424,4.12453187442427,TRUE,2444
2.7757334300542,3.89093323661247,TRUE,2445
3.26430124154635,4.46903209178698,TRUE,2446
3.04010543721798,4.15989456278202,TRUE,2447
2.70245423167283,4.09754576832717,TRUE,2448
2.78916817664664,4.1441651566867,TRUE,2449
3.3537478972045,4.51291876946217,TRUE,2450
2.96519461513023,4.43480538486977,TRUE,2451
2.36682708824093,3.7665062450924,TRUE,2452
3.27741538482149,4.32258461517851,TRUE,2453
2.58070499440552,3.95262833892781,TRUE,2454
2.67095405117348,3.92904594882652,TRUE,2455
3.6248558970304,4.77514410296959,FALSE,2456
2.86421184766637,4.00245481900029,TRUE,2457
2.96408440139442,4.36924893193891,TRUE,2458
2.68781512243929,3.97885154422737,TRUE,2459
2.82951624855593,4.17048375144407,TRUE,2460
3.01252135697588,4.38747864302412,TRUE,2461
2.41715793408795,3.64950873257872,TRUE,2462
2.63166166921233,3.901671664121,TRUE,2463
2.87018012007141,4.19648654659526,TRUE,2464
2.28874273066759,3.44459060266575,FALSE,2465
2.69094468129513,4.0423886520382,TRUE,2466
2.70532849160444,4.02800484172889,TRUE,2467
3.02501095763496,4.2416557090317,TRUE,2468
3.17512041101978,4.55821292231355,TRUE,2469
2.54582713139918,3.78750620193416,TRUE,2470
3.28661801453202,4.38004865213464,TRUE,2471
2.61051256090438,4.05615410576229,TRUE,2472
3.04920313963025,4.21746352703641,TRUE,2473
2.72320876761579,4.27679123238421,TRUE,2474
3.19682682966993,4.26983983699674,TRUE,2475
2.73540215475454,3.86459784524546,TRUE,2476
2.6943179248522,3.9056820751478,TRUE,2477
2.8588413445091,4.1411586554909,TRUE,2478
3.1260081350081,4.40732519832523,TRUE,2479
2.50824295973421,3.82509037359912,TRUE,2480
3.28386639471714,4.64946693861619,TRUE,2481
3.04737166107219,4.41929500559448,TRUE,2482
2.86638465008256,4.13361534991744,TRUE,2483
2.90387606340903,4.2294572699243,TRUE,2484
2.89229967222036,4.1743669944463,TRUE,2485
2.75996717269197,4.04003282730803,TRUE,2486
3.31367035578701,4.35299631087965,TRUE,2487
3.11775716385496,4.21557616947837,TRUE,2488
2.28985481978134,3.77681184688533,TRUE,2489
3.76630002625815,4.96703330707518,FALSE,2490
3.0195509756386,4.3804490243614,TRUE,2491
3.00641990952533,4.326913423808,TRUE,2492
3.56147136472987,4.83852863527013,FALSE,2493
3.0549058551675,4.47842747816583,TRUE,2494
3.07600588344881,4.39066078321786,TRUE,2495
2.99075622236062,4.20924377763938,TRUE,2496
3.04108965315859,4.35891034684141,TRUE,2497
3.18089257610993,4.35244075722341,TRUE,2498
3.52303822828965,4.74362843837702,FALSE,2499
2.81817598474456,4.11515734858878,TRUE,2500
3.18916817664664,4.5441651566867,TRUE,2501
2.59486952757519,3.93846380575815,TRUE,2502
2.76630002625815,3.96703330707518,TRUE,2503
2.69094468129513,4.0423886520382,TRUE,2504
2.53926794565449,3.86073205434552,TRUE,2505
2.54912619119995,3.91754047546672,TRUE,2506
2.727510854509,4.00582247882433,TRUE,2507
2.72619767197228,3.94046899469439,TRUE,2508
2.57783705271329,3.88882961395338,TRUE,2509
2.16155529784749,3.23844470215251,FALSE,2510
3.17671290857252,4.42328709142748,TRUE,2511
3.24081354095737,4.49251979237596,TRUE,2512
3.24695326561819,4.55304673438181,TRUE,2513
2.47444152482664,3.59222514184003,TRUE,2514
2.88245952453329,4.25087380880005,TRUE,2515
2.56147136472987,3.83852863527013,TRUE,2516
2.48484265141122,3.78182401525544,TRUE,2517
3.0195509756386,4.3804490243614,TRUE,2518
2.77436261210052,3.95897072123282,TRUE,2519
3.54225640392032,4.65774359607968,FALSE,2520
3.12937364316158,4.33729302350509,TRUE,2521
3.01252135697588,4.38747864302412,TRUE,2522
2.99869976656217,4.20130023343783,TRUE,2523
2.58093126398443,3.68573540268224,TRUE,2524
2.92972531678288,4.33694134988379,TRUE,2525
3.26873165846966,4.597935008197,TRUE,2526
2.46184796672976,3.73815203327024,TRUE,2527
2.9727413388455,4.16059199448783,TRUE,2528
2.72003217789049,4.01330115544284,TRUE,2529
2.9152102670268,4.15145639963986,TRUE,2530
2.53926794565449,3.86073205434552,TRUE,2531
2.81559930917148,4.05106735749518,TRUE,2532
3.26153619424185,4.60513047242481,TRUE,2533
3.16147136472987,4.43852863527013,TRUE,2534
3.52127209543128,4.61206123790205,FALSE,2535
2.95676559702726,4.17656773630607,TRUE,2536
2.90553523035299,4.09446476964701,TRUE,2537
3.06335660248852,4.33664339751148,TRUE,2538
2.69907194973149,3.76759471693517,TRUE,2539
2.47884416996162,3.65448916337171,TRUE,2540
2.80142108506617,4.19857891493383,TRUE,2541
3.07095405117348,4.32904594882652,TRUE,2542
3.08643110736019,4.31356889263981,TRUE,2543
3.32146462420345,4.54520204246321,TRUE,2544
3.34225640392032,4.45774359607968,TRUE,2545
3.3427370772937,4.59059625603963,TRUE,2546
2.81810100838798,3.78189899161202,TRUE,2547
3.01546794998421,4.51786538334912,TRUE,2548
2.18967988765712,3.47698677900955,FALSE,2549
3.14551083662829,4.32115583003838,TRUE,2550
2.61669484688385,3.91663848644948,TRUE,2551
2.95996717269197,4.24003282730803,TRUE,2552
3.32527403165708,4.47472596834292,TRUE,2553
2.93096790821302,4.13569875845365,TRUE,2554
2.327510854509,3.60582247882433,TRUE,2555
3.00174474702495,4.26492191964171,TRUE,2556
2.34218509921431,3.65781490078569,TRUE,2557
2.11775716385496,3.21557616947837,FALSE,2558
3.10594562470965,4.36072104195701,TRUE,2559
2.60933921678214,3.92399411655119,TRUE,2560
2.7283599700592,4.13830669660747,TRUE,2561
2.44102927876718,3.62563738789948,TRUE,2562
2.79267480167477,4.0739918649919,TRUE,2563
2.74119008331008,4.19214325002326,TRUE,2564
3.6169187646181,4.64974790204857,FALSE,2565
2.21249379806584,3.45417286860082,FALSE,2566
2.56904611246143,3.83095388753857,TRUE,2567
2.99075622236062,4.20924377763938,TRUE,2568
3.01491030515605,4.18508969484395,TRUE,2569
3.01988574923838,4.44678091742828,TRUE,2570
3.39486952757519,4.73846380575815,TRUE,2571
3.17044798283763,4.62955201716237,TRUE,2572
2.83420819501261,3.89912513832072,TRUE,2573
3.77972057742373,4.82027942257627,FALSE,2574
2.81491030515605,3.98508969484395,TRUE,2575
2.68643110736019,3.91356889263981,TRUE,2576
3.4694272383721,4.7305727616279,TRUE,2577
2.79630244169675,4.13703089163658,TRUE,2578
3.37980616385185,4.62019383614815,TRUE,2579
2.78916817664664,4.1441651566867,TRUE,2580
2.26873165846966,3.597935008197,TRUE,2581
2.75249862556762,4.04750137443238,TRUE,2582
3.11077515491731,4.48922484508269,TRUE,2583
3.37210159718624,4.62789840281376,TRUE,2584
2.58521346475437,3.88145320191229,TRUE,2585
2.9505285101669,4.38280482316643,TRUE,2586
2.97930567953364,4.28736098713303,TRUE,2587
2.9850937655511,4.4149062344489,TRUE,2588
3.61669484688385,4.91663848644948,FALSE,2589
2.66305865011622,4.07027468321712,TRUE,2590
2.6515901192891,4.01507654737757,TRUE,2591
2.84877492542403,4.21789174124264,TRUE,2592
2.91854679808771,4.21478653524563,TRUE,2593
2.93355739937784,4.1997759339555,TRUE,2594
2.718619963728,3.881380036272,TRUE,2595
2.81644485343497,3.91688847989837,TRUE,2596
3.01491030515605,4.18508969484395,TRUE,2597
2.77517202342396,4.02482797657604,TRUE,2598
3.29809790307197,4.63523543026136,TRUE,2599
2.97930567953364,4.28736098713303,TRUE,2600
2.59867346810912,4.00132653189088,TRUE,2601
3.07444152482664,4.19222514184003,TRUE,2602
2.73416916431418,3.93249750235249,TRUE,2603
2.46270697649491,3.67062635683842,TRUE,2604
3.2694272383721,4.5305727616279,TRUE,2605
2.67095405117348,3.92904594882652,TRUE,2606
3.14119777498052,4.39213555835281,TRUE,2607
2.95727407484252,4.37605925849081,TRUE,2608
3.07444152482664,4.19222514184003,TRUE,2609
3.02318638959133,4.17681361040867,TRUE,2610
2.59867346810912,4.00132653189088,TRUE,2611
2.93355739937784,4.1997759339555,TRUE,2612
2.59486952757519,3.93846380575815,TRUE,2613
2.97517202342396,4.22482797657604,TRUE,2614
2.64842741362549,3.95157258637451,TRUE,2615
3.32146462420345,4.54520204246321,TRUE,2616
2.62485589703041,3.77514410296959,TRUE,2617
2.68708123053783,3.8462521027955,TRUE,2618
2.83940800551217,4.0272586611545,TRUE,2619
2.93355739937784,4.1997759339555,TRUE,2620
3.38669884455716,4.67996782210951,TRUE,2621
2.3576113479618,3.70905531870486,TRUE,2622
2.72003217789049,4.01330115544284,TRUE,2623
3.73540215475454,4.86459784524546,FALSE,2624
3.16904611246143,4.43095388753857,TRUE,2625
3.19630244169675,4.53703089163658,TRUE,2626
2.87546812557573,4.2578652077576,TRUE,2627
3.13203079599464,4.46796920400536,TRUE,2628
2.89712293178693,4.03621040154641,TRUE,2629
3.27600588344881,4.59066078321786,TRUE,2630
3.06590398665149,4.20076268001518,TRUE,2631
3.10594562470965,4.36072104195701,TRUE,2632
2.82951624855593,4.17048375144407,TRUE,2633
2.94745288612467,4.05254711387533,TRUE,2634
3.05749301402972,4.20917365263695,TRUE,2635
2.8549058551675,4.27842747816583,TRUE,2636
2.83317779950324,4.10015553383009,TRUE,2637
3.33738761643249,4.52927905023417,TRUE,2638
3.15269870534046,4.24730129465954,TRUE,2639
2.78291492446163,4.01708507553837,TRUE,2640
3.0908013445173,4.37586532214936,TRUE,2641
3.07095405117348,4.32904594882652,TRUE,2642
3.06578231207274,4.00088435459392,TRUE,2643
2.67540760537336,4.12459239462664,TRUE,2644
2.56332781572432,3.90333885094235,TRUE,2645
3.20837278722112,4.39162721277888,TRUE,2646
2.10554086535244,3.56112580131422,TRUE,2647
2.87546812557573,4.2578652077576,TRUE,2648
2.70532849160444,4.02800484172889,TRUE,2649
3.06335660248852,4.33664339751148,TRUE,2650
2.59417590744716,3.73915742588618,TRUE,2651
2.57671290857252,3.82328709142748,TRUE,2652
2.84401490776794,4.15598509223206,TRUE,2653
3.03622099820979,4.29711233512354,TRUE,2654
2.9727413388455,4.16059199448783,TRUE,2655
2.51558620467232,3.81774712866101,TRUE,2656
2.71056071751265,3.95610594915401,TRUE,2657
2.64108965315859,3.95891034684141,TRUE,2658
2.91618881465257,4.3504778520141,TRUE,2659
3.118619963728,4.281380036272,TRUE,2660
2.58521346475437,3.88145320191229,TRUE,2661
2.84877492542403,4.21789174124264,TRUE,2662
3.00174474702495,4.26492191964171,TRUE,2663
3.37919323535004,4.48747343131663,TRUE,2664
3.53521340590959,4.93145326075708,FALSE,2665
2.81491030515605,3.98508969484395,TRUE,2666
2.88245952453329,4.25087380880005,TRUE,2667
3.04102927876718,4.22563738789948,TRUE,2668
2.84081354095737,4.09251979237596,TRUE,2669
3.12146462420345,4.34520204246321,TRUE,2670
2.06012229898656,3.07321103434677,FALSE,2671
2.88174730738056,4.11825269261944,TRUE,2672
3.06750249764751,4.26583083568582,TRUE,2673
2.82343226369393,4.04323440297274,TRUE,2674
2.72157252183417,4.1450941448325,TRUE,2675
2.42501095763496,3.6416557090317,TRUE,2676
2.30877926422738,3.49122073577262,FALSE,2677
2.81532454354612,4.18467545645388,TRUE,2678
2.89666114905765,4.23667218427568,TRUE,2679
2.53328035316563,4.0000529801677,TRUE,2680
2.8588413445091,4.1411586554909,TRUE,2681
2.26873165846966,3.597935008197,TRUE,2682
2.3583442909683,3.57498904236504,TRUE,2683
3.20417955157514,4.59582044842486,TRUE,2684
3.00556289379513,4.39443710620487,TRUE,2685
3.23317779950324,4.50015553383009,TRUE,2686
3.22028707187238,4.44637959479429,TRUE,2687
3.36449042956383,4.63550957043617,TRUE,2688
2.90562829357543,4.0277050397579,TRUE,2689
2.24182554746666,3.35817445253334,FALSE,2690
2.67864438855423,3.92135561144577,TRUE,2691
2.84178707768645,4.22487958898022,TRUE,2692
2.84877492542403,4.21789174124264,TRUE,2693
2.45479795753679,3.67853537579655,TRUE,2694
3.18447519263622,4.41552480736378,TRUE,2695
3.32146462420345,4.54520204246321,TRUE,2696
2.56904611246143,3.83095388753857,TRUE,2697
3.04108965315859,4.35891034684141,TRUE,2698
2.8588413445091,4.1411586554909,TRUE,2699
2.63136713420967,3.83529953245699,TRUE,2700
2.4558348433133,3.81083182335336,TRUE,2701
3.07864438855423,4.32135561144577,TRUE,2702
3.55094453002634,4.64905546997366,FALSE,2703
2.59486952757519,3.93846380575815,TRUE,2704
2.98492345262243,4.3484098807109,TRUE,2705
3.05953100530561,4.27380232802772,TRUE,2706
2.96752390545412,4.23247609454588,TRUE,2707
3.49229967222036,4.77436699444631,TRUE,2708
2.37199515827111,3.69467150839556,TRUE,2709
2.97517202342396,4.22482797657604,TRUE,2710
2.79082634736305,3.94250698597028,TRUE,2711
2.43166166921233,3.701671664121,TRUE,2712
2.79923731998482,3.93409601334851,TRUE,2713
2.8481825244298,4.28515080890354,TRUE,2714
2.80142108506617,4.19857891493383,TRUE,2715
2.44695326561819,3.75304673438181,TRUE,2716
2.74912619119995,4.11754047546671,TRUE,2717
2.21112404121913,3.58887595878087,TRUE,2718
2.40940374396037,3.6572629227063,TRUE,2719
2.58970475023541,3.67696191643125,TRUE,2720
3.01715793408795,4.24950873257872,TRUE,2721
2.47072094976583,3.66261238356751,TRUE,2722
3.11854679808771,4.41478653524563,TRUE,2723
2.89229967222036,4.1743669944463,TRUE,2724
2.718619963728,3.881380036272,TRUE,2725
3.37210159718624,4.62789840281376,TRUE,2726
2.95053306138381,4.31613360528286,TRUE,2727
2.95053306138381,4.31613360528286,TRUE,2728
3.25250489114783,4.41416177551883,TRUE,2729
2.55362040520571,3.77971292812762,TRUE,2730
3.2150600379058,4.25160662876087,TRUE,2731
2.6515901192891,4.01507654737757,TRUE,2732
3.04108965315859,4.35891034684141,TRUE,2733
2.48484265141122,3.78182401525544,TRUE,2734
3.30070210390206,4.49929789609794,TRUE,2735
2.77512041101978,4.15821292231355,TRUE,2736
3.24081354095737,4.49251979237596,TRUE,2737
2.73059275513965,4.06940724486035,TRUE,2738
2.78210825875736,4.15122507457597,TRUE,2739
3.16904611246143,4.43095388753857,TRUE,2740
3.17919323535004,4.28747343131663,TRUE,2741
3.48311152010163,4.58355514656503,TRUE,2742
2.90387606340903,4.2294572699243,TRUE,2743
2.718619963728,3.881380036272,TRUE,2744
3.16470046754301,4.36863286579033,TRUE,2745
3.00174474702495,4.26492191964171,TRUE,2746
2.53203079599464,3.86796920400536,TRUE,2747
2.53521340590959,3.93145326075708,TRUE,2748
2.66335660248852,3.93664339751148,TRUE,2749
3.0848283081017,4.1151716918983,TRUE,2750
2.53926794565449,3.86073205434552,TRUE,2751
3.21813925415349,4.58186074584651,TRUE,2752
2.80777485815997,3.92555847517336,TRUE,2753
2.80351345340474,4.12981987992859,TRUE,2754
2.76135237968601,4.17198095364733,TRUE,2755
2.83492116284334,4.29841217049,TRUE,2756
2.25637156162298,3.47696177171035,FALSE,2757
2.73507808035829,3.99825525297505,TRUE,2758
2.79869976656217,4.00130023343783,TRUE,2759
2.99201282947647,4.34132050385687,TRUE,2760
2.6943179248522,3.9056820751478,TRUE,2761
2.50098071390021,3.83235261943312,TRUE,2762
2.87018012007141,4.19648654659526,TRUE,2763
2.77517202342396,4.02482797657604,TRUE,2764
2.74784800863194,4.18548532470139,TRUE,2765
3.20030110158479,4.39969889841521,TRUE,2766
2.97420509371786,4.02579490628214,TRUE,2767
3.56682708824093,4.9665062450924,FALSE,2768
2.75249862556762,4.04750137443238,TRUE,2769
3.37210159718624,4.62789840281376,TRUE,2770
2.9727413388455,4.16059199448783,TRUE,2771
2.70288766487646,3.96377900179021,TRUE,2772
2.8367259607895,4.1632740392105,TRUE,2773
2.1188755971936,3.54779106947306,TRUE,2774
2.86638465008256,4.13361534991744,TRUE,2775
2.86638465008256,4.13361534991744,TRUE,2776
3.23239079020242,4.56760920979758,TRUE,2777
2.84081354095737,4.09251979237596,TRUE,2778
3.08336151355052,4.38330515311615,TRUE,2779
2.50748020762404,3.75918645904263,TRUE,2780
2.43296669292482,3.63369997374185,TRUE,2781
3.07558148534631,4.25775184798702,TRUE,2782
3.06873165846967,4.397935008197,TRUE,2783
2.72619767197228,3.94046899469439,TRUE,2784
3.08245952453328,4.45087380880005,TRUE,2785
3.10594562470965,4.36072104195701,TRUE,2786
3.30562829357543,4.4277050397579,TRUE,2787
2.61655613034277,3.78344386965723,TRUE,2788
2.4834143969358,3.9165856030642,TRUE,2789
2.86169330339253,4.2716400299408,TRUE,2790
3.20479714629948,4.46186952036719,TRUE,2791
3.16904611246143,4.43095388753857,TRUE,2792
2.62343226369393,3.84323440297274,TRUE,2793
3.13203079599464,4.46796920400536,TRUE,2794
2.86854673924292,4.26478659409041,TRUE,2795
3.13935795397885,4.52730871268781,TRUE,2796
2.78521346475437,4.08145320191229,TRUE,2797
2.88952310471955,4.24381022861378,TRUE,2798
2.66270697649491,3.87062635683842,TRUE,2799
3.16764738056688,4.49901928609979,TRUE,2800
2.99869976656217,4.20130023343783,TRUE,2801
3.20837278722112,4.39162721277888,TRUE,2802
3.08952310471955,4.44381022861378,TRUE,2803
2.95996717269197,4.24003282730803,TRUE,2804
2.90748020762404,4.15918645904263,TRUE,2805
3.37919323535004,4.48747343131663,TRUE,2806
3.17671290857252,4.42328709142748,TRUE,2807
3.12487122164771,4.47512877835229,TRUE,2808
2.63383271242535,3.96616728757465,TRUE,2809
2.86225603488028,4.33774396511972,TRUE,2810
2.66270697649491,3.87062635683842,TRUE,2811
2.29094468129514,3.6423886520382,TRUE,2812
2.71252656868337,3.82080676464996,TRUE,2813
3.30532849160444,4.62800484172889,TRUE,2814
3.20837278722112,4.39162721277888,TRUE,2815
2.71040797458282,3.88959202541718,TRUE,2816
2.86421184766637,4.00245481900029,TRUE,2817
2.71056071751266,3.95610594915401,TRUE,2818
2.7283599700592,4.13830669660747,TRUE,2819
3.24695326561819,4.55304673438181,TRUE,2820
3.20351345340474,4.52981987992859,TRUE,2821
3.1923366239271,4.4076633760729,TRUE,2822
3.04010543721798,4.15989456278202,TRUE,2823
2.80785674997674,4.25880991668992,TRUE,2824
2.24737166107219,3.61929500559448,TRUE,2825
3.15398542747099,4.44601457252901,TRUE,2826
2.83940800551217,4.0272586611545,TRUE,2827
2.60263682744553,3.73069650588781,TRUE,2828
2.41715793408795,3.64950873257872,TRUE,2829
3.13926794565448,4.46073205434551,TRUE,2830
3.13382211245724,4.06617788754276,TRUE,2831
2.64698987424003,3.88634345909331,TRUE,2832
2.40940374396037,3.6572629227063,TRUE,2833
2.90951548985766,4.35715117680901,TRUE,2834
3.2908013445173,4.57586532214936,TRUE,2835
2.94511524696957,4.25488475303043,TRUE,2836
2.46590398665149,3.60076268001518,TRUE,2837
3.2908013445173,4.57586532214936,TRUE,2838
2.47018012007141,3.79648654659526,TRUE,2839
2.0234804777148,3.10985285561854,FALSE,2840
2.82238324193507,4.17761675806493,TRUE,2841
2.50877926422738,3.69122073577262,TRUE,2842
3.41163246609237,4.58836753390763,TRUE,2843
2.53052694280801,3.80280639052532,TRUE,2844
3.24695326561819,4.55304673438181,TRUE,2845
2.7427370772937,3.99059625603963,TRUE,2846
2.59732933281799,4.06933733384868,TRUE,2847
3.46289638262518,4.53710361737482,TRUE,2848
2.75049126742128,3.98284206591205,TRUE,2849
2.99075622236062,4.20924377763938,TRUE,2850
2.72619767197228,3.94046899469439,TRUE,2851
2.72344839861882,4.07655160138118,TRUE,2852
2.85755193639108,3.94244806360892,TRUE,2853
3.55362040520571,4.77971292812762,FALSE,2854
2.56147136472987,3.83852863527013,TRUE,2855
2.83136713420967,4.03529953245699,TRUE,2856
2.79923731998482,3.93409601334851,TRUE,2857
2.80351345340474,4.12981987992859,TRUE,2858
3.00605694895936,4.12727638437397,TRUE,2859
2.68386639471714,4.04946693861619,TRUE,2860
2.75049126742128,3.98284206591205,TRUE,2861
2.50824295973421,3.82509037359912,TRUE,2862
2.41451467529861,3.85215199136806,TRUE,2863
3.34102418679918,4.39230914653416,TRUE,2864
3.04148173147883,4.0918516018545,TRUE,2865
2.57671290857252,3.82328709142748,TRUE,2866
2.87546812557573,4.2578652077576,TRUE,2867
2.8588413445091,4.1411586554909,TRUE,2868
2.717043661135,4.282956338865,TRUE,2869
3.17706837398978,4.62293162601022,TRUE,2870
3.08311152010163,4.18355514656503,TRUE,2871
2.62343226369393,3.84323440297274,TRUE,2872
2.96752390545412,4.23247609454588,TRUE,2873
2.63075106806109,4.03591559860558,TRUE,2874
2.68669826596692,3.71330173403308,TRUE,2875
3.13738761643249,4.32927905023417,TRUE,2876
2.46184796672976,3.73815203327024,TRUE,2877
2.56378959845359,3.70287706821307,TRUE,2878
2.17512041101978,3.55821292231355,TRUE,2879
2.58070499440552,3.95262833892781,TRUE,2880
2.44877492542403,3.81789174124264,TRUE,2881
2.5283599700592,3.93830669660747,TRUE,2882
2.68880233504956,4.11119766495044,TRUE,2883
2.9850937655511,4.4149062344489,TRUE,2884
2.96470046754301,4.16863286579033,TRUE,2885
2.72619767197228,3.94046899469439,TRUE,2886
3.13926794565448,4.46073205434551,TRUE,2887
2.90387606340903,4.2294572699243,TRUE,2888
2.97930567953364,4.28736098713303,TRUE,2889
2.87546812557573,4.2578652077576,TRUE,2890
2.45749301402972,3.60917365263695,TRUE,2891
2.40417955157514,3.79582044842486,TRUE,2892
2.3877503198673,3.74558301346604,TRUE,2893
3.4433159103127,4.49001742302063,TRUE,2894
2.71514799594826,4.21818533738508,TRUE,2895
3.11778678023703,4.48221321976297,TRUE,2896
2.73540215475454,3.86459784524546,TRUE,2897
2.37044798283763,3.82955201716237,TRUE,2898
3.44695326561819,4.75304673438181,TRUE,2899
2.07444152482664,3.19222514184003,FALSE,2900
3.43486913700031,4.83179752966636,TRUE,2901
2.04108965315859,3.35891034684141,FALSE,2902
3.13540215475454,4.26459784524546,TRUE,2903
2.33659218262228,3.73007448404438,TRUE,2904
2.72619767197228,3.94046899469439,TRUE,2905
3.2694272383721,4.5305727616279,TRUE,2906
2.77436261210052,3.95897072123282,TRUE,2907
2.56904611246143,3.83095388753857,TRUE,2908
2.66584416475039,4.00082250191628,TRUE,2909
2.98669884455716,4.27996782210951,TRUE,2910
2.78521346475437,4.08145320191229,TRUE,2911
2.77517202342396,4.02482797657604,TRUE,2912
3.73781418800187,5.06218581199813,FALSE,2913
2.64698987424003,3.88634345909331,TRUE,2914
2.8774704098503,4.18919625681636,TRUE,2915
2.90387606340903,4.2294572699243,TRUE,2916
2.64842741362549,3.95157258637451,TRUE,2917
3.67272361562603,4.79394305104064,FALSE,2918
2.43927895804299,3.69405437529035,TRUE,2919
3.12487122164771,4.47512877835229,TRUE,2920
2.84875966078944,3.95124033921056,TRUE,2921
2.7583442909683,3.97498904236504,TRUE,2922
2.52487122164771,3.87512877835229,TRUE,2923
3.23327720239892,4.36672279760108,TRUE,2924
2.46270697649491,3.67062635683842,TRUE,2925
2.37930567953364,3.68736098713303,TRUE,2926
2.58070499440552,3.95262833892781,TRUE,2927
2.65479795753679,3.87853537579655,TRUE,2928
2.73781418800187,4.06218581199813,TRUE,2929
2.53328035316563,4.0000529801677,TRUE,2930
2.30070210390206,3.49929789609794,FALSE,2931
3.10877728008161,4.62455605325172,TRUE,2932
3.12487122164771,4.47512877835229,TRUE,2933
2.98669884455716,4.27996782210951,TRUE,2934
2.69014714438146,3.7765195222852,TRUE,2935
2.15335553411457,3.51331113255209,TRUE,2936
2.72344839861882,4.07655160138118,TRUE,2937
2.83486913700031,4.23179752966635,TRUE,2938
3.22485589703041,4.37514410296959,TRUE,2939
3.09666114905765,4.43667218427568,TRUE,2940
3.48708123053783,4.6462521027955,TRUE,2941
2.44920313963025,3.61746352703641,TRUE,2942
2.77517202342396,4.02482797657604,TRUE,2943
3.20479714629948,4.46186952036719,TRUE,2944
2.86430124154635,4.06903209178698,TRUE,2945
2.57373129762334,3.95960203570999,TRUE,2946
3.14893264250482,4.38440069082852,TRUE,2947
2.76630002625815,3.96703330707518,TRUE,2948
3.05166282834025,4.28167050499308,TRUE,2949
2.57701456652453,3.55631876680881,TRUE,2950
3.28874273066759,4.44459060266575,TRUE,2951
3.02318638959133,4.17681361040867,TRUE,2952
2.84755924277659,4.01910742389007,TRUE,2953
3.13935795397885,4.52730871268781,TRUE,2954
2.48668886744791,3.84664446588543,TRUE,2955
2.6195509756386,3.9804490243614,TRUE,2956
2.6002240660445,3.86644260062216,TRUE,2957
2.88957360634448,4.11042639365552,TRUE,2958
3.42501095763496,4.6416557090317,TRUE,2959
2.47444152482664,3.59222514184003,TRUE,2960
2.59867346810912,4.00132653189088,TRUE,2961
2.71832949500692,3.94833717165975,TRUE,2962
2.23327720239892,3.36672279760108,FALSE,2963
2.7427370772937,3.99059625603963,TRUE,2964
3.04389405084599,4.28943928248735,TRUE,2965
2.81559930917148,4.05106735749518,TRUE,2966
2.99917749808372,4.33415583524961,TRUE,2967
3.50070210390206,4.69929789609794,FALSE,2968
3.24428521211441,4.42238145455225,TRUE,2969
2.68040931749707,3.98625734916959,TRUE,2970
2.62343226369393,3.84323440297274,TRUE,2971
2.78521346475437,4.08145320191229,TRUE,2972
2.63136713420967,3.83529953245699,TRUE,2973
3.30594562470965,4.56072104195701,TRUE,2974
2.96476456973864,4.30190209692803,TRUE,2975
2.87018012007141,4.19648654659526,TRUE,2976
3.00940374396037,4.2572629227063,TRUE,2977
3.26084257411382,4.40582409255284,TRUE,2978
3.18793876209795,4.27872790456872,TRUE,2979
2.84401490776794,4.15598509223206,TRUE,2980
2.84081354095737,4.09251979237596,TRUE,2981
3.48668886744791,4.84664446588543,TRUE,2982
2.85637156162298,4.07696177171035,TRUE,2983
3.655825519267,4.81084114739966,FALSE,2984
2.66270697649491,3.87062635683842,TRUE,2985
3.41986178793615,4.58013821206385,TRUE,2986
2.91854679808771,4.21478653524563,TRUE,2987
2.70532849160444,4.02800484172889,TRUE,2988
3.32300637894781,4.34366028771885,TRUE,2989
2.86296910836342,4.20369755830325,TRUE,2990
2.90169359753595,3.83163973579739,TRUE,2991
2.95727407484252,4.37605925849081,TRUE,2992
2.92303808356875,4.01029524976459,TRUE,2993
2.73521340590959,4.13145326075708,TRUE,2994
2.55977236349101,3.64022763650899,TRUE,2995
2.81559930917148,4.05106735749518,TRUE,2996
2.44102927876718,3.62563738789948,TRUE,2997
3.02318638959133,4.17681361040867,TRUE,2998
2.47018012007141,3.79648654659526,TRUE,2999
2.727510854509,4.00582247882433,TRUE,3000
2.67741538482149,3.72258461517851,TRUE,3001
3.2256330055537,4.50770032777964,TRUE,3002
3.14658524826896,4.45341475173104,TRUE,3003
2.33738761643249,3.52927905023417,TRUE,3004
2.6515901192891,4.01507654737757,TRUE,3005
2.61719517683357,4.0494714898331,TRUE,3006
3.23239079020242,4.56760920979758,TRUE,3007
2.85138576074002,4.14861423925998,TRUE,3008
2.68856256183014,4.17810410483653,TRUE,3009
2.90387606340903,4.2294572699243,TRUE,3010
2.50748020762404,3.75918645904263,TRUE,3011
2.27709872544108,3.52290127455892,TRUE,3012
3.03383271242535,4.36616728757465,TRUE,3013
3.10383414552338,4.49616585447662,TRUE,3014
3.04737166107219,4.41929500559448,TRUE,3015
2.7932540498785,3.87341261678817,TRUE,3016
3.36210372283267,4.504562943834,TRUE,3017
2.84401490776794,4.15598509223206,TRUE,3018
2.54582713139918,3.78750620193416,TRUE,3019
2.30877926422738,3.49122073577262,FALSE,3020
2.64457370925882,4.02209295740785,TRUE,3021
3.52869089114633,4.53797577552033,FALSE,3022
2.97930567953364,4.28736098713303,TRUE,3023
1.94893264250482,3.18440069082852,FALSE,3024
2.91854679808771,4.21478653524563,TRUE,3025
2.95676559702726,4.17656773630607,TRUE,3026
2.21249379806584,3.45417286860082,FALSE,3027
2.56874686882035,3.63125313117965,TRUE,3028
2.46579732291557,3.86753601041777,TRUE,3029
2.71040797458282,3.88959202541718,TRUE,3030
2.84854360036014,4.0847897329732,TRUE,3031
3.13926794565448,4.46073205434551,TRUE,3032
2.57783705271329,3.88882961395338,TRUE,3033
2.60837278722112,3.79162721277888,TRUE,3034
3.2694272383721,4.5305727616279,TRUE,3035
3.02864021679492,4.30469311653841,TRUE,3036
3.11854679808771,4.41478653524563,TRUE,3037
2.73507808035829,3.99825525297505,TRUE,3038
2.47011853959791,3.92988146040209,TRUE,3039
3.37210159718624,4.62789840281376,TRUE,3040
2.81559930917148,4.05106735749518,TRUE,3041
3.14893264250482,4.38440069082852,TRUE,3042
2.75049126742128,3.98284206591205,TRUE,3043
2.97199515827111,4.29467150839556,TRUE,3044
2.85138576074002,4.14861423925998,TRUE,3045
2.68708123053783,3.8462521027955,TRUE,3046
3.01469995958375,4.11863337374959,TRUE,3047
2.43927895804299,3.69405437529035,TRUE,3048
2.88174730738056,4.11825269261944,TRUE,3049
3.13738761643249,4.32927905023417,TRUE,3050
2.50969372174364,3.49030627825636,FALSE,3051
2.8558348433133,4.21083182335336,TRUE,3052
2.96378959845359,4.10287706821307,TRUE,3053
3.08311152010163,4.18355514656503,TRUE,3054
2.9505285101669,4.38280482316643,TRUE,3055
3.86421184766637,5.00245481900029,FALSE,3056
2.95053306138381,4.31613360528286,TRUE,3057
3.17310250354543,4.16023082978791,TRUE,3058
2.4834143969358,3.9165856030642,TRUE,3059
3.54225640392032,4.65774359607968,FALSE,3060
2.60933921678214,3.92399411655119,TRUE,3061
2.61122661619144,3.72210671714189,TRUE,3062
3.23317779950324,4.50015553383009,TRUE,3063
2.45479795753679,3.67853537579655,TRUE,3064
2.51077515491731,3.88922484508269,TRUE,3065
2.69530688346159,3.97135978320508,TRUE,3066
2.96752390545412,4.23247609454588,TRUE,3067
2.89907194973149,3.96759471693517,TRUE,3068
2.79869976656217,4.00130023343783,TRUE,3069
2.60786444164719,3.85880222501948,TRUE,3070
2.56904611246143,3.83095388753857,TRUE,3071
2.66270697649491,3.87062635683842,TRUE,3072
2.84755924277659,4.01910742389007,TRUE,3073
2.66992551595562,4.06340781737772,TRUE,3074
2.88880233504956,4.31119766495044,TRUE,3075
3.24854360036014,4.4847897329732,TRUE,3076
3.20351345340474,4.52981987992859,TRUE,3077
2.97930567953364,4.28736098713303,TRUE,3078
2.63762805836758,4.02903860829908,TRUE,3079
2.54658524826896,3.85341475173104,TRUE,3080
2.52127209543128,3.61206123790205,TRUE,3081
2.55362040520571,3.77971292812762,TRUE,3082
1.91367896806308,3.08632103193692,FALSE,3083
3.10594562470965,4.36072104195701,TRUE,3084
2.10594562470965,3.36072104195701,FALSE,3085
2.73416916431418,3.93249750235249,TRUE,3086
2.89229967222036,4.1743669944463,TRUE,3087
2.49229967222036,3.7743669944463,TRUE,3088
2.53052694280801,3.80280639052532,TRUE,3089
2.16210372283267,3.304562943834,FALSE,3090
2.66421184766637,3.80245481900029,TRUE,3091
2.9260081350081,4.20732519832523,TRUE,3092
2.86430124154635,4.06903209178698,TRUE,3093
3.69907194973149,4.76759471693517,FALSE,3094
2.26153619424185,3.60513047242481,TRUE,3095
2.6195509756386,3.9804490243614,TRUE,3096
3.11854679808771,4.41478653524563,TRUE,3097
2.80777485815997,3.92555847517336,TRUE,3098
2.7583442909683,3.97498904236504,TRUE,3099
2.5705427300757,3.89612393659097,TRUE,3100
2.96470046754301,4.16863286579033,TRUE,3101
2.93781418800187,4.26218581199813,TRUE,3102
2.72619767197228,3.94046899469439,TRUE,3103
2.93781418800187,4.26218581199813,TRUE,3104
2.62665397833322,3.97334602166678,TRUE,3105
2.727510854509,4.00582247882433,TRUE,3106
2.55094453002634,3.64905546997366,TRUE,3107
3.01715793408795,4.24950873257872,TRUE,3108
3.15269870534046,4.24730129465954,TRUE,3109
2.66270697649491,3.87062635683842,TRUE,3110
2.81559930917148,4.05106735749518,TRUE,3111
3.71252656868337,4.82080676464996,FALSE,3112
2.66270697649491,3.87062635683842,TRUE,3113
2.62665397833322,3.97334602166678,TRUE,3114
2.79869976656217,4.00130023343783,TRUE,3115
2.10087486167928,3.16579180498739,FALSE,3116
2.95676559702726,4.17656773630607,TRUE,3117
3.44102927876718,4.62563738789948,TRUE,3118
2.66225603488028,4.13774396511972,TRUE,3119
2.84755924277659,4.01910742389007,TRUE,3120
2.5695119974465,3.76382133588683,TRUE,3121
3.11040797458282,4.28959202541718,TRUE,3122
1.95622403216761,3.04377596783239,FALSE,3123
2.78253647296359,3.95079686036975,TRUE,3124
2.56904611246143,3.83095388753857,TRUE,3125
3.43927895804299,4.69405437529035,TRUE,3126
2.18225287133899,3.48441379532768,FALSE,3127
3.08952310471955,4.44381022861378,TRUE,3128
2.98492345262243,4.3484098807109,TRUE,3129
3.06335660248852,4.33664339751148,TRUE,3130
2.67686073654266,4.05647259679068,TRUE,3131
2.64842741362549,3.95157258637451,TRUE,3132
3.01252135697588,4.38747864302412,TRUE,3133
2.97096139170092,4.36237194163242,TRUE,3134
2.95996717269197,4.24003282730803,TRUE,3135
3.19719360947468,4.46947305719199,TRUE,3136
3.14551083662829,4.32115583003838,TRUE,3137
2.89750155833282,4.10249844166718,TRUE,3138
3.17512041101978,4.55821292231355,TRUE,3139
2.88957360634448,4.11042639365552,TRUE,3140
2.4774704098503,3.78919625681636,TRUE,3141
3.28048232223177,4.45285101110157,TRUE,3142
2.67095405117348,3.92904594882652,TRUE,3143
2.62343226369393,3.84323440297274,TRUE,3144
3.27686073654266,4.65647259679068,TRUE,3145
2.91367896806308,4.08632103193692,TRUE,3146
2.93900337824065,4.12766328842602,TRUE,3147
2.53203079599464,3.86796920400536,TRUE,3148
2.9727413388455,4.16059199448783,TRUE,3149
2.89750155833282,4.10249844166718,TRUE,3150
2.79082634736305,3.94250698597028,TRUE,3151
3.36449042956383,4.63550957043617,TRUE,3152
3.41163246609237,4.58836753390763,TRUE,3153
2.6515901192891,4.01507654737757,TRUE,3154
2.84854360036014,4.0847897329732,TRUE,3155
2.94511524696957,4.25488475303043,TRUE,3156
2.99869976656217,4.20130023343783,TRUE,3157
2.60933921678214,3.92399411655119,TRUE,3158
2.94714898889843,4.11951767776823,TRUE,3159
2.63136713420967,3.83529953245699,TRUE,3160
2.42123484767356,3.84543181899311,TRUE,3161
2.73521340590959,4.13145326075708,TRUE,3162
3.1923366239271,4.4076633760729,TRUE,3163
3.23617866411317,4.4304880025535,TRUE,3164
2.43963188512266,3.76036811487734,TRUE,3165
2.42820953554931,3.57179046445069,TRUE,3166
3.28486587804998,4.51513412195002,TRUE,3167
2.76752390545412,4.03247609454588,TRUE,3168
2.70288766487646,3.96377900179021,TRUE,3169
2.82343226369393,4.04323440297274,TRUE,3170
2.3576113479618,3.70905531870486,TRUE,3171
3.25637156162298,4.47696177171035,TRUE,3172
2.86638465008256,4.13361534991744,TRUE,3173
2.5722949602421,3.69437170642457,TRUE,3174
2.87401884869344,4.12598115130656,TRUE,3175
2.76752390545412,4.03247609454588,TRUE,3176
2.90938137220949,4.29061862779051,TRUE,3177
2.67864438855423,3.92135561144577,TRUE,3178
2.92972531678288,4.33694134988378,TRUE,3179
3.12658738321183,4.2067459501215,TRUE,3180
2.38070499440552,3.75262833892781,TRUE,3181
2.93096790821302,4.13569875845365,TRUE,3182
2.72003217789049,4.01330115544284,TRUE,3183
2.82951624855593,4.17048375144407,TRUE,3184
2.50383414552338,3.89616585447662,TRUE,3185
3.10594562470965,4.36072104195701,TRUE,3186
2.28486587804998,3.51513412195002,TRUE,3187
3.42820953554931,4.57179046445069,TRUE,3188
2.99417752117567,4.272489145491,TRUE,3189
2.82318638959133,3.97681361040867,TRUE,3190
2.40940374396037,3.6572629227063,TRUE,3191
3.07600588344881,4.39066078321786,TRUE,3192
2.93096790821302,4.13569875845365,TRUE,3193
3.14119777498052,4.39213555835281,TRUE,3194
2.94893264250482,4.18440069082852,TRUE,3195
3.07600588344881,4.39066078321786,TRUE,3196
2.67864438855423,3.92135561144577,TRUE,3197
2.85755193639108,3.94244806360892,TRUE,3198
2.78291492446163,4.01708507553837,TRUE,3199
3.26930349411219,4.39736317255447,TRUE,3200
2.49984446616991,3.76682220049676,TRUE,3201
3.0943179248522,4.3056820751478,TRUE,3202
2.41931808265153,3.9140152506818,TRUE,3203
2.93096790821302,4.13569875845365,TRUE,3204
2.673086576192,3.99358009047467,TRUE,3205
2.44695326561819,3.75304673438181,TRUE,3206
2.47444152482664,3.59222514184003,TRUE,3207
3.19754518099971,4.33578815233363,TRUE,3208
2.45435766292254,3.74564233707746,TRUE,3209
2.90498042666084,4.42835290667249,TRUE,3210
3.27233671157398,4.46099662175935,TRUE,3211
3.60786444164719,4.85880222501948,FALSE,3212
3.28048232223177,4.45285101110157,TRUE,3213
3.10594562470965,4.36072104195701,TRUE,3214
3.35977236349101,4.44022763650899,TRUE,3215
3.2694272383721,4.5305727616279,TRUE,3216
2.84401490776794,4.15598509223206,TRUE,3217
2.30449912482162,3.36216754184505,FALSE,3218
2.44178707768645,3.82487958898022,TRUE,3219
2.55321908257172,3.98011425076162,TRUE,3220
3.10387606340903,4.4294572699243,TRUE,3221
2.63927895804299,3.89405437529035,TRUE,3222
2.50748020762404,3.75918645904263,TRUE,3223
3.01715793408795,4.24950873257872,TRUE,3224
3.18225287133899,4.48441379532768,TRUE,3225
2.93781418800187,4.26218581199813,TRUE,3226
2.56682708824093,3.9665062450924,TRUE,3227
2.79869976656217,4.00130023343783,TRUE,3228
3.00641990952533,4.326913423808,TRUE,3229
3.3427370772937,4.59059625603963,TRUE,3230
3.41163246609237,4.58836753390763,TRUE,3231
2.82238324193507,4.17761675806493,TRUE,3232
3.01715793408795,4.24950873257872,TRUE,3233
3.04010543721798,4.15989456278202,TRUE,3234
2.89666114905765,4.23667218427568,TRUE,3235
2.99869976656217,4.20130023343783,TRUE,3236
3.07095405117348,4.32904594882652,TRUE,3237
2.53203079599464,3.86796920400536,TRUE,3238
3.43166166921233,4.701671664121,TRUE,3239
2.51077515491731,3.88922484508269,TRUE,3240
3.18089257610993,4.35244075722341,TRUE,3241
2.73521340590959,4.13145326075708,TRUE,3242
2.88952310471955,4.24381022861378,TRUE,3243
2.77517202342396,4.02482797657604,TRUE,3244
2.96408440139442,4.36924893193891,TRUE,3245
2.89559520957687,4.30440479042313,TRUE,3246
3.12146462420345,4.34520204246321,TRUE,3247
2.80674966424578,3.99325033575421,TRUE,3248
3.54225640392032,4.65774359607968,FALSE,3249
2.8367259607895,4.1632740392105,TRUE,3250
2.81532454354612,4.18467545645388,TRUE,3251
3.15676559702726,4.37656773630607,TRUE,3252
2.58583822448117,3.74749510885217,TRUE,3253
2.12563717899165,3.54102948767501,TRUE,3254
2.95727407484252,4.37605925849081,TRUE,3255
2.79075622236062,4.00924377763938,TRUE,3256
2.79267480167477,4.0739918649919,TRUE,3257
2.64698987424003,3.88634345909331,TRUE,3258
2.96476456973864,4.30190209692803,TRUE,3259
2.50383414552338,3.89616585447662,TRUE,3260
3.06335660248852,4.33664339751148,TRUE,3261
3.16135237968601,4.57198095364733,TRUE,3262
2.66992551595562,4.06340781737772,TRUE,3263
2.81080374318364,4.1225295901497,TRUE,3264
3.16904611246143,4.43095388753857,TRUE,3265
2.84401490776794,4.15598509223206,TRUE,3266
2.81532454354612,4.18467545645388,TRUE,3267
2.50824295973421,3.82509037359912,TRUE,3268
3.03383271242535,4.36616728757465,TRUE,3269
3.03158296006121,4.16841703993879,TRUE,3270
2.4694272383721,3.7305727616279,TRUE,3271
2.46590398665149,3.60076268001518,TRUE,3272
2.65479795753679,3.87853537579655,TRUE,3273
2.86296910836342,4.20369755830325,TRUE,3274
2.71637870191799,4.08362129808201,TRUE,3275
3.18225287133899,4.48441379532768,TRUE,3276
2.60030110158479,3.79969889841521,TRUE,3277
2.73059275513965,4.06940724486035,TRUE,3278
2.39486952757519,3.73846380575815,TRUE,3279
2.92678896565323,3.93987770101344,TRUE,3280
3.0837724380826,4.24956089525073,TRUE,3281
3.098328335879,4.36833833078767,TRUE,3282
2.87018012007141,4.19648654659526,TRUE,3283
3.08643110736019,4.31356889263981,TRUE,3284
3.02501095763496,4.2416557090317,TRUE,3285
3.12563717899165,4.54102948767501,TRUE,3286
2.86854673924292,4.26478659409041,TRUE,3287
3.21813925415349,4.58186074584651,TRUE,3288
2.7421347922424,4.12453187442427,TRUE,3289
2.91618881465257,4.3504778520141,TRUE,3290
3.32146462420345,4.54520204246321,TRUE,3291
2.67864438855423,3.92135561144577,TRUE,3292
2.89750155833282,4.10249844166718,TRUE,3293
2.2281807006601,3.43848596600657,FALSE,3294
2.78916817664664,4.1441651566867,TRUE,3295
2.65584875576084,3.94415124423916,TRUE,3296
2.655825519267,3.81084114739966,TRUE,3297
2.80351345340474,4.12981987992859,TRUE,3298
2.56904611246143,3.83095388753857,TRUE,3299
2.60389116364838,4.06277550301829,TRUE,3300
2.7272107173918,3.60612261594153,TRUE,3301
2.327510854509,3.60582247882433,TRUE,3302
2.8588413445091,4.1411586554909,TRUE,3303
2.32675349967304,3.80657983366029,TRUE,3304
2.83940800551217,4.0272586611545,TRUE,3305
2.54658524826896,3.85341475173104,TRUE,3306
2.98089257610993,4.15244075722341,TRUE,3307
2.78291492446163,4.01708507553837,TRUE,3308
3.00674966424579,4.19325033575422,TRUE,3309
2.7427370772937,3.99059625603963,TRUE,3310
2.73521340590959,4.13145326075708,TRUE,3311
2.8688022509535,4.3311977490465,TRUE,3312
3.07444152482664,4.19222514184003,TRUE,3313
2.74839337123913,3.7849399620942,TRUE,3314
2.70230880356539,3.89769119643461,TRUE,3315
2.55618977138622,3.91047689528045,TRUE,3316
2.77441296881094,4.22558703118906,TRUE,3317
2.48708123053783,3.6462521027955,TRUE,3318
3.47444152482664,4.59222514184003,TRUE,3319
3.02665699625177,4.4400096704149,TRUE,3320
2.46270697649491,3.67062635683842,TRUE,3321
2.67864438855423,3.92135561144577,TRUE,3322
2.97790704259215,4.35542629074118,TRUE,3323
2.61051256090438,4.05615410576229,TRUE,3324
3.05953100530561,4.27380232802772,TRUE,3325
2.62485589703041,3.7751441029696,TRUE,3326
2.98669884455716,4.27996782210951,TRUE,3327
3.57671290857252,4.82328709142748,FALSE,3328
2.68643110736019,3.91356889263981,TRUE,3329
2.75249862556762,4.04750137443238,TRUE,3330
2.56904611246143,3.83095388753857,TRUE,3331
2.61051256090438,4.05615410576229,TRUE,3332
3.01469995958375,4.11863337374959,TRUE,3333
3.00940374396037,4.2572629227063,TRUE,3334
3.09208014415095,4.24125318918238,TRUE,3335
2.5705427300757,3.89612393659097,TRUE,3336
2.89229967222036,4.1743669944463,TRUE,3337
3.20837278722112,4.39162721277888,TRUE,3338
2.65695484871067,4.209711817956,TRUE,3339
2.52487122164771,3.87512877835229,TRUE,3340
2.21112404121913,3.58887595878087,TRUE,3341
3.06873165846967,4.397935008197,TRUE,3342
2.49984446616991,3.76682220049676,TRUE,3343
3.18967988765712,4.47698677900955,TRUE,3344
3.21080374318364,4.5225295901497,TRUE,3345
3.21469995958375,4.31863337374959,TRUE,3346
2.87401884869344,4.12598115130656,TRUE,3347
2.13246398958223,3.53420267708443,TRUE,3348
2.44102927876718,3.62563738789948,TRUE,3349
3.15676559702726,4.37656773630607,TRUE,3350
2.8256330055537,4.10770032777964,TRUE,3351
3.10594562470965,4.36072104195701,TRUE,3352
2.87233671157398,4.06099662175935,TRUE,3353
2.655825519267,3.81084114739966,TRUE,3354
3.19719360947468,4.46947305719199,TRUE,3355
3.18447519263622,4.41552480736378,TRUE,3356
2.44178707768645,3.82487958898022,TRUE,3357
2.97199515827111,4.29467150839556,TRUE,3358
2.53986581707255,3.99346751626078,TRUE,3359
3.33738761643249,4.52927905023417,TRUE,3360
2.72619767197228,3.94046899469439,TRUE,3361
3.14551083662829,4.32115583003838,TRUE,3362
3.04842741362549,4.35157258637451,TRUE,3363
2.58093126398443,3.68573540268224,TRUE,3364
2.35738424103343,3.84261575896657,TRUE,3365
2.61669484688385,3.91663848644948,TRUE,3366
2.95996717269197,4.24003282730803,TRUE,3367
2.64457370925882,4.02209295740785,TRUE,3368
3.12937364316158,4.33729302350509,TRUE,3369
3.06854673924292,4.46478659409041,TRUE,3370
2.51077515491731,3.88922484508269,TRUE,3371
2.79082634736305,3.94250698597028,TRUE,3372
2.87272361562603,3.99394305104064,TRUE,3373
2.40417955157514,3.79582044842486,TRUE,3374
2.63136713420967,3.83529953245699,TRUE,3375
3.04920313963025,4.21746352703641,TRUE,3376
2.98053620633938,4.48613046032728,TRUE,3377
2.68781512243929,3.97885154422737,TRUE,3378
2.71040797458282,3.88959202541718,TRUE,3379
3.37930567953364,4.68736098713303,TRUE,3380
2.69809790307197,4.03523543026136,TRUE,3381
2.71832949500692,3.94833717165975,TRUE,3382
2.49229967222036,3.7743669944463,TRUE,3383
3.20837278722112,4.39162721277888,TRUE,3384
3.26305865011622,4.67027468321712,TRUE,3385
3.25637156162298,4.47696177171035,TRUE,3386
3.13203079599464,4.46796920400536,TRUE,3387
2.74224815201298,3.92441851465369,TRUE,3388
3.06590398665149,4.20076268001518,TRUE,3389
3.34352740320932,4.72313926345734,TRUE,3390
2.71637870191799,4.08362129808201,TRUE,3391
2.8367259607895,4.1632740392105,TRUE,3392
2.93659218262228,4.33007448404438,TRUE,3393
3.41644485343497,4.51688847989837,TRUE,3394
2.98492345262243,4.3484098807109,TRUE,3395
2.59867346810912,4.00132653189088,TRUE,3396
2.33370155498377,3.46629844501623,FALSE,3397
2.93355739937784,4.1997759339555,TRUE,3398
2.75618977138622,4.11047689528045,TRUE,3399
3.24148173147883,4.2918516018545,TRUE,3400
3.5152102670268,4.75145639963986,FALSE,3401
2.05953100530561,3.27380232802772,FALSE,3402
2.78253647296359,3.95079686036975,TRUE,3403
2.90387606340903,4.2294572699243,TRUE,3404
3.19719360947468,4.46947305719199,TRUE,3405
2.73416916431418,3.93249750235249,TRUE,3406
2.61669484688385,3.91663848644948,TRUE,3407
2.69530688346159,3.97135978320508,TRUE,3408
2.65867949614313,4.00798717052353,TRUE,3409
3.11365654090669,4.35301012575997,TRUE,3410
2.73507808035829,3.99825525297505,TRUE,3411
1.96378959845359,3.10287706821307,FALSE,3412
2.2281807006601,3.43848596600657,FALSE,3413
2.99869976656217,4.20130023343783,TRUE,3414
2.53328035316563,4.0000529801677,TRUE,3415
2.55094453002634,3.64905546997366,TRUE,3416
2.38760765473737,3.61239234526263,TRUE,3417
2.90290313105958,4.36376353560709,TRUE,3418
3.69553020985953,4.63780312347381,FALSE,3419
2.42442155424641,3.44224511242026,FALSE,3420
2.66305865011622,4.07027468321712,TRUE,3421
2.58583822448117,3.74749510885217,TRUE,3422
2.55222264453019,4.04777735546981,TRUE,3423
2.33659218262228,3.73007448404438,TRUE,3424
2.58447519263622,3.81552480736378,TRUE,3425
2.9152102670268,4.15145639963986,TRUE,3426
3.19630244169675,4.53703089163658,TRUE,3427
3.26084257411382,4.40582409255284,TRUE,3428
2.72694962113639,3.87305037886361,TRUE,3429
3.04920313963026,4.21746352703641,TRUE,3430
2.54658524826896,3.85341475173104,TRUE,3431
3.34551083662829,4.52115583003838,TRUE,3432
2.97930567953364,4.28736098713303,TRUE,3433
2.8002240660445,4.06644260062216,TRUE,3434
2.73540215475454,3.86459784524546,TRUE,3435
2.32003217789049,3.61330115544284,TRUE,3436
3.03622099820979,4.29711233512354,TRUE,3437
3.53096790821302,4.73569875845365,FALSE,3438
3.2694272383721,4.5305727616279,TRUE,3439
3.12937364316158,4.33729302350509,TRUE,3440
3.29809790307197,4.63523543026136,TRUE,3441
3.47444152482664,4.59222514184003,TRUE,3442
2.8256330055537,4.10770032777964,TRUE,3443
2.46296910836342,3.80369755830325,TRUE,3444
2.67072094976583,3.86261238356751,TRUE,3445
3.11854679808771,4.41478653524563,TRUE,3446
2.16470046754301,3.36863286579033,FALSE,3447
2.81136244075667,3.85530422591,TRUE,3448
2.75456818100689,4.17876515232644,TRUE,3449
3.14119777498052,4.39213555835281,TRUE,3450
2.71252656868337,3.82080676464996,TRUE,3451
3.23617866411317,4.4304880025535,TRUE,3452
3.01715793408795,4.24950873257872,TRUE,3453
3.37058360383287,4.49608306283379,TRUE,3454
3.06873165846967,4.397935008197,TRUE,3455
2.44695326561819,3.75304673438181,TRUE,3456
2.88484265141122,4.18182401525544,TRUE,3457
2.87401884869344,4.12598115130656,TRUE,3458
2.79267480167477,4.0739918649919,TRUE,3459
2.90387606340903,4.2294572699243,TRUE,3460
2.82343226369393,4.04323440297274,TRUE,3461
3.09666114905765,4.43667218427568,TRUE,3462
2.94352740320932,4.32313926345735,TRUE,3463
2.673086576192,3.99358009047467,TRUE,3464
2.93059275513965,4.26940724486035,TRUE,3465
2.48484265141122,3.78182401525544,TRUE,3466
2.90748020762404,4.15918645904263,TRUE,3467
3.30070210390206,4.49929789609794,TRUE,3468
3.33507808035829,4.59825525297505,TRUE,3469
3.44920313963025,4.61746352703641,TRUE,3470
2.66992551595562,4.06340781737772,TRUE,3471
2.47018012007141,3.79648654659526,TRUE,3472
3.41715793408795,4.64950873257872,TRUE,3473
3.0908013445173,4.37586532214936,TRUE,3474
3.20351345340474,4.52981987992859,TRUE,3475
2.81532454354612,4.18467545645388,TRUE,3476
2.44551074275713,3.8878225905762,TRUE,3477
3.66829454593621,4.73170545406379,FALSE,3478
2.8549058551675,4.27842747816583,TRUE,3479
2.87546812557573,4.2578652077576,TRUE,3480
2.68386639471714,4.04946693861619,TRUE,3481
3.01469995958375,4.11863337374959,TRUE,3482
2.94511524696957,4.25488475303043,TRUE,3483
3.29094468129514,4.6423886520382,TRUE,3484
2.82318638959133,3.97681361040867,TRUE,3485
2.90938137220949,4.29061862779051,TRUE,3486
2.61252135697588,3.98747864302412,TRUE,3487
2.53900337824065,3.72766328842602,TRUE,3488
2.83317779950324,4.10015553383009,TRUE,3489
3.03622099820979,4.29711233512354,TRUE,3490
3.04389405084599,4.28943928248735,TRUE,3491
2.7421347922424,4.12453187442427,TRUE,3492
2.93659218262228,4.33007448404438,TRUE,3493
2.65584875576084,3.94415124423916,TRUE,3494
3.24081354095737,4.49251979237596,TRUE,3495
3.31696831256988,4.48303168743012,TRUE,3496
2.31263901286697,3.62069432046636,TRUE,3497
2.64284882319099,4.09048451014234,TRUE,3498
2.69530688346159,3.97135978320508,TRUE,3499
2.87272361562603,3.99394305104064,TRUE,3500
2.94511524696957,4.25488475303043,TRUE,3501
2.93059275513965,4.26940724486035,TRUE,3502
2.8367259607895,4.1632740392105,TRUE,3503
3.50087486167928,4.56579180498739,FALSE,3504
2.65078649048947,4.21588017617719,TRUE,3505
2.88484265141122,4.18182401525544,TRUE,3506
2.82343226369393,4.04323440297274,TRUE,3507
2.80786444164719,4.05880222501948,TRUE,3508
3.21817598474456,4.51515734858878,TRUE,3509
2.9260081350081,4.20732519832523,TRUE,3510
3.08311152010163,4.18355514656503,TRUE,3511
3.18695038567815,4.67971628098852,TRUE,3512
3.35094453002634,4.44905546997366,TRUE,3513
2.62485589703041,3.77514410296959,TRUE,3514
2.35094453002634,3.44905546997366,FALSE,3515
2.8256330055537,4.10770032777964,TRUE,3516
3.11365654090669,4.35301012575997,TRUE,3517
3.37436261210052,4.55897072123282,TRUE,3518
3.05584875576084,4.34415124423916,TRUE,3519
2.56536071788789,4.10130594877878,TRUE,3520
3.0195509756386,4.3804490243614,TRUE,3521
2.93722449698171,4.39610883635162,TRUE,3522
3.81136244075667,4.85530422591,FALSE,3523
2.61669484688385,3.91663848644948,TRUE,3524
2.48668886744791,3.84664446588543,TRUE,3525
2.85138576074002,4.14861423925998,TRUE,3526
2.82318638959133,3.97681361040867,TRUE,3527
2.7283599700592,4.13830669660747,TRUE,3528
3.11778678023703,4.48221321976297,TRUE,3529
2.99201282947647,4.34132050385687,TRUE,3530
2.60837278722112,3.79162721277888,TRUE,3531
3.06873165846967,4.397935008197,TRUE,3532
3.10594562470965,4.36072104195701,TRUE,3533
2.80785674997674,4.25880991668992,TRUE,3534
2.2694272383721,3.5305727616279,TRUE,3535
3.54582713139918,4.78750620193416,FALSE,3536
2.78521346475437,4.08145320191229,TRUE,3537
2.75618977138622,4.11047689528045,TRUE,3538
2.53052694280801,3.80280639052532,TRUE,3539
2.73507808035829,3.99825525297505,TRUE,3540
3.02665397833322,4.37334602166678,TRUE,3541
3.61995134786536,4.71338198546798,FALSE,3542
2.23617866411317,3.4304880025535,FALSE,3543
2.98291492446163,4.21708507553837,TRUE,3544
2.78823984753544,4.27842681913123,TRUE,3545
2.98093126398443,4.08573540268224,TRUE,3546
2.90951548985766,4.35715117680901,TRUE,3547
2.93900337824065,4.12766328842602,TRUE,3548
2.82318638959133,3.97681361040867,TRUE,3549
2.30070210390206,3.49929789609794,FALSE,3550
2.9260081350081,4.20732519832523,TRUE,3551
2.63136713420967,3.83529953245699,TRUE,3552
3.11854679808771,4.41478653524563,TRUE,3553
2.49984446616991,3.76682220049676,TRUE,3554
2.58447519263622,3.81552480736378,TRUE,3555
2.99862217158229,4.06804449508437,TRUE,3556
2.42501095763496,3.6416557090317,TRUE,3557
2.47011853959791,3.92988146040209,TRUE,3558
2.32772590157326,3.67227409842674,TRUE,3559
2.86854673924292,4.26478659409041,TRUE,3560
2.98291492446163,4.21708507553837,TRUE,3561
3.53919797696725,4.59413535636609,FALSE,3562
3.07558148534631,4.25775184798702,TRUE,3563
2.59486952757519,3.93846380575815,TRUE,3564
2.90562829357543,4.0277050397579,TRUE,3565
2.74912619119995,4.11754047546671,TRUE,3566
2.86638465008256,4.13361534991744,TRUE,3567
3.11077515491731,4.48922484508269,TRUE,3568
3.08952310471955,4.44381022861378,TRUE,3569
3.05953100530561,4.27380232802772,TRUE,3570
3.01374265083041,4.31959068250293,TRUE,3571
3.01715793408795,4.24950873257872,TRUE,3572
3.11854679808771,4.41478653524563,TRUE,3573
2.38760765473737,3.61239234526263,TRUE,3574
2.92972531678288,4.33694134988378,TRUE,3575
3.0919203358018,4.17474633086486,TRUE,3576
2.52157252183417,3.9450941448325,TRUE,3577
2.98970475023541,4.07696191643125,TRUE,3578
3.37436261210052,4.55897072123282,TRUE,3579
2.37919323535004,3.48747343131663,FALSE,3580
2.78916817664664,4.1441651566867,TRUE,3581
2.36388713120501,3.83611286879499,TRUE,3582
3.21655613034277,4.38344386965723,TRUE,3583
3.01491030515605,4.18508969484395,TRUE,3584
3.24737166107219,4.61929500559448,TRUE,3585
2.97096139170092,4.36237194163242,TRUE,3586
3.23963188512266,4.56036811487734,TRUE,3587
3.098328335879,4.36833833078767,TRUE,3588
2.57373129762334,3.95960203570999,TRUE,3589
2.51696831256988,3.68303168743012,TRUE,3590
2.59267480167477,3.8739918649919,TRUE,3591
2.27686073654266,3.65647259679068,TRUE,3592
2.59417590744716,3.73915742588618,TRUE,3593
2.66335660248852,3.93664339751148,TRUE,3594
2.55362040520571,3.77971292812762,TRUE,3595
2.8588413445091,4.1411586554909,TRUE,3596
2.81080374318364,4.1225295901497,TRUE,3597
2.63940800551217,3.8272586611545,TRUE,3598
3.00605694895936,4.12727638437397,TRUE,3599
2.78253647296359,3.95079686036975,TRUE,3600
3.13355739937784,4.3997759339555,TRUE,3601
2.78106987128801,4.21893012871199,TRUE,3602
2.31696831256988,3.48303168743012,FALSE,3603
3.30877926422738,4.49122073577262,TRUE,3604
2.60403416690469,4.12929916642864,TRUE,3605
2.63136713420967,3.83529953245699,TRUE,3606
2.66992551595562,4.06340781737772,TRUE,3607
2.76752390545412,4.03247609454588,TRUE,3608
2.59417590744716,3.73915742588618,TRUE,3609
2.16904611246143,3.43095388753857,FALSE,3610
2.9722949602421,4.09437170642457,TRUE,3611
2.95249862556762,4.24750137443238,TRUE,3612
3.18225287133899,4.48441379532768,TRUE,3613
2.42801904635267,3.83864762031399,TRUE,3614
2.63075106806109,4.03591559860558,TRUE,3615
2.84854360036014,4.0847897329732,TRUE,3616
2.50383414552338,3.89616585447662,TRUE,3617
3.60263682744553,4.73069650588781,FALSE,3618
2.51558620467232,3.81774712866101,TRUE,3619
2.69530688346159,3.97135978320508,TRUE,3620
3.07546812557573,4.4578652077576,TRUE,3621
2.99201282947647,4.34132050385687,TRUE,3622
2.74912619119995,4.11754047546671,TRUE,3623
3.33659218262228,4.73007448404438,TRUE,3624
2.71832949500692,3.94833717165975,TRUE,3625
2.37980616385185,3.62019383614815,TRUE,3626
2.91637870191799,4.28362129808201,TRUE,3627
3.04920313963026,4.21746352703641,TRUE,3628
3.00174474702495,4.26492191964171,TRUE,3629
2.64698987424003,3.88634345909331,TRUE,3630
3.19854346366161,4.20145653633839,TRUE,3631
2.70578683704138,3.69421316295862,TRUE,3632
2.45479795753679,3.67853537579655,TRUE,3633
2.5283599700592,3.93830669660747,TRUE,3634
2.76820247033365,4.16513086299969,TRUE,3635
2.56151403399343,3.7718192993399,TRUE,3636
2.63927895804299,3.89405437529035,TRUE,3637
3.25441698653396,4.6122496801327,TRUE,3638
2.80351345340474,4.12981987992859,TRUE,3639
2.38669884455716,3.67996782210951,TRUE,3640
3.327510854509,4.60582247882433,TRUE,3641
2.02318638959133,3.17681361040867,FALSE,3642
2.602064991803,3.93126834153033,TRUE,3643
2.76630002625815,3.96703330707518,TRUE,3644
3.40351666845045,4.59648333154955,TRUE,3645
2.60389116364838,4.06277550301829,TRUE,3646
2.68781512243929,3.97885154422737,TRUE,3647
3.22665699625177,4.6400096704149,TRUE,3648
3.298328335879,4.56833833078767,TRUE,3649
3.14893264250482,4.38440069082852,TRUE,3650
3.65932754856468,4.74067245143532,FALSE,3651
3.34953521706723,4.65046478293277,TRUE,3652
3.32146462420345,4.54520204246321,TRUE,3653
2.87401884869344,4.12598115130656,TRUE,3654
2.7280542563197,4.20527907701363,TRUE,3655
2.87401884869344,4.12598115130656,TRUE,3656
2.99417752117567,4.272489145491,TRUE,3657
2.96408440139442,4.36924893193891,TRUE,3658
3.48708123053783,4.6462521027955,TRUE,3659
2.97790704259215,4.35542629074118,TRUE,3660
3.39417752117567,4.672489145491,TRUE,3661
2.61559930917148,3.85106735749518,TRUE,3662
3.17671290857252,4.42328709142748,TRUE,3663
2.76332781572432,4.10333885094235,TRUE,3664
2.60556289379513,3.99443710620487,TRUE,3665
2.55222264453019,4.04777735546981,TRUE,3666
2.75049126742128,3.98284206591205,TRUE,3667
3.16147136472987,4.43852863527013,TRUE,3668
2.41163246609237,3.58836753390763,TRUE,3669
3.16147136472987,4.43852863527013,TRUE,3670
2.60556289379513,3.99443710620487,TRUE,3671
2.26873165846966,3.597935008197,TRUE,3672
2.84081354095737,4.09251979237596,TRUE,3673
2.94119777498052,4.19213555835281,TRUE,3674
2.93096790821302,4.13569875845365,TRUE,3675
2.59267480167477,3.8739918649919,TRUE,3676
2.59486952757519,3.93846380575815,TRUE,3677
3.02665699625177,4.4400096704149,TRUE,3678
2.72694962113639,3.87305037886361,TRUE,3679
3.05166282834025,4.28167050499308,TRUE,3680
3.02864021679492,4.30469311653841,TRUE,3681
2.68136662625041,3.78530004041625,TRUE,3682
2.58070499440552,3.95262833892781,TRUE,3683
3.04389405084599,4.28943928248735,TRUE,3684
2.81532454354612,4.18467545645388,TRUE,3685
2.42522739617968,3.77477260382032,TRUE,3686
2.62413467785064,3.9091986554827,TRUE,3687
3.05749301402972,4.20917365263695,TRUE,3688
2.79267480167477,4.0739918649919,TRUE,3689
3.12694962113639,4.27305037886361,TRUE,3690
2.62413467785064,3.9091986554827,TRUE,3691
2.60786444164719,3.85880222501948,TRUE,3692
3.52127209543128,4.61206123790205,FALSE,3693
2.37210159718624,3.62789840281376,TRUE,3694
2.86296910836342,4.20369755830325,TRUE,3695
2.9260081350081,4.20732519832523,TRUE,3696
2.39486952757519,3.73846380575815,TRUE,3697
3.16147136472987,4.43852863527013,TRUE,3698
3.07864438855423,4.32135561144577,TRUE,3699
2.64108965315859,3.95891034684141,TRUE,3700
2.4834143969358,3.9165856030642,TRUE,3701
2.53926794565449,3.86073205434552,TRUE,3702
2.51558620467232,3.81774712866101,TRUE,3703
2.60786444164719,3.85880222501948,TRUE,3704
2.93059275513965,4.26940724486035,TRUE,3705
3.17058360383287,4.29608306283379,TRUE,3706
3.28486587804998,4.51513412195002,TRUE,3707
3.01469995958375,4.11863337374959,TRUE,3708
2.50824295973421,3.82509037359912,TRUE,3709
2.52487122164771,3.87512877835229,TRUE,3710
2.96408440139442,4.36924893193891,TRUE,3711
2.45435766292254,3.74564233707746,TRUE,3712
3.03296669292482,4.23369997374185,TRUE,3713
2.33507808035829,3.59825525297505,TRUE,3714
2.67686073654266,4.05647259679068,TRUE,3715
3.12563717899165,4.54102948767501,TRUE,3716
2.37930567953364,3.68736098713303,TRUE,3717
2.7421347922424,4.12453187442427,TRUE,3718
2.43668097371309,3.56331902628691,TRUE,3719
3.29548425603366,4.37118241063301,TRUE,3720
2.94714898889843,4.11951767776823,TRUE,3721
2.87401884869344,4.12598115130656,TRUE,3722
2.56151403399343,3.7718192993399,TRUE,3723
3.43668097371309,4.56331902628691,TRUE,3724
2.46590398665149,3.60076268001518,TRUE,3725
3.44698987424003,4.68634345909331,TRUE,3726
2.71056071751266,3.95610594915401,TRUE,3727
2.59867346810912,4.00132653189088,TRUE,3728
2.41669484688385,3.71663848644948,TRUE,3729
2.93881881454217,4.06118118545783,TRUE,3730
2.56147136472987,3.83852863527013,TRUE,3731
3.47884416996162,4.65448916337171,TRUE,3732
2.64842741362549,3.95157258637451,TRUE,3733
2.7421347922424,4.12453187442427,TRUE,3734
3.0943179248522,4.3056820751478,TRUE,3735
3.10594562470965,4.36072104195701,TRUE,3736
2.64842741362549,3.95157258637451,TRUE,3737
2.62413467785064,3.9091986554827,TRUE,3738
2.62665397833322,3.97334602166678,TRUE,3739
3.55094453002634,4.64905546997366,FALSE,3740
2.56904611246143,3.83095388753857,TRUE,3741
2.89984446616991,4.16682220049676,TRUE,3742
3.38070499440552,4.75262833892781,TRUE,3743
2.66335660248852,3.93664339751148,TRUE,3744
2.718619963728,3.881380036272,TRUE,3745
2.7705427300757,4.09612393659097,TRUE,3746
3.39550982251458,4.60449017748542,TRUE,3747
2.493796844509,3.83953648882433,TRUE,3748
3.39417752117567,4.672489145491,TRUE,3749
2.47884416996162,3.65448916337171,TRUE,3750
3.13926794565448,4.46073205434551,TRUE,3751
2.2256330055537,3.50770032777964,TRUE,3752
3.11117038604662,4.42216294728671,TRUE,3753
2.97199515827111,4.29467150839556,TRUE,3754
3.16470046754301,4.36863286579033,TRUE,3755
2.94119777498052,4.19213555835281,TRUE,3756
3.42501095763496,4.6416557090317,TRUE,3757
2.75874681081762,3.90791985584905,TRUE,3758
2.40174474702495,3.66492191964171,TRUE,3759
3.24039796429001,4.62626870237666,TRUE,3760
2.48668886744791,3.84664446588543,TRUE,3761
2.81644485343497,3.91688847989837,TRUE,3762
3.71040797458282,4.88959202541718,FALSE,3763
2.2927323669688,3.5072676330312,TRUE,3764
2.89907194973149,3.96759471693517,TRUE,3765
3.31365654090669,4.55301012575997,TRUE,3766
2.93096790821302,4.13569875845365,TRUE,3767
2.92303822828965,4.14362843837702,TRUE,3768
2.74119008331008,4.19214325002326,TRUE,3769
2.31365654090669,3.55301012575997,TRUE,3770
2.76127910578517,4.23872089421483,TRUE,3771
2.67686073654266,4.05647259679068,TRUE,3772
2.54225640392032,3.65774359607968,TRUE,3773
2.99867346810912,4.40132653189088,TRUE,3774
3.24081354095737,4.49251979237596,TRUE,3775
2.5850937655511,4.0149062344489,TRUE,3776
2.88484265141122,4.18182401525544,TRUE,3777
3.3427370772937,4.59059625603963,TRUE,3778
2.3427370772937,3.59059625603963,TRUE,3779
2.61559930917148,3.85106735749518,TRUE,3780
3.70230880356539,4.89769119643461,FALSE,3781
2.655825519267,3.81084114739966,TRUE,3782
2.77517202342396,4.02482797657604,TRUE,3783
2.66305865011622,4.07027468321712,TRUE,3784
3.05584875576084,4.34415124423916,TRUE,3785
2.95996717269197,4.24003282730803,TRUE,3786
3.16046351117567,4.506203155491,TRUE,3787
2.97199515827111,4.29467150839556,TRUE,3788
2.8367259607895,4.1632740392105,TRUE,3789
3.24428521211441,4.42238145455225,TRUE,3790
3.17512041101978,4.55821292231355,TRUE,3791
3.00940374396037,4.2572629227063,TRUE,3792
2.74784800863194,4.18548532470139,TRUE,3793
2.84081354095737,4.09251979237596,TRUE,3794
2.35093780276575,3.84906219723425,TRUE,3795
3.17490962640088,4.49175704026579,TRUE,3796
2.9727413388455,4.16059199448783,TRUE,3797
2.62485589703041,3.77514410296959,TRUE,3798
3.25637156162298,4.47696177171035,TRUE,3799
3.14658524826896,4.45341475173104,TRUE,3800
2.96476456973864,4.30190209692803,TRUE,3801
3.00605694895936,4.12727638437397,TRUE,3802
2.77799970837261,4.35533362496072,TRUE,3803
3.00174474702495,4.26492191964171,TRUE,3804
2.695437056166,3.83789627716733,TRUE,3805
3.21249379806584,4.45417286860082,TRUE,3806
2.99869976656217,4.20130023343783,TRUE,3807
2.6688022509535,4.1311977490465,TRUE,3808
2.24737166107219,3.61929500559448,TRUE,3809
3.298328335879,4.56833833078767,TRUE,3810
3.098328335879,4.36833833078767,TRUE,3811
3.18447519263622,4.41552480736378,TRUE,3812
2.30578683704138,3.29421316295862,FALSE,3813
2.56147136472987,3.83852863527013,TRUE,3814
2.68386639471714,4.04946693861619,TRUE,3815
3.31618881465257,4.7504778520141,TRUE,3816
2.91637870191799,4.28362129808201,TRUE,3817
3.29548425603366,4.37118241063301,TRUE,3818
3.84010543721798,4.95989456278202,FALSE,3819
2.727510854509,4.00582247882433,TRUE,3820
3.17671290857252,4.42328709142748,TRUE,3821
2.77436261210052,3.95897072123282,TRUE,3822
2.69094468129513,4.0423886520382,TRUE,3823
3.00174474702495,4.26492191964171,TRUE,3824
3.43668097371309,4.56331902628691,TRUE,3825
2.88952310471955,4.24381022861378,TRUE,3826
2.75618977138622,4.11047689528045,TRUE,3827
2.58070499440552,3.95262833892781,TRUE,3828
2.37199515827111,3.69467150839556,TRUE,3829
3.15398542747099,4.44601457252901,TRUE,3830
2.82951624855593,4.17048375144407,TRUE,3831
3.21249379806584,4.45417286860082,TRUE,3832
2.23317779950324,3.50015553383009,TRUE,3833
2.602064991803,3.93126834153033,TRUE,3834
3.24182554746666,4.35817445253334,TRUE,3835
2.60030110158479,3.79969889841521,TRUE,3836
2.96513899625029,4.03486100374971,TRUE,3837
2.81817598474456,4.11515734858878,TRUE,3838
2.74511524696957,4.05488475303043,TRUE,3839
3.07558148534631,4.25775184798702,TRUE,3840
2.71252656868337,3.82080676464996,TRUE,3841
3.38253647296359,4.55079686036975,TRUE,3842
3.1923366239271,4.4076633760729,TRUE,3843
2.99917749808372,4.33415583524961,TRUE,3844
3.1537478972045,4.31291876946217,TRUE,3845
2.55362040520571,3.77971292812762,TRUE,3846
2.76752390545412,4.03247609454588,TRUE,3847
2.54714898889843,3.71951767776823,TRUE,3848
3.30070210390206,4.49929789609794,TRUE,3849
2.60556289379513,3.99443710620487,TRUE,3850
3.11117038604662,4.42216294728671,TRUE,3851
2.7672918685105,3.76604146482283,TRUE,3852
2.82837980356699,4.30495352976634,TRUE,3853
2.62394074150919,4.04272592515748,TRUE,3854
3.21817598474456,4.51515734858878,TRUE,3855
3.16820247033365,4.56513086299969,TRUE,3856
3.00174474702495,4.26492191964171,TRUE,3857
3.06335660248852,4.33664339751148,TRUE,3858
2.28486587804998,3.51513412195002,TRUE,3859
2.79267480167477,4.0739918649919,TRUE,3860
3.48311152010163,4.58355514656503,TRUE,3861
2.51252656868337,3.62080676464996,TRUE,3862
2.78181466261492,4.28485200405174,TRUE,3863
2.97930567953364,4.28736098713303,TRUE,3864
3.10383414552338,4.49616585447662,TRUE,3865
2.86225603488028,4.33774396511972,TRUE,3866
2.63166166921233,3.901671664121,TRUE,3867
2.49015570956796,3.90984429043205,TRUE,3868
2.79869976656217,4.00130023343783,TRUE,3869
3.05749301402972,4.20917365263695,TRUE,3870
2.9260081350081,4.20732519832523,TRUE,3871
2.70245423167283,4.09754576832717,TRUE,3872
2.84178707768645,4.22487958898022,TRUE,3873
2.48484265141122,3.78182401525544,TRUE,3874
3.13203079599464,4.46796920400536,TRUE,3875
2.71056071751265,3.95610594915401,TRUE,3876
2.63166166921233,3.901671664121,TRUE,3877
2.50391693716621,3.62941639616713,TRUE,3878
2.3135712104411,3.6864287895589,TRUE,3879
2.62665397833322,3.97334602166678,TRUE,3880
2.66992551595562,4.06340781737772,TRUE,3881
2.51558620467232,3.81774712866101,TRUE,3882
2.42501095763496,3.6416557090317,TRUE,3883
3.04039796429001,4.42626870237666,TRUE,3884
3.28386639471714,4.64946693861619,TRUE,3885
2.92344839861882,4.27655160138118,TRUE,3886
2.40417955157514,3.79582044842486,TRUE,3887
3.20837278722112,4.39162721277888,TRUE,3888
2.51778678023703,3.88221321976297,TRUE,3889
3.2997025611534,4.7002974388466,TRUE,3890
2.30877926422738,3.49122073577262,FALSE,3891
2.98915885260034,4.144174480733,TRUE,3892
3.11040797458282,4.28959202541718,TRUE,3893
3.13203079599464,4.46796920400536,TRUE,3894
2.8256330055537,4.10770032777964,TRUE,3895
3.24081354095737,4.49251979237596,TRUE,3896
2.855825519267,4.01084114739967,TRUE,3897
2.88174730738056,4.11825269261944,TRUE,3898
2.80777485815997,3.92555847517336,TRUE,3899
2.57671290857252,3.82328709142748,TRUE,3900
2.62631459904294,3.64035206762373,TRUE,3901
3.26430124154635,4.46903209178698,TRUE,3902
3.08643110736019,4.31356889263981,TRUE,3903
3.0908013445173,4.37586532214936,TRUE,3904
3.09015570956796,4.50984429043204,TRUE,3905
2.85637156162298,4.07696177171035,TRUE,3906
3.23963188512266,4.56036811487734,TRUE,3907
3.18967988765712,4.47698677900955,TRUE,3908
3.02665699625177,4.4400096704149,TRUE,3909
2.8083378783465,4.1916621216535,TRUE,3910
3.14893264250482,4.38440069082852,TRUE,3911
3.24854360036014,4.4847897329732,TRUE,3912
3.38760765473737,4.61239234526263,TRUE,3913
2.52127209543128,3.61206123790205,TRUE,3914
2.93355739937784,4.1997759339555,TRUE,3915
3.12563717899165,4.54102948767501,TRUE,3916
2.41669484688385,3.71663848644948,TRUE,3917
2.23963188512266,3.56036811487734,TRUE,3918
3.40777485815997,4.52555847517336,TRUE,3919
3.06854673924292,4.46478659409041,TRUE,3920
2.62665397833322,3.97334602166678,TRUE,3921
2.2256330055537,3.50770032777964,TRUE,3922
2.85138576074002,4.14861423925998,TRUE,3923
2.79869976656217,4.00130023343783,TRUE,3924
2.47884416996162,3.65448916337171,TRUE,3925
2.7427370772937,3.99059625603963,TRUE,3926
3.00174474702495,4.26492191964171,TRUE,3927
3.06153619424185,4.40513047242481,TRUE,3928
2.24428521211441,3.42238145455225,FALSE,3929
2.82238324193507,4.17761675806493,TRUE,3930
3.22028707187238,4.44637959479429,TRUE,3931
3.28048232223177,4.45285101110156,TRUE,3932
3.28486587804998,4.51513412195002,TRUE,3933
3.17058360383287,4.29608306283379,TRUE,3934
2.83136713420967,4.03529953245699,TRUE,3935
2.86225603488028,4.33774396511972,TRUE,3936
2.30877926422738,3.49122073577262,FALSE,3937
2.0837724380826,3.24956089525073,FALSE,3938
2.93096790821302,4.13569875845365,TRUE,3939
2.41163246609237,3.58836753390763,TRUE,3940
2.50748020762404,3.75918645904263,TRUE,3941
2.66305865011622,4.07027468321712,TRUE,3942
2.5923366239271,3.8076633760729,TRUE,3943
2.68781512243929,3.97885154422737,TRUE,3944
2.99867346810912,4.40132653189088,TRUE,3945
2.77517202342396,4.02482797657604,TRUE,3946
2.2562581568542,3.67707517647913,TRUE,3947
2.88174730738056,4.11825269261944,TRUE,3948
2.0908013445173,3.37586532214936,FALSE,3949
2.76332781572432,4.10333885094235,TRUE,3950
2.41931808265153,3.9140152506818,TRUE,3951
3.16210372283267,4.304562943834,TRUE,3952
2.50070210390206,3.69929789609794,TRUE,3953
3.22028707187238,4.44637959479429,TRUE,3954
2.21655613034277,3.38344386965723,FALSE,3955
2.56151403399343,3.7718192993399,TRUE,3956
3.04108965315859,4.35891034684141,TRUE,3957
2.90387606340903,4.2294572699243,TRUE,3958
3.64564903257963,4.62101763408704,FALSE,3959
3.05953100530561,4.27380232802772,TRUE,3960
3.01491030515605,4.18508969484395,TRUE,3961
2.79630244169675,4.13703089163658,TRUE,3962
2.8774704098503,4.18919625681636,TRUE,3963
2.91426459731776,4.01906873601557,TRUE,3964
3.07600588344881,4.39066078321786,TRUE,3965
2.36630002625815,3.56703330707518,TRUE,3966
2.53926794565449,3.86073205434552,TRUE,3967
3.327510854509,4.60582247882433,TRUE,3968
3.53813047963281,4.79520285370052,FALSE,3969
2.90748020762404,4.15918645904263,TRUE,3970
3.14119777498052,4.39213555835281,TRUE,3971
2.81817598474456,4.11515734858878,TRUE,3972
2.58583822448117,3.74749510885217,TRUE,3973
2.70938137220949,4.09061862779051,TRUE,3974
2.89984446616991,4.16682220049676,TRUE,3975
2.86296910836342,4.20369755830325,TRUE,3976
3.21249379806584,4.45417286860082,TRUE,3977
2.80351345340474,4.12981987992859,TRUE,3978
2.47018012007141,3.79648654659526,TRUE,3979
2.94119777498052,4.19213555835281,TRUE,3980
3.03383271242535,4.36616728757465,TRUE,3981
2.60837278722112,3.79162721277888,TRUE,3982
3.44102927876718,4.62563738789948,TRUE,3983
2.37706837398978,3.82293162601022,TRUE,3984
2.15676559702726,3.37656773630607,FALSE,3985
2.77783705271329,4.08882961395338,TRUE,3986
3.3576113479618,4.70905531870487,TRUE,3987
3.21249379806584,4.45417286860082,TRUE,3988
2.8588413445091,4.1411586554909,TRUE,3989
3.06169330339253,4.4716400299408,TRUE,3990
2.493796844509,3.83953648882433,TRUE,3991
2.53813047963281,3.79520285370052,TRUE,3992
2.56904611246143,3.83095388753857,TRUE,3993
2.58447519263622,3.81552480736378,TRUE,3994
3.06153619424185,4.40513047242481,TRUE,3995
2.90387606340903,4.2294572699243,TRUE,3996
2.94102418679918,3.99230914653416,TRUE,3997
3.20479714629948,4.46186952036719,TRUE,3998
2.95996717269197,4.24003282730803,TRUE,3999
3.23963188512266,4.56036811487734,TRUE,4000
2.65867949614313,4.00798717052353,TRUE,4001
2.63940800551217,3.8272586611545,TRUE,4002
3.06590398665149,4.20076268001518,TRUE,4003
2.37980616385185,3.62019383614815,TRUE,4004
2.88136662625041,3.98530004041625,TRUE,4005
2.63762805836758,4.02903860829908,TRUE,4006
2.77783705271329,4.08882961395338,TRUE,4007
2.53900337824065,3.72766328842602,TRUE,4008
3.00674966424579,4.19325033575421,TRUE,4009
2.96752390545412,4.23247609454588,TRUE,4010
3.02501095763496,4.2416557090317,TRUE,4011
2.67884416996162,3.85448916337171,TRUE,4012
2.3599903295851,3.77334300374823,TRUE,4013
3.11365654090669,4.35301012575997,TRUE,4014
2.39472092298637,3.8719457436803,TRUE,4015
2.49984446616991,3.76682220049676,TRUE,4016
3.09208014415095,4.24125318918238,TRUE,4017
3.42820953554931,4.57179046445069,TRUE,4018
3.18916817664664,4.5441651566867,TRUE,4019
2.28336151355052,3.58330515311615,TRUE,4020
3.24428521211441,4.42238145455225,TRUE,4021
2.94119777498052,4.19213555835281,TRUE,4022
3.3427370772937,4.59059625603963,TRUE,4023
3.07095405117348,4.32904594882652,TRUE,4024
3.24182554746666,4.35817445253334,TRUE,4025
2.66992551595562,4.06340781737772,TRUE,4026
3.37210159718624,4.62789840281376,TRUE,4027
2.48486587804998,3.71513412195002,TRUE,4028
2.42123484767356,3.84543181899311,TRUE,4029
2.60786444164719,3.85880222501948,TRUE,4030
2.99185106496303,4.40814893503697,TRUE,4031
3.21469995958375,4.31863337374959,TRUE,4032
2.78521346475437,4.08145320191229,TRUE,4033
3.06169330339253,4.4716400299408,TRUE,4034
2.93096790821302,4.13569875845365,TRUE,4035
2.68040931749707,3.98625734916959,TRUE,4036
2.76332781572432,4.10333885094235,TRUE,4037
3.00641990952533,4.326913423808,TRUE,4038
2.8367259607895,4.1632740392105,TRUE,4039
2.86169330339253,4.2716400299408,TRUE,4040
2.37930567953364,3.68736098713303,TRUE,4041
2.78521346475437,4.08145320191229,TRUE,4042
3.21080374318364,4.5225295901497,TRUE,4043
3.74437075356185,4.52229591310482,FALSE,4044
2.21813925415349,3.58186074584651,TRUE,4045
2.78521346475437,4.08145320191229,TRUE,4046
3.25435766292254,4.54564233707746,TRUE,4047
2.99917749808372,4.33415583524961,TRUE,4048
3.12694962113639,4.27305037886361,TRUE,4049
3.01715793408795,4.24950873257872,TRUE,4050
2.96470046754301,4.16863286579033,TRUE,4051
2.673086576192,3.99358009047467,TRUE,4052
2.70938137220949,4.09061862779051,TRUE,4053
2.655825519267,3.81084114739966,TRUE,4054
3.04108965315859,4.35891034684141,TRUE,4055
2.85138576074002,4.14861423925998,TRUE,4056
2.26992551595562,3.66340781737772,TRUE,4057
3.53052694280801,4.80280639052532,FALSE,4058
2.75874681081761,3.90791985584905,TRUE,4059
3.06590398665149,4.20076268001518,TRUE,4060
3.0481825244298,4.48515080890354,TRUE,4061
2.94893264250482,4.18440069082852,TRUE,4062
2.03296669292482,3.23369997374185,FALSE,4063
2.37980616385185,3.62019383614815,TRUE,4064
3.11363198855842,4.08636801144158,TRUE,4065
3.16820247033365,4.56513086299969,TRUE,4066
3.50748020762404,4.75918645904263,FALSE,4067
2.61252135697588,3.98747864302412,TRUE,4068
2.64842741362549,3.95157258637451,TRUE,4069
2.47269128731219,3.86064204602115,TRUE,4070
2.56332781572432,3.90333885094235,TRUE,4071
2.94119777498052,4.19213555835281,TRUE,4072
2.76630002625815,3.96703330707518,TRUE,4073
2.83663233136962,4.36336766863038,TRUE,4074
2.69809790307197,4.03523543026136,TRUE,4075
2.96476456973864,4.30190209692803,TRUE,4076
3.39923731998482,4.53409601334851,TRUE,4077
2.61669484688385,3.91663848644948,TRUE,4078
3.12937364316158,4.33729302350509,TRUE,4079
3.26084257411382,4.40582409255284,TRUE,4080
3.18967988765712,4.47698677900955,TRUE,4081
3.19630244169675,4.53703089163658,TRUE,4082
2.86421184766637,4.00245481900029,TRUE,4083
2.5152102670268,3.75145639963986,TRUE,4084
2.8848283081017,3.9151716918983,TRUE,4085
3.13926794565448,4.46073205434551,TRUE,4086
2.08952310471955,3.44381022861378,FALSE,4087
3.62485589703041,4.77514410296959,FALSE,4088
2.52301322099045,3.81032011234288,TRUE,4089
2.88957360634448,4.11042639365552,TRUE,4090
2.26153619424185,3.60513047242481,TRUE,4091
3.65584875576084,4.94415124423916,FALSE,4092
3.05166282834025,4.28167050499308,TRUE,4093
2.69809790307197,4.03523543026136,TRUE,4094
3.25435766292254,4.54564233707746,TRUE,4095
3.02864021679492,4.30469311653841,TRUE,4096
2.86648908928386,3.93351091071614,TRUE,4097
2.99869976656217,4.20130023343783,TRUE,4098
3.49146569352294,4.4418676398104,TRUE,4099
3.0834143969358,4.5165856030642,TRUE,4100
2.32303808356875,3.41029524976459,FALSE,4101
3.14632109378422,4.52034557288245,TRUE,4102
2.98089257610993,4.15244075722341,TRUE,4103
2.93355739937784,4.1997759339555,TRUE,4104
2.26873165846966,3.597935008197,TRUE,4105
2.51925162356692,3.54741504309975,TRUE,4106
3.00605694895936,4.12727638437397,TRUE,4107
2.68386639471714,4.04946693861619,TRUE,4108
3.07546812557573,4.4578652077576,TRUE,4109
3.13355739937784,4.3997759339555,TRUE,4110
3.18210825875736,4.55122507457597,TRUE,4111
2.78521346475437,4.08145320191229,TRUE,4112
3.00674966424579,4.19325033575422,TRUE,4113
2.73781418800187,4.06218581199813,TRUE,4114
3.17490962640088,4.49175704026579,TRUE,4115
2.88952310471955,4.24381022861378,TRUE,4116
2.88484265141122,4.18182401525544,TRUE,4117
2.16155529784749,3.23844470215251,FALSE,4118
2.80142108506617,4.19857891493383,TRUE,4119
2.42501095763496,3.6416557090317,TRUE,4120
3.40627350694077,4.39372649305923,TRUE,4121
2.37058360383287,3.49608306283379,FALSE,4122
3.35049126742128,4.58284206591205,TRUE,4123
2.74511524696957,4.05488475303043,TRUE,4124
2.53370155498377,3.66629844501623,TRUE,4125
3.56147136472987,4.83852863527013,FALSE,4126
2.8002240660445,4.06644260062216,TRUE,4127
2.82318638959133,3.97681361040867,TRUE,4128
2.98343028194411,4.01656971805589,TRUE,4129
2.99917749808372,4.33415583524961,TRUE,4130
3.77517202342396,5.02482797657604,FALSE,4131
3.25637156162298,4.47696177171035,TRUE,4132
2.51077515491731,3.88922484508269,TRUE,4133
2.99754518099971,4.13578815233363,TRUE,4134
2.87401884869344,4.12598115130656,TRUE,4135
3.45360093989538,4.41306572677128,TRUE,4136
2.62968343059302,4.10364990274031,TRUE,4137
3.43668097371309,4.56331902628691,TRUE,4138
2.41715793408795,3.64950873257872,TRUE,4139
2.71484919109646,4.1518174755702,TRUE,4140
2.62394074150919,4.04272592515748,TRUE,4141
2.53521340590959,3.93145326075708,TRUE,4142
2.4694272383721,3.7305727616279,TRUE,4143
3.36476456973864,4.70190209692803,TRUE,4144
3.39417752117567,4.672489145491,TRUE,4145
2.51484919109646,3.9518174755702,TRUE,4146
3.39662950045869,4.40337049954131,TRUE,4147
2.68386639471714,4.04946693861619,TRUE,4148
3.24284882319099,4.69048451014234,TRUE,4149
3.0919203358018,4.17474633086486,TRUE,4150
2.673086576192,3.99358009047467,TRUE,4151
2.89229967222036,4.1743669944463,TRUE,4152
2.70532849160444,4.02800484172889,TRUE,4153
2.75049126742128,3.98284206591205,TRUE,4154
2.08643110736019,3.31356889263981,FALSE,4155
3.0908013445173,4.37586532214936,TRUE,4156
2.84755924277659,4.01910742389007,TRUE,4157
2.71056071751266,3.95610594915401,TRUE,4158
2.70532849160444,4.02800484172889,TRUE,4159
2.35321908257172,3.78011425076162,TRUE,4160
3.06873165846967,4.397935008197,TRUE,4161
3.14119777498052,4.39213555835281,TRUE,4162
2.68643110736019,3.91356889263981,TRUE,4163
2.95676559702726,4.17656773630607,TRUE,4164
2.49015570956796,3.90984429043204,TRUE,4165
3.2334937549076,4.63317291175907,TRUE,4166
2.82343226369393,4.04323440297274,TRUE,4167
3.21813925415349,4.58186074584651,TRUE,4168
2.35977236349101,3.44022763650899,FALSE,4169
2.7705427300757,4.09612393659097,TRUE,4170
2.87401884869344,4.12598115130656,TRUE,4171
3.13738761643249,4.32927905023417,TRUE,4172
3.05584875576084,4.34415124423916,TRUE,4173
3.09208014415095,4.24125318918238,TRUE,4174
2.78916817664664,4.1441651566867,TRUE,4175
2.27600588344881,3.59066078321786,TRUE,4176
2.71056071751266,3.95610594915401,TRUE,4177
2.63136713420967,3.83529953245699,TRUE,4178
2.24737166107219,3.61929500559448,TRUE,4179
3.07864438855423,4.32135561144577,TRUE,4180
3.16764738056688,4.49901928609979,TRUE,4181
3.82525366913514,4.9080796641982,FALSE,4182
2.48668886744791,3.84664446588543,TRUE,4183
2.39730368842147,3.80269631157853,TRUE,4184
2.73416916431418,3.93249750235249,TRUE,4185
2.44877492542403,3.81789174124264,TRUE,4186
3.00174474702495,4.26492191964171,TRUE,4187
2.6515901192891,4.01507654737757,TRUE,4188
2.7583442909683,3.97498904236504,TRUE,4189
2.60263682744553,3.73069650588781,TRUE,4190
1.98291492446163,3.21708507553837,FALSE,4191
2.51696831256988,3.68303168743012,TRUE,4192
3.32003217789049,4.61330115544284,TRUE,4193
3.03622099820979,4.29711233512354,TRUE,4194
2.86421184766637,4.00245481900029,TRUE,4195
2.81080374318364,4.1225295901497,TRUE,4196
2.7757334300542,3.89093323661247,TRUE,4197
2.67686073654266,4.05647259679068,TRUE,4198
2.7421347922424,4.12453187442427,TRUE,4199
2.718619963728,3.881380036272,TRUE,4200
3.31426459731776,4.41906873601557,TRUE,4201
2.89229967222036,4.1743669944463,TRUE,4202
2.63762805836758,4.02903860829908,TRUE,4203
2.66305865011622,4.07027468321712,TRUE,4204
2.8588413445091,4.1411586554909,TRUE,4205
3.04842741362549,4.35157258637451,TRUE,4206
2.9727413388455,4.16059199448783,TRUE,4207
2.83492116284334,4.29841217049,TRUE,4208
2.68386639471714,4.04946693861619,TRUE,4209
2.50824295973421,3.82509037359912,TRUE,4210
2.66270697649491,3.87062635683842,TRUE,4211
3.1923366239271,4.4076633760729,TRUE,4212
2.79267480167477,4.0739918649919,TRUE,4213
3.02864021679492,4.30469311653841,TRUE,4214
2.97096139170092,4.36237194163242,TRUE,4215
3.21817598474456,4.51515734858878,TRUE,4216
2.82123484767356,4.2454318189931,TRUE,4217
2.89666114905765,4.23667218427568,TRUE,4218
3.16470046754301,4.36863286579033,TRUE,4219
2.42820953554931,3.57179046445069,TRUE,4220
3.7672918685105,4.76604146482283,FALSE,4221
2.80674966424578,3.99325033575421,TRUE,4222
2.41163246609237,3.58836753390763,TRUE,4223
2.73781418800187,4.06218581199813,TRUE,4224
2.82343226369393,4.04323440297274,TRUE,4225
2.9260081350081,4.20732519832523,TRUE,4226
2.96378959845359,4.10287706821307,TRUE,4227
2.24695326561819,3.55304673438181,TRUE,4228
2.42525366913514,3.5080796641982,TRUE,4229
2.51558620467232,3.81774712866101,TRUE,4230
3.03622099820979,4.29711233512354,TRUE,4231
2.66335660248852,3.93664339751148,TRUE,4232
2.81451467529861,4.25215199136806,TRUE,4233
3.16904611246143,4.43095388753857,TRUE,4234
3.28874273066759,4.44459060266575,TRUE,4235
2.78291492446163,4.01708507553837,TRUE,4236
2.80223106205483,3.86443560461184,TRUE,4237
3.06335660248852,4.33664339751148,TRUE,4238
3.00556289379513,4.39443710620487,TRUE,4239
3.05584875576084,4.34415124423916,TRUE,4240
2.58521346475437,3.88145320191229,TRUE,4241
2.98291492446163,4.21708507553837,TRUE,4242
3.40777485815997,4.52555847517336,TRUE,4243
3.15269870534046,4.24730129465954,TRUE,4244
2.51077515491731,3.88922484508269,TRUE,4245
3.2281807006601,4.43848596600657,TRUE,4246
3.01374265083041,4.31959068250293,TRUE,4247
3.43296669292482,4.63369997374185,TRUE,4248
2.66584416475039,4.00082250191628,TRUE,4249
2.60933921678214,3.92399411655119,TRUE,4250
3.45749301402972,4.60917365263695,TRUE,4251
2.48486587804998,3.71513412195002,TRUE,4252
2.92303822828965,4.14362843837702,TRUE,4253
2.76332781572432,4.10333885094235,TRUE,4254
3.13355739937784,4.3997759339555,TRUE,4255
2.73059275513965,4.06940724486035,TRUE,4256
2.43229762707579,3.90103570625754,TRUE,4257
2.44102927876718,3.62563738789948,TRUE,4258
3.08952310471955,4.44381022861378,TRUE,4259
2.54582713139918,3.78750620193416,TRUE,4260
3.07600588344881,4.39066078321786,TRUE,4261
2.98291492446163,4.21708507553837,TRUE,4262
2.23239079020242,3.56760920979758,TRUE,4263
2.32675349967304,3.80657983366029,TRUE,4264
3.09666114905765,4.43667218427568,TRUE,4265
2.44698987424003,3.68634345909331,TRUE,4266
2.68856256183014,4.17810410483653,TRUE,4267
3.0943179248522,4.3056820751478,TRUE,4268
3.0195509756386,4.3804490243614,TRUE,4269
2.27233671157398,3.46099662175935,FALSE,4270
2.92303822828965,4.14362843837702,TRUE,4271
2.62413467785064,3.9091986554827,TRUE,4272
2.73781418800187,4.06218581199813,TRUE,4273
2.602064991803,3.93126834153033,TRUE,4274
2.24182554746666,3.35817445253334,FALSE,4275
3.19630244169675,4.53703089163658,TRUE,4276
2.97199515827111,4.29467150839556,TRUE,4277
2.98970475023541,4.07696191643125,TRUE,4278
3.13203079599464,4.46796920400536,TRUE,4279
2.58521346475437,3.88145320191229,TRUE,4280
2.92193742325621,4.07806257674379,TRUE,4281
2.97096139170092,4.36237194163242,TRUE,4282
3.41715793408795,4.64950873257872,TRUE,4283
2.88048232223177,4.05285101110157,TRUE,4284
3.16470046754301,4.36863286579033,TRUE,4285
2.79630244169675,4.13703089163658,TRUE,4286
3.03240528306483,4.10092805026851,TRUE,4287
2.32972531678288,3.73694134988378,TRUE,4288
3.18916817664664,4.5441651566867,TRUE,4289
2.8558348433133,4.21083182335336,TRUE,4290
3.098328335879,4.36833833078767,TRUE,4291
2.61559930917148,3.85106735749518,TRUE,4292
3.298328335879,4.56833833078767,TRUE,4293
2.5283599700592,3.93830669660747,TRUE,4294
2.76752390545412,4.03247609454588,TRUE,4295
3.0234804777148,4.10985285561854,TRUE,4296
3.19719360947468,4.46947305719199,TRUE,4297
3.44102927876718,4.62563738789948,TRUE,4298
2.84178707768645,4.22487958898022,TRUE,4299
3.05441698653396,4.4122496801327,TRUE,4300
3.36449042956383,4.63550957043617,TRUE,4301
3.03622099820979,4.29711233512354,TRUE,4302
2.95540939733425,4.11125726933241,TRUE,4303
2.84854360036014,4.0847897329732,TRUE,4304
2.77517202342396,4.02482797657604,TRUE,4305
3.54658524826896,4.85341475173104,FALSE,4306
2.99917749808372,4.33415583524961,TRUE,4307
3.01374265083041,4.31959068250293,TRUE,4308
2.27600588344881,3.59066078321786,TRUE,4309
2.79267480167477,4.0739918649919,TRUE,4310
3.02864021679492,4.30469311653841,TRUE,4311
2.64457370925882,4.02209295740785,TRUE,4312
2.91117038604662,4.22216294728671,TRUE,4313
3.12146462420345,4.34520204246321,TRUE,4314
2.78521346475437,4.08145320191229,TRUE,4315
2.63783245815495,3.69550087517838,TRUE,4316
2.7427370772937,3.99059625603963,TRUE,4317
2.32303808356875,3.41029524976459,FALSE,4318
2.7421347922424,4.12453187442427,TRUE,4319
2.43296669292482,3.63369997374185,TRUE,4320
2.84081354095737,4.09251979237596,TRUE,4321
2.47072094976583,3.66261238356751,TRUE,4322
3.04039796429001,4.42626870237666,TRUE,4323
2.59417590744716,3.73915742588618,TRUE,4324
2.78291492446163,4.01708507553837,TRUE,4325
2.61655613034277,3.78344386965723,TRUE,4326
2.6943179248522,3.9056820751478,TRUE,4327
2.24854360036014,3.4847897329732,FALSE,4328
3.22028707187238,4.44637959479429,TRUE,4329
2.6002240660445,3.86644260062216,TRUE,4330
2.89666114905765,4.23667218427568,TRUE,4331
3.11365654090669,4.35301012575997,TRUE,4332
2.96378959845359,4.10287706821307,TRUE,4333
2.402064991803,3.73126834153034,TRUE,4334
3.3537478972045,4.51291876946217,TRUE,4335
2.79869976656217,4.00130023343783,TRUE,4336
3.02665397833322,4.37334602166678,TRUE,4337
2.5695119974465,3.76382133588683,TRUE,4338
2.77512041101978,4.15821292231355,TRUE,4339
2.57671290857252,3.82328709142748,TRUE,4340
2.32937364316158,3.53729302350509,TRUE,4341
2.4558348433133,3.81083182335336,TRUE,4342
3.14469577409,4.18863755924333,TRUE,4343
3.0943179248522,4.3056820751478,TRUE,4344
2.3877503198673,3.74558301346604,TRUE,4345
2.98669884455716,4.27996782210951,TRUE,4346
3.12658738321183,4.2067459501215,TRUE,4347
2.89014714438146,3.9765195222852,TRUE,4348
2.8367259607895,4.1632740392105,TRUE,4349
2.65867949614313,4.00798717052353,TRUE,4350
2.94745288612467,4.05254711387533,TRUE,4351
2.18447519263622,3.41552480736378,FALSE,4352
3.24182554746666,4.35817445253334,TRUE,4353
2.81644485343497,3.91688847989837,TRUE,4354
2.86800404241683,4.4653292909165,TRUE,4355
2.76752390545412,4.03247609454588,TRUE,4356
2.8481825244298,4.28515080890354,TRUE,4357
3.00674966424579,4.19325033575421,TRUE,4358
2.94352740320932,4.32313926345735,TRUE,4359
2.58447519263622,3.81552480736378,TRUE,4360
3.15676559702726,4.37656773630607,TRUE,4361
3.22485589703041,4.37514410296959,TRUE,4362
2.8774704098503,4.18919625681636,TRUE,4363
2.55398542747099,3.84601457252901,TRUE,4364
2.80786444164719,4.05880222501948,TRUE,4365
3.42501095763496,4.6416557090317,TRUE,4366
3.41986178793615,4.58013821206385,TRUE,4367
2.69530688346159,3.97135978320508,TRUE,4368
2.54658524826896,3.85341475173104,TRUE,4369
2.99201282947647,4.34132050385687,TRUE,4370
3.13926794565448,4.46073205434551,TRUE,4371
2.89984446616991,4.16682220049676,TRUE,4372
2.53052694280801,3.80280639052532,TRUE,4373
2.95249862556762,4.24750137443238,TRUE,4374
2.95249862556762,4.24750137443238,TRUE,4375
2.83940800551217,4.0272586611545,TRUE,4376
2.56147136472987,3.83852863527013,TRUE,4377
2.73507808035829,3.99825525297505,TRUE,4378
2.59267480167477,3.8739918649919,TRUE,4379
2.78916817664664,4.1441651566867,TRUE,4380
2.75996717269197,4.04003282730803,TRUE,4381
3.41813925415349,4.78186074584651,TRUE,4382
3.16764738056688,4.49901928609979,TRUE,4383
2.90951548985766,4.35715117680901,TRUE,4384
2.93781418800187,4.26218581199813,TRUE,4385
2.81491030515605,3.98508969484395,TRUE,4386
2.84178707768645,4.22487958898022,TRUE,4387
2.67540760537336,4.12459239462664,TRUE,4388
2.77544394674828,4.29122271991839,TRUE,4389
2.88484265141122,4.18182401525544,TRUE,4390
3.19049445656431,4.60950554343569,TRUE,4391
2.50070210390206,3.69929789609794,TRUE,4392
2.49984446616991,3.76682220049676,TRUE,4393
2.8588413445091,4.1411586554909,TRUE,4394
2.72003217789049,4.01330115544284,TRUE,4395
2.60933921678214,3.92399411655119,TRUE,4396
3.23327720239892,4.36672279760108,TRUE,4397
2.71056071751266,3.95610594915401,TRUE,4398
2.90290313105958,4.36376353560709,TRUE,4399
2.96476456973864,4.30190209692803,TRUE,4400
2.8558348433133,4.21083182335336,TRUE,4401
2.6195509756386,3.9804490243614,TRUE,4402
2.77783705271329,4.08882961395338,TRUE,4403
2.8558348433133,4.21083182335336,TRUE,4404
2.77512041101978,4.15821292231355,TRUE,4405
2.93059275513965,4.26940724486035,TRUE,4406
2.77512041101978,4.15821292231355,TRUE,4407
2.5850937655511,4.0149062344489,TRUE,4408
3.18915885260034,4.344174480733,TRUE,4409
2.69530688346159,3.97135978320508,TRUE,4410
3.17490962640088,4.49175704026579,TRUE,4411
3.02864021679492,4.30469311653841,TRUE,4412
2.89229967222036,4.1743669944463,TRUE,4413
3.15738424103343,4.64261575896657,TRUE,4414
2.94714898889843,4.11951767776823,TRUE,4415
3.402064991803,4.73126834153033,TRUE,4416
2.90951548985766,4.35715117680901,TRUE,4417
2.86421184766637,4.00245481900029,TRUE,4418
3.25250489114783,4.41416177551883,TRUE,4419
3.20479714629948,4.46186952036719,TRUE,4420
3.28874273066759,4.44459060266575,TRUE,4421
2.30532849160444,3.62800484172889,TRUE,4422
2.66270697649491,3.87062635683842,TRUE,4423
3.05166282834025,4.28167050499308,TRUE,4424
2.64108965315859,3.95891034684141,TRUE,4425
3.06873165846967,4.397935008197,TRUE,4426
2.8367259607895,4.1632740392105,TRUE,4427
2.59486952757519,3.93846380575815,TRUE,4428
2.5877503198673,3.94558301346604,TRUE,4429
2.95540939733425,4.11125726933241,TRUE,4430
2.78916817664664,4.1441651566867,TRUE,4431
2.5923366239271,3.8076633760729,TRUE,4432
2.66305865011622,4.07027468321712,TRUE,4433
3.8301220526793,4.83654461398737,FALSE,4434
3.04842741362549,4.35157258637451,TRUE,4435
3.18225287133899,4.48441379532768,TRUE,4436
2.76630002625815,3.96703330707518,TRUE,4437
3.1923366239271,4.4076633760729,TRUE,4438
2.8002240660445,4.06644260062216,TRUE,4439
2.36476456973864,3.70190209692803,TRUE,4440
2.62665397833322,3.97334602166678,TRUE,4441
3.05441698653396,4.4122496801327,TRUE,4442
2.71263901286697,4.02069432046636,TRUE,4443
2.97096139170092,4.36237194163242,TRUE,4444
2.72344839861882,4.07655160138118,TRUE,4445
2.81532454354612,4.18467545645388,TRUE,4446
3.20351345340474,4.52981987992859,TRUE,4447
2.41715793408795,3.64950873257872,TRUE,4448
2.89750155833282,4.10249844166718,TRUE,4449
2.6943179248522,3.9056820751478,TRUE,4450
2.47709872544108,3.72290127455892,TRUE,4451
2.82951624855593,4.17048375144407,TRUE,4452
2.48110860859202,3.51889139140798,TRUE,4453
2.19682682966993,3.26983983699674,FALSE,4454
2.88174730738056,4.11825269261944,TRUE,4455
2.41669484688385,3.71663848644948,TRUE,4456
2.5722949602421,3.69437170642457,TRUE,4457
2.97199515827111,4.29467150839556,TRUE,4458
2.7678165873979,4.2321834126021,TRUE,4459
2.39417752117567,3.672489145491,TRUE,4460
2.8774704098503,4.18919625681636,TRUE,4461
2.64755924277659,3.81910742389007,TRUE,4462
3.098328335879,4.36833833078767,TRUE,4463
2.96752390545412,4.23247609454588,TRUE,4464
3.00940374396037,4.2572629227063,TRUE,4465
2.43927895804299,3.69405437529035,TRUE,4466
3.04108965315859,4.35891034684141,TRUE,4467
3.05166282834025,4.28167050499308,TRUE,4468
3.03622099820979,4.29711233512354,TRUE,4469
2.5705427300757,3.89612393659097,TRUE,4470
3.13246398958223,4.53420267708443,TRUE,4471
2.79267480167477,4.0739918649919,TRUE,4472
2.47072094976583,3.66261238356751,TRUE,4473
2.8256330055537,4.10770032777964,TRUE,4474
2.72157252183417,4.1450941448325,TRUE,4475
2.73416916431418,3.93249750235249,TRUE,4476
3.10998257697937,4.1566840896873,TRUE,4477
3.41163246609237,4.58836753390763,TRUE,4478
2.83136713420967,4.03529953245699,TRUE,4479
3.06590398665149,4.20076268001518,TRUE,4480
3.52127209543128,4.61206123790205,FALSE,4481
2.60403416690469,4.12929916642864,TRUE,4482
2.99075622236062,4.20924377763938,TRUE,4483
3.13459270670179,4.59874062663154,TRUE,4484
2.62631459904294,3.64035206762373,TRUE,4485
2.86854673924292,4.26478659409041,TRUE,4486
2.34953521706723,3.65046478293277,TRUE,4487
3.30070210390206,4.49929789609794,TRUE,4488
2.5421347922424,3.92453187442427,TRUE,4489
3.14893264250482,4.38440069082852,TRUE,4490
2.69615214568139,3.70384785431861,TRUE,4491
2.79630244169675,4.13703089163658,TRUE,4492
3.495437056166,4.63789627716733,TRUE,4493
2.79869976656217,4.00130023343783,TRUE,4494
2.59867346810912,4.00132653189088,TRUE,4495
2.71263901286697,4.02069432046636,TRUE,4496
2.24039796429001,3.62626870237666,TRUE,4497
3.12937364316158,4.33729302350509,TRUE,4498
2.99917749808372,4.33415583524961,TRUE,4499
2.4927323669688,3.7072676330312,TRUE,4500
2.55222264453019,4.04777735546981,TRUE,4501
2.46296910836342,3.80369755830325,TRUE,4502
3.15335553411457,4.51331113255209,TRUE,4503
1.95611308350237,2.9105535831643,FALSE,4504
3.22028707187238,4.44637959479429,TRUE,4505
3.75043910474927,4.9162275619174,FALSE,4506
2.83317779950324,4.10015553383009,TRUE,4507
2.71040797458282,3.88959202541718,TRUE,4508
3.05953100530561,4.27380232802772,TRUE,4509
3.26930349411219,4.39736317255447,TRUE,4510
2.13935795397885,3.52730871268781,TRUE,4511
2.8367259607895,4.1632740392105,TRUE,4512
2.90748020762404,4.15918645904263,TRUE,4513
3.2908013445173,4.57586532214936,TRUE,4514
2.59267480167477,3.8739918649919,TRUE,4515
3.18916817664664,4.5441651566867,TRUE,4516
2.88174730738056,4.11825269261944,TRUE,4517
2.68781512243929,3.97885154422737,TRUE,4518
2.88245952453329,4.25087380880005,TRUE,4519
2.88484265141122,4.18182401525544,TRUE,4520
2.86442219441473,4.40224447225193,TRUE,4521
2.37706837398978,3.82293162601022,TRUE,4522
2.95676559702726,4.17656773630607,TRUE,4523
2.7427370772937,3.99059625603963,TRUE,4524
3.16470046754301,4.36863286579033,TRUE,4525
2.63927895804299,3.89405437529035,TRUE,4526
2.83940800551217,4.0272586611545,TRUE,4527
2.88952310471955,4.24381022861378,TRUE,4528
2.70288766487646,3.96377900179021,TRUE,4529
3.02837980356699,4.50495352976634,TRUE,4530
3.16904611246143,4.43095388753857,TRUE,4531
3.39417752117567,4.672489145491,TRUE,4532
2.77517202342396,4.02482797657604,TRUE,4533
3.03383271242535,4.36616728757465,TRUE,4534
2.86225603488028,4.33774396511972,TRUE,4535
2.74224815201298,3.92441851465369,TRUE,4536
2.69504647023366,4.17162019643301,TRUE,4537
2.85138576074002,4.14861423925998,TRUE,4538
2.59185106496303,4.00814893503697,TRUE,4539
3.13926794565448,4.46073205434551,TRUE,4540
3.11117038604662,4.42216294728671,TRUE,4541
2.81817598474456,4.11515734858878,TRUE,4542
3.41715793408795,4.64950873257872,TRUE,4543
3.15398542747099,4.44601457252901,TRUE,4544
3.04108965315859,4.35891034684141,TRUE,4545
2.83317779950324,4.10015553383009,TRUE,4546
2.95053306138381,4.31613360528286,TRUE,4547
3.0908013445173,4.37586532214936,TRUE,4548
3.02318638959133,4.17681361040867,TRUE,4549
2.95676559702726,4.17656773630607,TRUE,4550
3.37210159718624,4.62789840281376,TRUE,4551
2.53521340590959,3.93145326075708,TRUE,4552
2.61655613034277,3.78344386965723,TRUE,4553
3.00556289379513,4.39443710620487,TRUE,4554
2.77436261210052,3.95897072123282,TRUE,4555
2.79075622236062,4.00924377763938,TRUE,4556
2.5923366239271,3.8076633760729,TRUE,4557
2.71040797458282,3.88959202541718,TRUE,4558
3.39417752117567,4.672489145491,TRUE,4559
2.84854360036014,4.0847897329732,TRUE,4560
2.63136713420967,3.83529953245699,TRUE,4561
2.90562829357543,4.0277050397579,TRUE,4562
3.39082634736305,4.54250698597028,TRUE,4563
2.37373129762334,3.75960203570999,TRUE,4564
2.95622403216761,4.04377596783239,TRUE,4565
3.18089257610993,4.35244075722341,TRUE,4566
3.00940374396037,4.2572629227063,TRUE,4567
3.13926794565448,4.46073205434551,TRUE,4568
2.9576113479618,4.30905531870487,TRUE,4569
2.8367259607895,4.1632740392105,TRUE,4570
3.45220893052694,4.8811244028064,TRUE,4571
3.16210372283267,4.304562943834,TRUE,4572
2.8481825244298,4.28515080890354,TRUE,4573
2.63927895804299,3.89405437529035,TRUE,4574
2.75618977138622,4.11047689528045,TRUE,4575
2.64842741362549,3.95157258637451,TRUE,4576
2.33659218262228,3.73007448404438,TRUE,4577
2.58583822448117,3.74749510885217,TRUE,4578
2.79630244169675,4.13703089163658,TRUE,4579
2.65867949614313,4.00798717052353,TRUE,4580
2.8588413445091,4.1411586554909,TRUE,4581
3.695437056166,4.83789627716733,FALSE,4582
2.94714898889843,4.11951767776823,TRUE,4583
2.7705427300757,4.09612393659097,TRUE,4584
2.39730368842147,3.80269631157853,TRUE,4585
3.26430124154635,4.46903209178698,TRUE,4586
2.90245423167283,4.29754576832717,TRUE,4587
2.88874273066759,4.04459060266575,TRUE,4588
2.73521340590959,4.13145326075708,TRUE,4589
3.13459270670179,4.59874062663154,TRUE,4590
2.78106987128801,4.21893012871199,TRUE,4591
2.50098071390021,3.83235261943312,TRUE,4592
3.2256330055537,4.50770032777964,TRUE,4593
3.02665699625177,4.4400096704149,TRUE,4594
2.32303808356875,3.41029524976459,FALSE,4595
2.72003217789049,4.01330115544284,TRUE,4596
3.20837278722112,4.39162721277888,TRUE,4597
2.84877492542403,4.21789174124264,TRUE,4598
3.18916817664664,4.5441651566867,TRUE,4599
3.01715793408795,4.24950873257872,TRUE,4600
2.26084257411382,3.40582409255284,FALSE,4601
3.07864438855423,4.32135561144577,TRUE,4602
3.32003217789049,4.61330115544284,TRUE,4603
2.90748020762404,4.15918645904263,TRUE,4604
2.80674966424578,3.99325033575421,TRUE,4605
2.99075622236062,4.20924377763938,TRUE,4606
2.98492345262243,4.3484098807109,TRUE,4607
2.55618977138622,3.91047689528045,TRUE,4608
2.67095405117348,3.92904594882652,TRUE,4609
2.8588413445091,4.1411586554909,TRUE,4610
3.05166282834025,4.28167050499308,TRUE,4611
2.60837278722112,3.79162721277888,TRUE,4612
2.62413467785064,3.9091986554827,TRUE,4613
2.85637156162298,4.07696177171035,TRUE,4614
2.718619963728,3.881380036272,TRUE,4615
2.79075622236062,4.00924377763938,TRUE,4616
2.69907194973149,3.76759471693517,TRUE,4617
3.0549058551675,4.47842747816583,TRUE,4618
2.9576113479618,4.30905531870487,TRUE,4619
2.60556289379513,3.99443710620487,TRUE,4620
2.9260081350081,4.20732519832523,TRUE,4621
2.84401490776794,4.15598509223206,TRUE,4622
2.84877492542403,4.21789174124264,TRUE,4623
2.78253647296359,3.95079686036975,TRUE,4624
2.27600588344881,3.59066078321786,TRUE,4625
2.24428521211441,3.42238145455225,FALSE,4626
2.75249862556762,4.04750137443238,TRUE,4627
2.81136244075667,3.85530422591,TRUE,4628
3.01252135697588,4.38747864302412,TRUE,4629
2.17671290857252,3.42328709142748,FALSE,4630
2.61184123620313,4.18815876379687,TRUE,4631
2.68781512243929,3.97885154422737,TRUE,4632
2.48668886744791,3.84664446588543,TRUE,4633
2.48486587804998,3.71513412195002,TRUE,4634
3.18225287133899,4.48441379532768,TRUE,4635
2.63383271242535,3.96616728757465,TRUE,4636
2.61995134786536,3.71338198546798,TRUE,4637
2.56378959845359,3.70287706821307,TRUE,4638
2.75456818100689,4.17876515232644,TRUE,4639
2.79630244169675,4.13703089163658,TRUE,4640
2.44920313963025,3.61746352703641,TRUE,4641
3.41163246609237,4.58836753390763,TRUE,4642
2.727510854509,4.00582247882433,TRUE,4643
2.5923366239271,3.8076633760729,TRUE,4644
2.7427370772937,3.99059625603963,TRUE,4645
2.42123484767356,3.84543181899311,TRUE,4646
2.68207373046332,4.11792626953668,TRUE,4647
2.73507808035829,3.99825525297505,TRUE,4648
3.0908013445173,4.37586532214936,TRUE,4649
3.00174474702495,4.26492191964171,TRUE,4650
2.47576121016269,3.99090545650398,TRUE,4651
2.44528176925855,3.55471823074145,TRUE,4652
2.44528176925855,3.55471823074145,TRUE,4653
2.59185106496303,4.00814893503697,TRUE,4654
2.718619963728,3.881380036272,TRUE,4655
2.53203079599464,3.86796920400536,TRUE,4656
2.84178707768645,4.22487958898022,TRUE,4657
2.84081354095737,4.09251979237596,TRUE,4658
3.07095405117348,4.32904594882652,TRUE,4659
2.87540760537336,4.32459239462664,TRUE,4660
2.85138576074002,4.14861423925998,TRUE,4661
2.78210825875736,4.15122507457597,TRUE,4662
3.14398316842391,4.25601683157609,TRUE,4663
2.99917749808372,4.33415583524961,TRUE,4664
3.04108965315859,4.35891034684141,TRUE,4665
2.48668886744791,3.84664446588543,TRUE,4666
3.04108965315859,4.35891034684141,TRUE,4667
2.96922120527262,3.96411212806071,TRUE,4668
2.26184796672976,3.53815203327024,TRUE,4669
2.73059275513965,4.06940724486035,TRUE,4670
2.43239079020242,3.76760920979758,TRUE,4671
2.18447519263622,3.41552480736378,FALSE,4672
2.45220893052694,3.8811244028064,TRUE,4673
3.31696831256988,4.48303168743012,TRUE,4674
2.70245423167283,4.09754576832717,TRUE,4675
3.21988574923838,4.64678091742828,TRUE,4676
3.05953100530561,4.27380232802772,TRUE,4677
2.96470046754301,4.16863286579033,TRUE,4678
3.06590398665149,4.20076268001518,TRUE,4679
2.98970475023541,4.07696191643125,TRUE,4680
2.65479795753679,3.87853537579655,TRUE,4681
2.61559930917148,3.85106735749518,TRUE,4682
2.96476456973864,4.30190209692803,TRUE,4683
2.67884416996162,3.85448916337171,TRUE,4684
2.63136713420967,3.83529953245699,TRUE,4685
3.03158296006121,4.16841703993879,TRUE,4686
3.06854673924292,4.46478659409041,TRUE,4687
2.92292482352087,4.3437418431458,TRUE,4688
2.5695119974465,3.76382133588683,TRUE,4689
2.59862217158229,3.66804449508437,TRUE,4690
3.10230880356539,4.29769119643461,TRUE,4691
2.53900337824065,3.72766328842602,TRUE,4692
3.04842741362549,4.35157258637451,TRUE,4693
2.53203079599464,3.86796920400536,TRUE,4694
3.18915885260034,4.344174480733,TRUE,4695
2.5421347922424,3.92453187442427,TRUE,4696
3.18904533694623,4.21095466305377,TRUE,4697
2.42801904635267,3.83864762031399,TRUE,4698
2.24042077990887,3.75957922009113,TRUE,4699
2.88874273066759,4.04459060266575,TRUE,4700
2.59867346810912,4.00132653189088,TRUE,4701
2.82837980356699,4.30495352976634,TRUE,4702
2.23623646439291,3.69709686894042,TRUE,4703
2.99075622236062,4.20924377763938,TRUE,4704
2.72320876761579,4.27679123238421,TRUE,4705
3.43668097371309,4.56331902628691,TRUE,4706
2.42522739617968,3.77477260382032,TRUE,4707
2.68708123053783,3.8462521027955,TRUE,4708
2.60786444164719,3.85880222501948,TRUE,4709
3.14469577409,4.18863755924333,TRUE,4710
2.72003217789049,4.01330115544284,TRUE,4711
3.26430124154635,4.46903209178698,TRUE,4712
2.88245952453329,4.25087380880005,TRUE,4713
2.69504647023366,4.17162019643301,TRUE,4714
2.41986178793615,3.58013821206385,TRUE,4715
2.88174730738056,4.11825269261944,TRUE,4716
2.89712293178693,4.03621040154641,TRUE,4717
2.96408440139442,4.36924893193891,TRUE,4718
3.18793876209795,4.27872790456872,TRUE,4719
2.88174730738056,4.11825269261944,TRUE,4720
3.51696831256988,4.68303168743012,FALSE,4721
3.08643110736019,4.31356889263981,TRUE,4722
2.61559930917148,3.85106735749518,TRUE,4723
2.59862217158229,3.66804449508437,TRUE,4724
3.36210372283267,4.504562943834,TRUE,4725
2.3599903295851,3.77334300374823,TRUE,4726
2.68386639471714,4.04946693861619,TRUE,4727
2.17058360383287,3.29608306283379,FALSE,4728
3.34218509921431,4.65781490078569,TRUE,4729
3.02864021679492,4.30469311653841,TRUE,4730
2.495437056166,3.63789627716733,TRUE,4731
2.66584416475039,4.00082250191628,TRUE,4732
2.84875966078944,3.95124033921056,TRUE,4733
3.0943179248522,4.3056820751478,TRUE,4734
2.40777485815997,3.52555847517336,TRUE,4735
2.96513899625029,4.03486100374971,TRUE,4736
2.96752390545412,4.23247609454588,TRUE,4737
2.47709872544108,3.72290127455892,TRUE,4738
2.80777485815997,3.92555847517336,TRUE,4739
2.93781418800187,4.26218581199813,TRUE,4740
2.34218509921431,3.65781490078569,TRUE,4741
2.97790704259215,4.35542629074118,TRUE,4742
2.602064991803,3.93126834153033,TRUE,4743
3.00641990952533,4.326913423808,TRUE,4744
3.04389405084599,4.28943928248735,TRUE,4745
2.86430124154635,4.06903209178698,TRUE,4746
2.82238324193507,4.17761675806493,TRUE,4747
2.78916817664664,4.1441651566867,TRUE,4748
3.28336151355052,4.58330515311615,TRUE,4749
3.4927323669688,4.7072676330312,TRUE,4750
3.37436261210052,4.55897072123282,TRUE,4751
3.34218509921431,4.65781490078569,TRUE,4752
2.87401884869344,4.12598115130656,TRUE,4753
2.95540939733425,4.11125726933241,TRUE,4754
2.74224815201298,3.92441851465369,TRUE,4755
2.61655613034277,3.78344386965723,TRUE,4756
2.84854360036014,4.0847897329732,TRUE,4757
2.3583442909683,3.57498904236504,TRUE,4758
2.402064991803,3.73126834153034,TRUE,4759
3.08643110736019,4.31356889263981,TRUE,4760
2.97096139170092,4.36237194163242,TRUE,4761
2.97517202342396,4.22482797657604,TRUE,4762
3.05953100530561,4.27380232802772,TRUE,4763
3.22485589703041,4.37514410296959,TRUE,4764
3.12487122164771,4.47512877835229,TRUE,4765
3.04737166107219,4.41929500559448,TRUE,4766
3.07673591518811,4.52326408481189,TRUE,4767
3.1923366239271,4.4076633760729,TRUE,4768
3.13203079599464,4.46796920400536,TRUE,4769
2.90748020762404,4.15918645904263,TRUE,4770
2.97930567953364,4.28736098713303,TRUE,4771
3.01252135697588,4.38747864302412,TRUE,4772
2.75874681081762,3.90791985584905,TRUE,4773
3.11854679808771,4.41478653524563,TRUE,4774
2.95996717269197,4.24003282730803,TRUE,4775
3.07864438855423,4.32135561144577,TRUE,4776
2.49984446616991,3.76682220049676,TRUE,4777
2.93781418800187,4.26218581199813,TRUE,4778
2.89750155833282,4.10249844166718,TRUE,4779
2.7283599700592,4.13830669660747,TRUE,4780
2.84081354095737,4.09251979237596,TRUE,4781
2.84875966078944,3.95124033921056,TRUE,4782
2.76332781572432,4.10333885094235,TRUE,4783
2.20605694895936,3.32727638437397,FALSE,4784
2.98089257610993,4.15244075722341,TRUE,4785
2.68386639471714,4.04946693861619,TRUE,4786
2.93059275513965,4.26940724486035,TRUE,4787
2.83136713420967,4.03529953245699,TRUE,4788
2.63166166921233,3.901671664121,TRUE,4789
3.10387606340903,4.4294572699243,TRUE,4790
2.84755924277659,4.01910742389007,TRUE,4791
3.25637156162298,4.47696177171035,TRUE,4792
3.10594562470965,4.36072104195701,TRUE,4793
3.04010543721798,4.15989456278202,TRUE,4794
2.91637870191799,4.28362129808201,TRUE,4795
3.10050974319332,4.23282359014001,TRUE,4796
2.72619767197228,3.94046899469439,TRUE,4797
2.71263901286697,4.02069432046636,TRUE,4798
2.57783705271329,3.88882961395338,TRUE,4799
2.80351345340474,4.12981987992859,TRUE,4800
3.1188755971936,4.54779106947306,TRUE,4801
3.07444152482664,4.19222514184003,TRUE,4802
2.82238324193507,4.17761675806493,TRUE,4803
2.60556289379513,3.99443710620487,TRUE,4804
3.34221055779488,4.32445610887179,TRUE,4805
2.55398542747099,3.84601457252901,TRUE,4806
3.17671290857252,4.42328709142748,TRUE,4807
2.24081354095737,3.49251979237596,FALSE,4808
3.32937364316158,4.53729302350509,TRUE,4809
2.63166166921233,3.901671664121,TRUE,4810
3.298328335879,4.56833833078767,TRUE,4811
2.75249862556762,4.04750137443238,TRUE,4812
2.86638465008256,4.13361534991744,TRUE,4813
2.5421347922424,3.92453187442427,TRUE,4814
3.19630244169675,4.53703089163658,TRUE,4815
2.68708123053783,3.8462521027955,TRUE,4816
3.14632109378422,4.52034557288245,TRUE,4817
3.03383271242535,4.36616728757465,TRUE,4818
3.2562581568542,4.67707517647913,TRUE,4819
2.98915885260034,4.144174480733,TRUE,4820
3.23327720239892,4.36672279760108,TRUE,4821
2.49984446616991,3.76682220049676,TRUE,4822
2.91771145539272,4.41562187794061,TRUE,4823
3.0481825244298,4.48515080890354,TRUE,4824
2.56904611246143,3.83095388753857,TRUE,4825
3.03622099820979,4.29711233512354,TRUE,4826
2.71484919109646,4.1518174755702,TRUE,4827
2.71040797458282,3.88959202541718,TRUE,4828
3.04102927876718,4.22563738789948,TRUE,4829
2.45479795753679,3.67853537579655,TRUE,4830
3.62485589703041,4.77514410296959,FALSE,4831
3.25441698653396,4.6122496801327,TRUE,4832
2.602064991803,3.93126834153033,TRUE,4833
3.17671290857252,4.42328709142748,TRUE,4834
3.53370155498377,4.66629844501623,FALSE,4835
2.77783705271329,4.08882961395338,TRUE,4836
2.7583442909683,3.97498904236504,TRUE,4837
2.93096790821302,4.13569875845365,TRUE,4838
2.90387606340903,4.2294572699243,TRUE,4839
2.64698987424003,3.88634345909331,TRUE,4840
2.29635009725969,3.77031656940698,TRUE,4841
2.91117038604662,4.22216294728671,TRUE,4842
2.93355739937784,4.1997759339555,TRUE,4843
3.098328335879,4.36833833078767,TRUE,4844
2.3583442909683,3.57498904236504,TRUE,4845
2.21249379806584,3.45417286860082,FALSE,4846
2.73059275513965,4.06940724486035,TRUE,4847
3.14893264250482,4.38440069082852,TRUE,4848
2.47164345044691,3.46168988288643,FALSE,4849
2.77436261210052,3.95897072123282,TRUE,4850
2.53096790821302,3.73569875845365,TRUE,4851
3.0334937549076,4.43317291175907,TRUE,4852
2.79869976656217,4.00130023343783,TRUE,4853
2.95676559702726,4.17656773630607,TRUE,4854
3.14119008331008,4.59214325002326,TRUE,4855
2.93355739937784,4.1997759339555,TRUE,4856
2.99754518099971,4.13578815233363,TRUE,4857
2.79082634736305,3.94250698597028,TRUE,4858
3.04039796429001,4.42626870237666,TRUE,4859
2.93066266615132,4.40267066718201,TRUE,4860
2.78916817664664,4.1441651566867,TRUE,4861
2.55618977138622,3.91047689528045,TRUE,4862
3.03492116284334,4.49841217049,TRUE,4863
3.298328335879,4.56833833078767,TRUE,4864
2.75874681081762,3.90791985584905,TRUE,4865
2.91854679808771,4.21478653524563,TRUE,4866
2.92193742325621,4.07806257674379,TRUE,4867
2.93059275513965,4.26940724486035,TRUE,4868
3.01491030515605,4.18508969484395,TRUE,4869
2.51558620467232,3.81774712866101,TRUE,4870
2.99417752117567,4.272489145491,TRUE,4871
2.87540760537336,4.32459239462664,TRUE,4872
2.8256330055537,4.10770032777964,TRUE,4873
3.04842741362549,4.35157258637451,TRUE,4874
2.65050686118843,3.74949313881157,TRUE,4875
2.99417752117567,4.272489145491,TRUE,4876
2.54714898889843,3.71951767776823,TRUE,4877
3.4694272383721,4.7305727616279,TRUE,4878
2.63075106806109,4.03591559860558,TRUE,4879
2.88952310471955,4.24381022861378,TRUE,4880
2.72157318086877,4.21176015246456,TRUE,4881
3.49229967222036,4.77436699444631,TRUE,4882
2.53052694280801,3.80280639052532,TRUE,4883
3.06169330339253,4.4716400299408,TRUE,4884
2.54658524826896,3.85341475173104,TRUE,4885
2.68136662625041,3.78530004041625,TRUE,4886
2.67884416996162,3.85448916337171,TRUE,4887
2.90938137220949,4.29061862779051,TRUE,4888
2.83317779950324,4.10015553383009,TRUE,4889
2.56151403399343,3.7718192993399,TRUE,4890
2.66305865011622,4.07027468321712,TRUE,4891
3.06153619424185,4.40513047242481,TRUE,4892
2.75249862556762,4.04750137443238,TRUE,4893
2.54582032431699,4.05417967568301,TRUE,4894
2.93096790821302,4.13569875845365,TRUE,4895
2.88957360634448,4.11042639365552,TRUE,4896
2.70230880356539,3.89769119643461,TRUE,4897
3.32772590157326,4.67227409842674,TRUE,4898
3.12937364316158,4.33729302350509,TRUE,4899
2.73781418800187,4.06218581199813,TRUE,4900
2.69094468129513,4.0423886520382,TRUE,4901
2.64755924277659,3.81910742389007,TRUE,4902
3.07864438855423,4.32135561144577,TRUE,4903
2.46270697649491,3.67062635683842,TRUE,4904
2.6943179248522,3.9056820751478,TRUE,4905
3.18225287133899,4.48441379532768,TRUE,4906
2.60837278722112,3.79162721277888,TRUE,4907
3.21817598474456,4.51515734858878,TRUE,4908
3.61559930917148,4.85106735749518,FALSE,4909
3.11040797458282,4.28959202541718,TRUE,4910
3.18915885260034,4.344174480733,TRUE,4911
2.35049126742128,3.58284206591205,TRUE,4912
2.57783705271329,3.88882961395338,TRUE,4913
3.13355739937784,4.3997759339555,TRUE,4914
3.38669884455716,4.67996782210951,TRUE,4915
3.03383271242535,4.36616728757465,TRUE,4916
3.10554086535244,4.56112580131422,TRUE,4917
2.95996717269197,4.24003282730803,TRUE,4918
3.29094468129514,4.6423886520382,TRUE,4919
2.58521346475437,3.88145320191229,TRUE,4920
2.60933921678214,3.92399411655119,TRUE,4921
2.80785674997674,4.25880991668992,TRUE,4922
2.66270697649491,3.87062635683842,TRUE,4923
3.16904611246143,4.43095388753857,TRUE,4924
2.68643110736019,3.91356889263981,TRUE,4925
2.82065643426592,3.84601023240075,TRUE,4926
2.94352740320932,4.32313926345735,TRUE,4927
2.40940374396037,3.6572629227063,TRUE,4928
3.0195509756386,4.3804490243614,TRUE,4929
2.99417752117567,4.272489145491,TRUE,4930
3.04389405084599,4.28943928248735,TRUE,4931
2.18915885260034,3.344174480733,FALSE,4932
3.50087486167928,4.56579180498739,FALSE,4933
2.83317779950324,4.10015553383009,TRUE,4934
2.8588413445091,4.1411586554909,TRUE,4935
3.41715793408795,4.64950873257872,TRUE,4936
2.32527403165708,3.47472596834292,FALSE,4937
3.10387606340903,4.4294572699243,TRUE,4938
2.72003217789049,4.01330115544284,TRUE,4939
3.18447519263622,4.41552480736378,TRUE,4940
3.22563300555369,4.50770032777964,TRUE,4941
2.98492345262243,4.3484098807109,TRUE,4942
3.14551083662829,4.32115583003838,TRUE,4943
3.2281807006601,4.43848596600657,TRUE,4944
3.00641990952533,4.326913423808,TRUE,4945
3.19719360947468,4.46947305719199,TRUE,4946
2.68040931749707,3.98625734916959,TRUE,4947
2.17058360383287,3.29608306283379,FALSE,4948
2.96476456973864,4.30190209692803,TRUE,4949
3.05441698653396,4.4122496801327,TRUE,4950
3.1260081350081,4.40732519832523,TRUE,4951
2.95727407484252,4.37605925849081,TRUE,4952
2.45479795753679,3.67853537579655,TRUE,4953
2.34352740320932,3.72313926345734,TRUE,4954
3.22485589703041,4.37514410296959,TRUE,4955
2.96378959845359,4.10287706821307,TRUE,4956
2.85258495690025,3.88074837643308,TRUE,4957
3.11365654090669,4.35301012575997,TRUE,4958
2.94119777498052,4.19213555835281,TRUE,4959
2.86421184766637,4.00245481900029,TRUE,4960
2.62413467785064,3.9091986554827,TRUE,4961
2.727510854509,4.00582247882433,TRUE,4962
2.62343226369393,3.84323440297274,TRUE,4963
2.78181466261492,4.28485200405174,TRUE,4964
3.32303808356875,4.41029524976459,TRUE,4965
2.46944097726137,3.9972256894053,TRUE,4966
3.23963188512266,4.56036811487734,TRUE,4967
2.74224815201298,3.92441851465369,TRUE,4968
2.5421347922424,3.92453187442427,TRUE,4969
2.48486587804998,3.71513412195002,TRUE,4970
2.3576113479618,3.70905531870486,TRUE,4971
2.39486952757519,3.73846380575815,TRUE,4972
2.55222264453019,4.04777735546981,TRUE,4973
2.97790704259215,4.35542629074118,TRUE,4974
2.43927895804299,3.69405437529035,TRUE,4975
2.66335660248852,3.93664339751148,TRUE,4976
2.53052694280801,3.80280639052532,TRUE,4977
2.67686073654266,4.05647259679068,TRUE,4978
2.73781418800187,4.06218581199813,TRUE,4979
3.21080374318364,4.5225295901497,TRUE,4980
2.76630002625815,3.96703330707518,TRUE,4981
3.00605694895936,4.12727638437397,TRUE,4982
2.84178707768645,4.22487958898022,TRUE,4983
3.11117038604662,4.42216294728671,TRUE,4984
2.60933921678214,3.92399411655119,TRUE,4985
2.4927323669688,3.7072676330312,TRUE,4986
2.89984446616991,4.16682220049676,TRUE,4987
3.01374265083041,4.31959068250293,TRUE,4988
3.0195509756386,4.3804490243614,TRUE,4989
3.25637156162298,4.47696177171035,TRUE,4990
2.86854673924292,4.26478659409041,TRUE,4991
3.49229967222036,4.77436699444631,TRUE,4992
2.96476456973864,4.30190209692803,TRUE,4993
2.40351666845045,3.59648333154955,TRUE,4994
2.45479795753679,3.67853537579655,TRUE,4995
3.26373013971792,4.20293652694875,TRUE,4996
2.67095405117348,3.92904594882652,TRUE,4997
2.94511524696957,4.25488475303043,TRUE,4998
3.01374265083041,4.31959068250293,TRUE,4999
3.75269870534046,4.84730129465954,FALSE,5000
