"模拟编号","普通标准误t统计量","稳健标准误t统计量"
1,-1.27412457080662,-1.66988330354948
2,2.03888744530476,1.41517388350345
3,1.10996140833078,1.10631676556036
4,0.701626348143508,1.14206360787887
5,-1.78501476678541,-1.63044806580689
6,1.0898757688907,1.00813674040718
7,-0.588147621044644,-0.547659881101601
8,0.843852540862723,0.697132072083583
9,-1.41386132750606,-2.57819026870087
10,-2.50358065290985,-2.65033090198622
11,1.06772386350098,1.03972526532969
12,0.448364431773415,0.30922266076506
13,-2.42415353239212,-4.38954216143745
14,0.472283082292863,0.619187993444693
15,0.0458410448663484,0.0434528369831047
16,-0.275728350459267,-0.673430643386838
17,-0.83692158532696,-1.02000787342136
18,-0.493219122661159,-0.46954841454444
19,0.0089524156264577,0.00934853515199053
20,-1.30422339119461,-1.43269709964366
21,1.21819834238013,1.41099491049167
22,0.955697133943963,0.957913207754246
23,1.21789003595521,1.2634427974309
24,-1.75509877090372,-2.1899724312698
25,0.10397538375871,0.0984693921599423
26,1.90218313326262,1.53845695101715
27,0.257127786455458,0.28343114032296
28,1.09400051786455,1.13562989893952
29,-2.3798764488925,-3.6127305202437
30,-0.710195836760779,-1.00882799220931
31,0.0565603976366346,0.0548492288098628
32,-0.978792680877912,-1.12562591560754
33,0.438526838158673,0.397323868168875
34,0.337507625525701,0.386655041481297
35,0.470059859000023,0.411552463235231
36,-0.9283051809716,-0.836025624510789
37,1.87640718687742,1.69641132440579
38,0.538051435355923,0.645208272341117
39,-0.456517793672979,-0.561066457883587
40,-1.13282480579841,-1.49056728739355
41,0.173050800569855,0.185097532695421
42,-1.07938777764287,-1.96748882233083
43,1.32300242851806,0.942801259787388
44,-0.743761923675376,-0.911532666275616
45,2.62232221551597,2.44813817484705
46,-5.60397397925084,-9.96967531252673
47,0.0190330290283497,0.0243057365365747
48,-0.808765618393794,-0.846616438918159
49,1.43590491322227,0.982011843547301
50,-0.735478737980865,-0.834473294021148
51,-1.10751670205022,-1.75767850061062
52,-2.13247418204771,-3.03127229847872
53,0.904104357324436,1.0667141678214
54,-1.51985860740599,-1.49707909994416
55,-2.23374100596491,-2.74063400603172
56,0.764910803371378,0.642870226255193
57,1.07906533843632,0.682656437521562
58,0.443639571562836,0.507203255141481
59,-2.14896229360664,-2.05372731169112
60,0.895416265784509,0.613876183425716
61,-1.041372345557,-1.30751257124152
62,-0.495818008144927,-0.494633686048885
63,-0.685409287945034,-0.943072222328764
64,-0.242201196014057,-0.216475340615763
65,0.992713267717518,1.02648928503373
66,0.706408536544722,0.810707331061533
67,-0.546233713665706,-0.497200962585993
68,-1.56312478499497,-2.80944380993912
69,0.846787480121493,0.754190166522379
70,1.11053989561356,1.11469750883513
71,-0.756538944649455,-0.854148713404427
72,-0.575765626306961,-0.818255760788797
73,1.08357692982943,0.611128906972761
74,0.799321299253123,0.889964785418497
75,0.267169727148371,0.222667596561613
76,-0.667201313235148,-0.799904352816418
77,-2.98576815136031,-3.88197834504736
78,-0.469559448164272,-0.457494059130082
79,-0.975432262247109,-1.60000405104107
80,0.631596109494351,0.590292238089294
81,1.1303519166713,0.974135239598172
82,-2.00726542453244,-5.06079680658308
83,0.0156510074281593,0.0153460884309391
84,-0.206835802977565,-0.203083999723986
85,0.179579669671333,0.227286688858721
86,0.593179332619508,0.714877799306963
87,-0.159992065433964,-0.162990401534737
88,-1.70402345726324,-3.4600690525559
89,0.716340505914648,0.696458984435567
90,0.480369639237408,0.451672998322146
91,0.0129242448322789,0.0157646074773219
92,1.11483928266599,0.915325160492618
93,0.39069900848602,0.566349155155685
94,-0.760234036653232,-1.03514374492499
95,-0.0524444660801909,-0.0575522199669925
96,0.155682407188351,0.210546965925657
97,1.01821418687911,0.88879473474898
98,-0.196576085224189,-0.268228950163488
99,-0.343528736331462,-0.462365274988221
100,-2.02200232817861,-2.59410084178023
101,2.01825818813319,1.52655882117058
102,-3.71433782125035,-4.06578525212864
103,-0.933863087974773,-0.809634243342543
104,-0.579551419888978,-0.578036169112381
105,0.805007267783777,0.712878279258524
106,0.801220024524653,0.694177065268234
107,0.535213833425214,0.447393162000429
108,1.83425098469977,1.51300576333822
109,-2.47322099290338,-3.54391354991584
110,0.376595698558446,0.411149995961264
111,-0.320047655282701,-0.380052242390856
112,-2.92933533322323,-2.87567879171808
113,-0.460198962737013,-0.760886994099408
114,-1.1322974815693,-0.883560869939645
115,-2.74049907006397,-4.37336770543785
116,-0.201984979998328,-0.300473572404475
117,-0.0254532653790843,-0.0323907566562234
118,0.766765733653073,0.775695048681558
119,2.24797600400087,2.09592155157165
120,-0.563748013774946,-0.55092825696356
121,-1.25063962306134,-1.65156202233638
122,-0.81706296263661,-0.853911494825058
123,-0.248115267770891,-0.336055630597554
124,-1.21497764483508,-1.37330348044896
125,-2.79102389639486,-3.66138201177485
126,-3.0671182858168,-3.84281840645817
127,0.950896649052167,0.930096090191912
128,0.669651613551327,0.857920413589372
129,-1.62436401227858,-1.48594782446052
130,-3.40243874136471,-5.09492746148256
131,-3.26824165682981,-2.95423025784999
132,-0.916901170138865,-1.29180540364968
133,-0.752090398256619,-0.789266490270569
134,-1.57814792976267,-1.55545838995801
135,-0.270930604871927,-0.225006475980645
136,0.271332142379297,0.25205116799587
137,0.753931277645964,0.543171721883889
138,0.169555789805509,0.141153327939966
139,0.029464490539853,0.0386475899412115
140,-0.980058879607514,-1.2010154762868
141,-0.538860871565424,-0.782480973727092
142,1.06810982318582,0.972300523978414
143,-1.23665799852775,-2.22843301768507
144,-0.337404225559365,-0.487890957126039
145,-0.0070118321254498,-0.00721433562454189
146,0.897107752489191,0.684238547573842
147,-2.79659429968844,-4.19807529133759
148,0.69106213350494,0.66458122058466
149,0.569238879251419,0.67125247063102
150,-1.73635018416255,-2.29229718796517
151,-1.37081209194633,-1.99007872676756
152,-1.21090640713177,-2.51322205547061
153,1.51002448387238,1.79525613173294
154,-1.16587059029863,-1.37417601692074
155,0.0840518533539021,0.0728723718050826
156,-1.64009458187998,-2.03216273237711
157,0.433761302082707,0.627525636803579
158,0.0191036578554342,0.0169717120698732
159,-0.345309205879421,-0.22569541840534
160,-2.84001184992786,-2.76927665645967
161,-1.67020371752535,-2.57476251458934
162,0.357710852151335,0.267673689075297
163,0.0993224210295449,0.119670094493554
164,-0.8454869148151,-0.795822488209429
165,-0.771299457543418,-0.809000427734007
166,-0.700002982799849,-0.530436496226331
167,0.317711206626208,0.354805666609672
168,-0.0118928912980025,-0.0125385100570452
169,1.42169558419727,1.26969731291385
170,0.206420941082285,0.172524844157253
171,-1.11279075063913,-1.43857004167234
172,0.71431232442608,0.531263831413726
173,0.631383552562029,0.568817795912122
174,-1.46788790444227,-1.40394870806039
175,0.987616431136547,0.808483996299264
176,1.40204675983171,1.12275758162776
177,-1.22572525855836,-1.68173929637434
178,0.505310783688309,0.852880280757596
179,-0.0394612510931759,-0.0341931326841492
180,-0.199253941794355,-0.192208071663543
181,-6.47777724284759,-7.42962211582988
182,0.4410108038154,0.445289512835443
183,2.02442731771839,1.43032447113467
184,-1.17783637299572,-1.06574090299631
185,0.0715862639743815,0.0533589331584049
186,-1.02051688109756,-0.936536754270599
187,-0.313708421582271,-0.439168517952628
188,-1.26608283909055,-1.90658041485553
189,-2.47324143941723,-5.01949575199287
190,0.0559155772299796,0.0774699017240813
191,0.18558319414627,0.163323735470322
192,-0.990240117120831,-1.1507892711615
193,-0.207745094272003,-0.226764336310426
194,0.928586053043094,0.748016884100527
195,-0.928153351729593,-1.03809769771503
196,-0.839829733574139,-1.34614513856462
197,-0.214926354263245,-0.316300774257281
198,1.11356528562422,0.761696973874652
199,-1.74572649095027,-1.73653381126703
200,0.45795000900911,0.640384565904646
201,-2.20236249893097,-2.51470421047678
202,-0.79983705138824,-0.717860569776583
203,-0.742099353199398,-0.621043942666737
204,1.40434144707419,1.00728218793674
205,1.84360993775599,1.15986106717808
206,0.077451486827648,0.0794927173917429
207,1.04753230797123,0.91157632695863
208,1.93479968456807,1.9289882382709
209,-0.0623734844567088,-0.0680855597212559
210,-3.53016080416337,-3.98222392034165
211,1.16035444760042,0.883316305647846
212,1.77462604313041,1.81234318943746
213,-1.68739724747111,-2.60308855001978
214,1.12260862931968,1.23734657129502
215,2.7407634916455,2.49211487856637
216,0.655016146779766,0.717374616803101
217,-2.66819365455479,-2.87701018152163
218,-3.36294925053534,-3.31756009810271
219,-1.45057028584108,-1.30072611175659
220,-0.159643692425793,-0.180468685917699
221,-0.413627381389898,-0.40559361535273
222,-1.32728011741491,-1.81289908333889
223,0.107283980933967,0.179677576052787
224,-3.09919026726192,-4.2377499794565
225,-0.813684224555064,-1.2045058804128
226,-0.841305884447999,-0.919116863005288
227,-0.692906439707904,-0.746772709630476
228,0.0274564287742785,0.0212511257540336
229,-0.968781285474436,-1.04944736372163
230,-2.27667269368171,-2.26795679808656
231,0.152044919263867,0.11847199867287
232,-2.31485128467708,-1.87033116786111
233,-0.408213590070309,-0.557496083948597
234,0.702181778832743,0.4509991251632
235,0.806101719796452,0.794291455760134
236,-1.85869423661551,-1.63510968711643
237,0.748763116183815,0.835676215754395
238,-1.44496201335751,-2.04313640271431
239,0.993018579842057,0.679227676602104
240,-1.69355250213523,-1.91764314804791
241,0.539302120168369,0.582671173004345
242,1.08401169667538,0.84904586170983
243,0.00759447431613542,0.00683215463536452
244,0.57287567394681,0.593558880968635
245,-0.559185357970346,-0.703748729935879
246,-0.457648676126089,-0.359516129204899
247,1.62363494050173,1.5175456505973
248,-1.5182462289478,-1.55837018009098
249,-1.64502323217932,-2.02384245821348
250,0.757305082577008,1.04132808271584
251,-0.598607987558901,-0.833468049536438
252,0.174687698564232,0.234318355917999
253,0.633540419417354,0.774047370842023
254,-1.09275175667095,-1.79638850943256
255,-0.733971732881227,-0.853073790356305
256,-2.99471694364513,-4.42561306663098
257,0.473788087220003,0.437820134122317
258,-1.15393427728672,-1.96970613610974
259,-1.22770204604678,-1.56642762454382
260,-1.2800635925386,-0.83974853339658
261,-1.81870412998934,-2.45725055431507
262,-0.357688682827501,-0.550309617907927
263,-3.42878560585444,-5.2357208854308
264,0.43237961356269,0.43616190945383
265,-2.93526846620893,-3.94554090862436
266,-0.672610929762654,-0.557194632194231
267,0.981027713979872,1.12378588643558
268,-0.0249928517415575,-0.0349879539951335
269,2.67939847302399,1.73982929584091
270,-0.138312608401434,-0.165267225865991
271,-0.972805046228635,-1.05995047643597
272,1.35821640115973,0.998665761363051
273,-1.16101819856337,-1.59885840526692
274,-1.08735554815094,-1.19187006795206
275,-0.526107764458881,-0.625797352468912
276,-0.889982648632656,-1.08174348740128
277,0.348189293507919,0.344587751364644
278,-6.54801486032758,-9.57097056300017
279,0.518587057428427,0.399234535384953
280,0.271644141983789,0.168918890102339
281,0.700218456055973,0.927046481162149
282,0.609751571601846,0.467860588818332
283,0.913530422997608,0.627726578363167
284,-0.279141011924105,-0.291366805191131
285,-2.8629319851316,-2.29563637537158
286,0.454759475649084,0.36644976266263
287,-0.157349270460169,-0.151743211258148
288,0.62829570870865,0.511865726874018
289,-0.421346003751934,-0.428068749851604
290,-0.712123400756944,-0.848738692954906
291,-0.57017896981107,-0.485480183964951
292,-0.681827806116109,-0.900768747372325
293,1.18054693410194,1.20810260963925
294,-0.385121013726401,-0.593531579116038
295,0.278962219250725,0.281647022772767
296,-1.81809853517545,-2.38915492380163
297,0.624970767897119,0.705718900114369
298,-1.62074680036908,-1.51060816420965
299,1.57796051684182,1.4310317517255
300,2.00364972918403,1.85284871324912
301,0.84257474101324,0.631892540916585
302,-1.26168672845254,-1.3019918801202
303,-1.31914891052072,-1.90284437953828
304,0.163734101426843,0.199504967219104
305,0.968979510263713,0.845248464623086
306,-0.528847689561303,-0.508037769587591
307,0.161893241378962,0.123654296639372
308,1.19822473193484,0.762048910946882
309,1.44150817438353,1.01150561378594
310,0.921468259425508,0.705556470265272
311,-0.721559664193515,-0.756729385052927
312,0.442545207545739,0.435001593811955
313,-0.486338932839174,-1.36152591823125
314,-0.467135275098673,-0.579600908778931
315,-1.26098450543462,-2.02104678808416
316,-1.0135766174825,-1.20400247857704
317,0.536055838543589,0.45787853986082
318,0.13150559805278,0.121101922484706
319,-0.27004648856136,-0.253774639790505
320,-1.57598135360439,-2.74347963950975
321,-2.61245818783654,-3.54036223659718
322,2.56754221965616,1.87849056362652
323,1.26601360580574,0.994208360250653
324,0.424509622967846,0.29252781356693
325,0.253540965167457,0.216565004352212
326,-1.2022625115651,-1.36638464451426
327,-0.159307495141568,-0.188144422265244
328,-0.976096554757697,-1.15795058866294
329,1.87497405700725,1.25380723890808
330,-0.233161359610399,-0.388396742370904
331,-1.7733610681822,-1.73951883955007
332,-2.98821360193697,-4.52607901403096
333,-0.972160483211395,-1.28683019119524
334,-0.018354335414119,-0.0198984000386977
335,1.14146582476888,0.83087895259715
336,0.742272851933773,0.766396804464097
337,0.590632919108713,0.862448256666846
338,-0.71135849917808,-0.882836849554362
339,-1.14596538461869,-1.11940873179699
340,-4.3239294982825,-4.91076919666774
341,-0.225279465516788,-0.160382813332664
342,-0.0268348627682984,-0.0268007487235826
343,-0.372445394917483,-0.87146629363172
344,-0.91269249812786,-1.63979102317805
345,-1.45016697409912,-2.10620102405209
346,1.36139806303405,1.05296626285903
347,-0.298379617745497,-0.396063945586726
348,-1.44440150054086,-1.41181760788329
349,0.677795868516695,0.827308685993811
350,-0.104622659071283,-0.111761335716865
351,-0.315160340769706,-0.229489389847651
352,-0.315674997077075,-0.550652933211074
353,0.29205020055792,0.431553592836187
354,0.604520957352113,0.554817421231063
355,0.716377444421589,0.500865906447708
356,-2.91117230719246,-3.09990664008249
357,-3.17994107620493,-4.23676146940596
358,1.34352628048297,1.01827549200001
359,1.41603452418399,1.50859184096495
360,1.19360280487596,1.06075377700167
361,1.22026737552758,0.821249838552144
362,-0.872552848580163,-0.810516514597726
363,-0.0100940632977986,-0.013389144189231
364,-3.52453730886032,-3.13772174963908
365,-0.021435841963461,-0.0238040303856518
366,-1.29229231195773,-1.29673460295578
367,-2.87833400396525,-4.03388632240946
368,0.106867464842511,0.111814941733088
369,-3.8366328046708,-5.63077425182463
370,2.31258792487701,1.4978169921408
371,1.5121516282085,1.65392168966979
372,-2.6999060018787,-3.3834874206493
373,-2.90539293442673,-3.60524472088232
374,0.261061516730556,0.274325334833424
375,0.580460930702272,0.512682288926067
376,0.239324474196746,0.178244355350943
377,-0.199550123952626,-0.236503571559196
378,-0.213005591587344,-0.319604227047373
379,1.09568922477962,0.970677350253104
380,-0.643689164937231,-0.535181833143061
381,-0.0899032880543674,-0.087059044841747
382,-3.59528950098696,-3.34292701924285
383,-0.143282056697034,-0.134561345102577
384,0.669518358605162,0.880315204589931
385,-0.383464678140181,-0.328189617986527
386,0.219269746636745,0.217471084065657
387,0.621347441206048,0.562192194427474
388,-0.493517339931335,-0.573429997140749
389,0.650586848007847,0.549173352656537
390,-3.16423024203738,-3.10214997920703
391,0.23957357637392,0.210722762486704
392,0.434157554290597,0.329077544073363
393,-1.15827341361724,-1.09145998237219
394,0.454310186565657,0.342536927171736
395,0.193803690848099,0.172669075938975
396,-0.189579835812519,-0.199312556775417
397,-1.49352942033177,-1.6246931140794
398,0.832081520604403,0.728375048100854
399,-0.00992715574994226,-0.0110928026892852
400,-3.77539465659596,-5.20639399307658
401,-1.24483192726917,-1.48093235783513
402,-0.7978271573483,-1.12029350029083
403,-0.505124535977282,-0.427419818934126
404,1.05982929548836,0.992917575694288
405,-0.346466680749498,-0.236406014732617
406,1.336113532665,0.978345451150542
407,0.180230493589796,0.141015638377817
408,0.013746455234011,0.0169091846449047
409,-1.22806843031414,-1.98355398417083
410,-0.360689054108691,-0.462923198851222
411,-1.01449389606714,-1.43180708083647
412,-0.791224183402973,-0.778745833826155
413,0.579667537620136,0.46242278426738
414,-1.80416038761315,-4.58254484124408
415,-2.59753466435519,-2.2581790590489
416,0.549242477816809,0.452587425457749
417,0.0761204793511145,0.101359223783337
418,0.231556114272038,0.240488124167261
419,-1.30700637816884,-1.33587936899374
420,-1.8252536133583,-2.08640280777513
421,0.467234441169149,0.436180925560086
422,1.28321601842154,1.137969932375
423,-1.67802787035618,-1.43389773518211
424,-0.470667710071972,-0.372178817555045
425,-0.699846484070894,-0.605709509583835
426,-2.10277765241906,-2.5114902343329
427,0.347046484989833,0.29227296398678
428,-2.11718416653774,-2.04689381192346
429,-5.01565551643852,-4.58271424173037
430,-0.598543162764012,-0.62042470359153
431,0.0158347234408901,0.0179623180404862
432,-4.17245141621587,-5.74206197185714
433,-0.00932537459938057,-0.0121565451165922
434,-2.35145226384525,-3.66690236263478
435,-1.70234132726619,-1.65942356674877
436,0.127333928752037,0.154636438611826
437,0.827915056816388,0.64248230023018
438,-0.206411129053047,-0.236036584329708
439,-1.17674951033001,-1.11955320610537
440,-1.99483288133648,-4.37999057765536
441,-0.756645723334437,-1.06500706628863
442,0.638753657237489,0.564086773937037
443,-0.728047624270396,-0.894432326475968
444,-0.563229793428517,-0.784747566481998
445,0.238112718185696,0.254629044755457
446,-2.48183953291901,-2.24615039220497
447,0.272386090476933,0.241867079445035
448,-0.490286810597281,-0.420544985873614
449,0.62518005257322,0.522775163110349
450,0.458047033122933,0.518096462075509
451,-0.560392975919387,-0.756878020208138
452,-4.01572382247599,-4.8963955726123
453,-1.38086926790797,-1.36720683370551
454,1.41879821443488,0.780576079774653
455,-3.99647540346749,-5.14660555875496
456,-0.383442535981189,-0.543315439951456
457,-0.453680499039184,-0.649438805153937
458,-2.16786658043438,-3.53477689666145
459,-0.727742234023507,-0.565606182737882
460,-0.326509966790195,-0.767042588841425
461,-0.700619469520024,-0.66062451443761
462,0.91284090267799,1.03895819293344
463,-4.85937204726988,-3.55944791442258
464,0.845730466506249,0.660767949779355
465,0.952512800670337,1.00019563791273
466,-0.658200003192483,-1.0987284710015
467,1.69902448886301,1.11570929784306
468,1.23827803296756,1.21158858994289
469,-0.32324058468102,-0.432267342576875
470,-3.60570653120557,-3.51601337005757
471,-3.14672784098593,-4.79397721245411
472,-0.0298622539382329,-0.0254026719123198
473,1.34171690486847,1.92620747820922
474,-0.115251939911581,-0.108548649365328
475,0.0973567278938471,0.091694840767344
476,-1.08743585735047,-2.1221545333113
477,-0.119956647436775,-0.110774735618812
478,-1.06202278850362,-1.00159587048334
479,-0.318959431010233,-0.343795396750438
480,-0.517176140862143,-0.641292563171781
481,0.224513050458395,0.199365242905006
482,-0.483001326464884,-0.683493905326632
483,-1.72042141746161,-1.66837498090954
484,-1.24030822097107,-1.76631254692243
485,0.979328234136436,0.815233240358312
486,0.0751893800630753,0.0834992138315292
487,-0.0660458716404246,-0.0535814301547446
488,-3.34142910046029,-3.52818835522468
489,0.825785669507934,0.69260288567228
490,-0.348993594984719,-0.377545157023939
491,1.20059594190775,0.811651116542445
492,-1.40031932547961,-1.23189557249869
493,1.06409776753181,0.879823475440705
494,0.146889445502868,0.140123770577436
495,0.344199093073667,0.355777020078989
496,-2.96174439450687,-5.51141250310877
497,-0.896979114773108,-1.38515585092573
498,-1.78565104547594,-1.59296824031848
499,-0.844391431117789,-1.17441550748438
500,2.0031121577043,1.44067622431964
501,0.165870706870593,0.168597442912538
502,-2.0609845144834,-2.41195003597118
503,-0.6156237001286,-0.909447458004
504,1.42556470011562,1.4779052061244
505,0.0722804631714247,0.086550324122881
506,0.176056685994977,0.184293126381555
507,-2.84599489840889,-3.44723042581569
508,-0.862506292585952,-0.886283439067096
509,-0.0668541213305693,-0.0838175845540649
510,-0.428471686273149,-0.479784711008422
511,0.896313784367838,1.35987521703081
512,0.369449105295916,0.317460883110614
513,-0.866448038028678,-0.859630936188103
514,-2.01713196778979,-2.14413924739321
515,1.04124803982235,1.19571596879871
516,0.191815250610263,0.25448237360706
517,-1.31637381235793,-1.16965702444692
518,0.316879274639992,0.296477013337572
519,0.365854055626692,0.26523450200756
520,-0.572323643076373,-0.621797547117228
521,0.091298287815119,0.0952037138900505
522,0.626343907778239,0.539837340690747
523,1.2812395126293,1.04760207826769
524,0.249893712411148,0.282450104532631
525,-0.527495374472243,-0.406123592731822
526,0.231028701807111,0.409611095912963
527,-1.89218842448763,-2.54304873666111
528,-0.0922349052958633,-0.0958064492167587
529,-1.33069320733207,-1.92102780676402
530,-0.209879348670936,-0.272537349070219
531,1.91940763594606,1.40553442898517
532,-1.84620141388751,-2.51381443526666
533,-0.154348561618518,-0.207897873726125
534,-1.05156978176977,-0.687836123982468
535,0.918714011206649,0.715660083690537
536,-0.936323332245988,-1.12435675719249
537,-1.10753117602473,-1.50714326407186
538,0.254083894683631,0.330539826169371
539,0.744090888327752,0.602741299976947
540,-0.926805318602569,-0.989186581201879
541,0.238720300233011,0.214219211033398
542,1.46739455948901,1.94714797296357
543,0.222812708603972,0.239594188454582
544,-0.00994316881786039,-0.0080636442782587
545,-1.2805213856901,-1.13933612447161
546,0.162483065112928,0.112463333104435
547,0.786190586556899,0.68252719922377
548,-0.16674930575651,-0.156207321835556
549,-0.836339512778855,-1.08407032563178
550,1.22408757307766,0.766922402340543
551,-0.343159849755798,-0.330798089217622
552,-0.72673799395868,-0.891264321904638
553,-4.32230554899599,-4.40718270899931
554,1.88062645923447,1.28273693284663
555,0.795317378488645,0.760420181851417
556,-2.61417011280445,-2.84361062806336
557,0.121364312644582,0.236066679164174
558,-0.252930605169034,-0.262202428232484
559,-3.28063425054121,-4.13978944790543
560,0.726678517327899,0.886488284886713
561,-2.70851731327884,-2.69625362035189
562,-2.09379129281133,-2.47964668922571
563,-0.863738078239306,-0.950406700422159
564,-3.37851291691197,-3.96063761593422
565,-3.25643285359332,-3.64766366599376
566,0.606600144069126,0.470761332328291
567,1.95649454264863,2.00536190631679
568,-0.165080473389352,-0.133733966436629
569,-0.415084935933719,-0.43396592878147
570,-0.933527841354286,-1.15990682165074
571,0.16531701967318,0.135392730460649
572,-2.91638242933906,-3.79060690677858
573,-0.382445351235844,-0.331661136974413
574,-0.561203745309777,-0.636433726661558
575,-0.555587395695019,-0.600466962892822
576,-0.116952874198865,-0.122590560982325
577,-0.73104522446255,-0.694934338717193
578,-0.774423667694781,-0.708097023799013
579,-0.807541332609118,-0.754583284491807
580,-1.20353429041901,-2.80114518935604
581,0.873239951087427,0.88862273018061
582,-1.27613233264457,-1.4159170775611
583,0.540347131757282,0.455725284258927
584,-0.0502409395973793,-0.049140501358964
585,0.326855826821283,0.316266823387301
586,0.984486502637837,0.726342476834013
587,-1.76190659892344,-2.17447082921327
588,-4.87590549424888,-5.72472438204447
589,-1.17020193158878,-0.866835422513533
590,0.111392427852982,0.0765192710854957
591,0.728680848076856,0.518909163916375
592,1.22537833982272,1.11503535149396
593,-0.0472570924498918,-0.0689729752950259
594,1.41582943373822,0.981102228603879
595,-0.0434693432875228,-0.0530696247233351
596,0.511793952758942,0.610620729951116
597,-1.37265553738674,-2.18175910365068
598,0.700650359110763,0.539382656094505
599,1.12779056191604,0.752283025433376
600,-0.155213441170911,-0.195030545345436
601,-3.2020375706114,-5.55591725115238
602,0.708684493459971,0.767129394758148
603,-1.11226505180101,-1.0195716232084
604,0.747273971174068,0.564318880963475
605,-0.635454434713306,-0.517749405459031
606,-0.553257512652118,-0.555582259255362
607,-1.04704893787599,-1.62755972653148
608,-2.37489432984335,-2.79204771019375
609,1.38690486200653,1.01796882600732
610,0.355838658257959,0.338084261427293
611,-1.39089208506242,-2.43029827680554
612,0.207395860382658,0.21361386316054
613,0.779925247108007,0.813913707660643
614,0.0714530748434121,0.0697392445042351
615,-0.262235417835104,-0.248589911179242
616,0.572187071415722,0.436793988847584
617,-0.043545243816436,-0.0376356288277998
618,0.418212651314363,0.373856530530047
619,0.337592030926727,0.410410521587457
620,-0.0571000947427047,-0.0438383047233315
621,0.864429594247776,0.823035325132302
622,-2.38101872451498,-4.38571694481969
623,0.492248230953654,0.474717041632017
624,-0.579275178383796,-0.792568338776466
625,1.24364995598869,0.920517096245145
626,-3.7710551557016,-4.23662282626083
627,-1.05956193989525,-0.858452638502393
628,1.04700946236349,0.990631479470336
629,-0.0403719743703144,-0.0347379916180726
630,1.07699462250631,1.05234645655279
631,0.52689772001418,0.501397453161039
632,-0.596739630641714,-0.877261544123338
633,-1.37286511036195,-1.49863844834365
634,-4.25524801838059,-3.94183735380366
635,-0.500881015043928,-0.842071794685184
636,0.538760440051449,0.437464284699935
637,-0.615810324116027,-0.581341480767992
638,-1.48496035267262,-1.62600655971841
639,-0.669704586695631,-1.01168943320784
640,1.12970646261487,1.21219338450439
641,-4.50287439232272,-4.79439663736795
642,-0.725583853550517,-0.687870485468719
643,1.96934941878718,1.62515203152406
644,0.334077730651869,0.351167059011686
645,0.618328868502754,0.809875308319313
646,0.00678804299837432,0.0046269784704476
647,-0.0823639623079173,-0.0712736225829085
648,-1.50381845236097,-1.54269141762306
649,0.740421033010054,0.605178365868638
650,-0.821453435887514,-0.711693215794863
651,-0.895061519925596,-1.80286318573971
652,0.466169695556634,0.379615838003717
653,-7.01454063682729,-8.40489287205733
654,-1.03064587803348,-0.949522569029378
655,1.35653024876992,1.20715622379453
656,-0.60359367374203,-0.901432709895342
657,-2.04042577456719,-2.96720137853161
658,0.368814890976989,0.299822605203601
659,-1.53630855290283,-1.81127863089661
660,-0.147819578349219,-0.176897300660692
661,1.92138238158383,1.82457120040878
662,0.723512945120065,0.653524849358047
663,1.04321135170235,1.06754757692467
664,-1.66014572875814,-2.63220658045759
665,-0.027127863129885,-0.0233078626537374
666,0.899822267231319,0.83568814277415
667,-0.285742418526416,-0.343486942595941
668,0.234172425920266,0.271306880049513
669,-1.35823663291227,-1.75315631105086
670,-0.727729172629445,-0.718157047910113
671,-4.66856172640237,-5.29972030819014
672,0.763633079562759,0.736421839564246
673,0.364346021267716,0.337836437689624
674,0.320229055832239,0.301356058016309
675,-1.51346662595784,-2.00815411352188
676,-0.823796477817562,-0.64591182986209
677,0.0856145224918282,0.0859256644149824
678,-1.42206754748081,-1.28356631699871
679,0.438909070880784,0.406922351389481
680,-0.23458844721637,-0.28444048084132
681,-0.258844297536762,-0.255508090646605
682,1.12190984384887,0.828304256906943
683,-2.47657022561207,-2.95779874203609
684,-0.465664537059228,-0.54587571595145
685,-2.78888678641259,-5.38269304789096
686,-0.0519769629239117,-0.0941757937324812
687,0.172493565467153,0.277249438391296
688,-1.61692461707801,-2.24171071503805
689,1.50544516140759,1.26480263037507
690,1.38915445167599,1.09816941769183
691,-0.0852190692707088,-0.0696436052037758
692,0.455812841153315,0.504953322622896
693,-0.307454645410133,-0.443913989647916
694,0.517217477080004,0.381371556616425
695,0.942695524508326,0.846104555559036
696,-1.07263853993338,-1.03197184737765
697,-1.72262339006664,-1.96587213211627
698,-2.22746959453687,-1.83186117384935
699,-2.46325062334141,-2.68586835125005
700,0.0993501618177954,0.0995550972424897
701,-0.986035176060577,-0.997533211382694
702,0.00640312599087633,0.00543719168498711
703,-2.57993842772553,-2.85035542676607
704,1.70063675781465,1.43433917783873
705,0.488859662355272,0.545770885677338
706,-3.04756861770483,-3.82734962157217
707,-1.63522574548128,-1.94348498518693
708,1.10698906259358,0.815180988743728
709,-0.621601007049729,-0.832246108697635
710,-3.50409468796921,-4.81197570302793
711,-0.992408472672637,-0.83487638375824
712,0.531504642488181,0.465522067199246
713,-0.307484846358425,-0.37446404725246
714,-0.844799624477548,-0.872907259001783
715,1.08328006499864,1.11654770870107
716,1.1951797208833,1.57349261587159
717,-0.221320931816824,-0.281106525995551
718,-0.223468030475912,-0.314344783232526
719,1.71139337334179,1.58503324323249
720,-1.93109625845487,-2.16112169556745
721,-1.44260950318354,-1.4859910604697
722,-1.9029463330434,-2.29578505928883
723,-0.264929782802583,-0.218269707318683
724,0.343389416611523,0.271084875029417
725,-0.0943590595903631,-0.0965776135977165
726,0.844144420832205,0.791070456408437
727,-0.850678896302475,-0.86912231847084
728,1.77145933885135,1.98996600034928
729,-0.0337271712965487,-0.0394247662648054
730,-1.78660788865486,-2.94805407566942
731,-4.51657051664351,-6.20872417639669
732,-1.26552639117271,-2.20651666795404
733,-2.58382762094588,-3.06889657286512
734,-0.835009721593223,-0.812020041501871
735,0.906203664348262,0.745322565929848
736,0.315250400648811,0.266851466831494
737,0.687793564191305,0.5907583925585
738,1.82351091143132,1.38857250228375
739,-1.06740939490981,-1.41653504936612
740,-2.4829075254711,-3.0698017484512
741,-1.56220062369509,-2.07202471342913
742,-1.90980337982613,-2.40000790492452
743,0.144762262361771,0.18771287127932
744,0.846267663155852,0.743818030257204
745,0.900775077017226,0.724678009758891
746,0.3787431221499,0.461648841135322
747,-1.37851272974511,-1.59508204592955
748,0.286410792420448,0.303386988815943
749,-0.62381107898186,-0.623189979129105
750,-0.642807893956972,-0.805957517089734
751,-1.85515454600749,-2.28608594051678
752,-0.890135677430385,-0.656016965321458
753,1.1684249024348,0.74532292314958
754,0.68336928322032,0.711856007152903
755,0.761247157005086,0.724266425464654
756,1.40700672340462,1.27123672855196
757,-0.180950960617174,-0.119207679102718
758,0.445171431102307,0.525442048121093
759,-1.08922655773747,-1.56648699578375
760,-0.605407190642135,-0.742971532486311
761,-1.02250365242994,-2.17208217398641
762,-0.721611400384369,-0.968772376918558
763,-1.04701706133847,-0.775044145596229
764,-0.994962716555471,-1.2452434628075
765,1.66138157064911,1.24477633136314
766,-2.3511358959805,-2.93423050798818
767,-0.157064432439061,-0.173386471921829
768,-0.334976296456334,-0.441268978683679
769,-1.16644800367362,-1.46597365303983
770,-2.39546715801254,-3.76477930692283
771,-1.0299327491615,-1.22379082506715
772,-1.28776091013718,-1.62380170966134
773,-1.50396642228877,-3.48792212242495
774,-2.84951388184883,-2.69986770131471
775,0.138015811405913,0.185670781730102
776,-0.158302779136872,-0.16011010741254
777,-0.560386298633134,-0.90748196902833
778,-0.943809030176886,-1.40307694921974
779,0.49249228152661,0.435667826001175
780,1.8812810219186,2.0258225483636
781,-1.10189715015099,-1.70129498460604
782,0.050764922833756,0.048568356886916
783,0.961617264702356,0.827302698363602
784,-0.443564229229498,-0.3961793682827
785,-2.30526030800082,-1.85565062335757
786,-0.0220872696441277,-0.0197449989647255
787,0.0297717418720322,0.0243362979789703
788,-0.625681189864484,-1.09894234765315
789,1.09747227942755,1.03928856964081
790,0.87746494341529,0.694744097780485
791,0.28521204360516,0.497262209906726
792,-0.570650533797051,-0.5025531277293
793,-5.24260238506069,-4.99029868453983
794,-0.389695233534197,-0.417922923210852
795,-0.756894989106461,-0.80110132525268
796,1.28078692203634,1.31927187004862
797,0.164516978013369,0.225594275993715
798,-1.45170161609794,-1.55293249063485
799,1.0487669820448,1.14893398899247
800,-1.72215909309849,-1.78567706849837
801,2.65679123315481,2.12890141128724
802,-0.442535026978872,-0.534437700210632
803,0.584514808062188,0.545421080763112
804,-1.30582038565216,-2.02437575396097
805,-1.15186140386314,-1.9279386867867
806,-0.68848360223555,-0.578759403416993
807,-0.550877986200206,-0.572353236207073
808,-1.23761895112497,-1.27160168101318
809,-0.484423975503578,-0.467837525038305
810,0.300573295255956,0.327503608878551
811,0.889493347012012,0.910876166634601
812,-0.162447281656707,-0.21925506692674
813,1.08767870194445,0.720697747847044
814,0.67127668843025,0.551280228190916
815,-1.90369138449695,-3.13218026656852
816,1.77850826595917,1.6018478817112
817,-1.46302295354367,-1.446019163098
818,0.415453051573298,0.441778759107309
819,0.186011963060171,0.189763722767322
820,0.253171114415749,0.233961854146458
821,0.406132456255077,0.387847510178955
822,-0.109844924824704,-0.112243408095561
823,-1.5593504942543,-1.38506743917124
824,1.55062724661344,1.46515524578975
825,-0.715267650598197,-0.862678268628218
826,0.472779037703517,0.463564379292003
827,-0.168365319955836,-0.199187265331744
828,-3.88875233415169,-5.16067111224026
829,-0.724182255661208,-0.731216951363839
830,0.0911935020599356,0.0679618468080193
831,-1.00878737104118,-1.18800005810183
832,0.421249907115181,0.369882184659699
833,0.572960155552246,0.56163347117654
834,0.688558867140294,0.628739328978697
835,1.07552118982338,0.733209937220681
836,0.684772226958316,0.641165155763546
837,0.986296039832805,2.03762497469098
838,0.107001970563667,0.150011096719573
839,0.714363032059169,0.854630240989621
840,-1.68129428658455,-1.51273919616834
841,-0.306356261133165,-0.304267703893951
842,0.477736786614673,0.436180710869353
843,0.264247972966222,0.347152093227335
844,-3.87481949672551,-4.30153006770494
845,0.32763278405014,0.348060627523958
846,-0.0782338696392178,-0.114896271056136
847,-0.802198370235672,-0.671919538955254
848,-2.33704075626455,-2.46025005404385
849,-0.191328943099831,-0.289676687357521
850,0.567923617735789,0.777702062234705
851,-4.45715496959848,-6.29145383592926
852,-0.690691384010158,-0.749967886512826
853,0.802620806396565,0.765140338270135
854,-1.82091136562628,-2.1194111621802
855,-0.803331095801787,-0.752152573764656
856,1.14906107371314,1.21583949292851
857,1.50765009842369,1.25743831622498
858,-0.375876930360773,-0.398664242762883
859,-0.481375516253021,-0.69417768427041
860,-0.592882145308242,-0.482618862846076
861,1.11211457628313,1.10217299251464
862,-1.87402769755355,-2.883490251893
863,-0.147974321453169,-0.149306948768822
864,-0.0509371252192523,-0.0376331272708625
865,0.681310658331998,0.500358796569107
866,-2.38823762271498,-2.22982259779776
867,-0.818644607807715,-0.731409024511301
868,-1.00009917144892,-1.20369649147761
869,-1.07733776188189,-1.56256328748421
870,-0.614329934881984,-0.438926819617598
871,0.249644568927799,0.305179266308376
872,0.399051848623542,0.432291377602457
873,0.0035345944303093,0.00477063682827994
874,-0.182480307284632,-0.26121988008469
875,-0.393330313934905,-0.347756962155671
876,-0.855680036987497,-0.660360192188933
877,1.32706271713709,1.02537871848325
878,-0.810376483589924,-1.14939500917301
879,-1.55296516599302,-1.98153015115881
880,-1.04978778104363,-1.04992928820593
881,0.708622394451294,0.829646130254691
882,-2.58143757699429,-5.96080580752254
883,0.339075983987228,0.294320042895098
884,-1.03054267909977,-1.28931498208783
885,0.50542001660714,0.386855285977486
886,-0.350127983921073,-0.547369723803197
887,-2.22168299725183,-2.81480699577682
888,-0.574345886830883,-0.778035479027969
889,-0.167095254922638,-0.113717661147367
890,-0.164863498379937,-0.22948922316345
891,1.88570356765314,1.19398741248366
892,0.190158813996707,0.151120852273997
893,-0.250931483099872,-0.280580307373958
894,0.102536261039595,0.0901792456030655
895,0.466173321463351,0.499063071541178
896,-2.60702307409823,-3.1359096359444
897,-0.60272628915405,-0.485456542658484
898,1.0528860954202,1.0517528119888
899,-0.689480031052393,-0.731420164629484
900,-1.36803440207209,-1.36566116457809
901,-0.491364444165494,-0.659116552090156
902,0.361434674108248,0.379920081951708
903,-0.268336955027526,-0.326428183964005
904,-0.242340871001508,-0.270880263615417
905,0.503866506467178,0.496659787672396
906,-2.07876149541599,-3.05078603768618
907,1.01337674267286,0.951667774378725
908,-2.3760891207059,-3.03538589464711
909,-2.73519356694052,-3.21508512721313
910,-0.886381890708787,-1.03543669180662
911,-3.50639068652893,-4.0576792771953
912,-2.266031302144,-3.49025372639377
913,1.04343051167508,1.07408444452139
914,1.77421861972945,1.39101472031171
915,1.20169514939262,1.02133191048997
916,1.06376176730184,0.729748989848455
917,-0.121262894571627,-0.124107096873074
918,-2.17707171681319,-1.59067032658245
919,2.03544706619561,1.67102318796484
920,-1.61382310153537,-2.52190642529834
921,0.197991976741389,0.248811307892386
922,-3.99483527966742,-5.05067337751578
923,0.538535735129858,0.589655941523923
924,0.548753372405445,0.532856827003855
925,-0.340787558322008,-0.417820311877054
926,0.0363792231445858,0.0670803241832394
927,-0.121195108996195,-0.131580229505216
928,0.0306544029376293,0.0306961657801193
929,0.486638031322998,0.51720301285053
930,-0.154755301130247,-0.203622514807024
931,0.986421182005044,1.00108454143609
932,0.671470284338509,0.735950620996904
933,-0.124831719953061,-0.16133102316033
934,0.488019672511967,0.461660702421546
935,0.340935786617444,0.364886527386989
936,-0.923814257580642,-1.29539068752809
937,-0.740208251485459,-0.946737778624936
938,0.756823693907596,0.560017020944212
939,0.447221034094895,0.319433826146398
940,-0.388927047689838,-0.526173643052429
941,-0.428102233120454,-0.442903936721818
942,-0.0627180827877881,-0.0945144276200111
943,-2.6252621539799,-2.58435521530939
944,1.51228847489186,0.970443990112057
945,-0.982984653628587,-1.36286602065706
946,-1.31783168518558,-1.49494856746769
947,-3.28559080382905,-3.78826487621571
948,-1.0847289647842,-1.06045788125904
949,0.254192428203466,0.202762758844676
950,-1.03449313746323,-1.47053942325809
951,-0.562107281180108,-0.44935562553521
952,-0.45287431834854,-0.533527357530334
953,1.35939958152827,1.04609847337534
954,-1.44751183131642,-1.47710649672698
955,0.317721276690297,0.294384718744625
956,-1.24294257263903,-1.79634108455293
957,0.222984195061311,0.284584398306327
958,0.816311750243587,0.577861618748378
959,0.897214547055861,0.610903836642968
960,0.86458109644133,0.621919330014625
961,-5.59333957937965,-5.6250339304309
962,-0.676270625912394,-0.51343982619956
963,0.617029936854632,0.519483304091821
964,0.735721110828303,0.671803484898123
965,1.14720870968815,1.25825081045029
966,0.796788849230411,1.0879802490685
967,-1.17552032257405,-1.13234867290337
968,0.805377915862241,1.04374513889025
969,1.26043283398301,0.924272114712695
970,0.645543160538447,0.61522006906927
971,-0.178217384906338,-0.11397650011158
972,1.04597492308047,0.804458362294162
973,-1.82994748635473,-2.30724762541897
974,-0.430902966166635,-0.527654298857982
975,0.914886801966547,0.857097639252074
976,0.611147066478512,0.606337915377989
977,-0.17987709901852,-0.165393741583446
978,-0.0504071809116468,-0.0626699852375065
979,-0.234533822961909,-0.239730814772499
980,-0.463780571288849,-0.525391379411294
981,-0.546553233394517,-0.853594457674503
982,-1.21998739141832,-1.48064498432063
983,-0.86936980437584,-0.869241346067348
984,0.130376991865316,0.0859043761995442
985,-1.29598883736255,-1.32464876585211
986,0.210164092039361,0.300340539929937
987,-1.72003608339983,-2.33870651171082
988,0.610332262210193,0.441645721879414
989,0.83390647883268,0.660634196034301
990,-1.15419819612545,-2.1000029253661
991,0.037093230874251,0.0437039139195523
992,-1.77860064034163,-1.57946841065947
993,-0.169421910832536,-0.21374557244762
994,-0.681995200656632,-0.56781662428477
995,-0.996393261650227,-0.810336162699551
996,-2.0922211588748,-2.82708439019287
997,-1.59937097098028,-2.49043824128827
998,0.899135877585126,0.785682837589475
999,-1.88715121140963,-1.62447940983043
1000,-0.361104802433865,-0.268289589638002
1001,-0.58234799574928,-0.772109624624719
1002,0.72073042813126,0.716148261708937
1003,-0.387022685283016,-0.553340658222252
1004,0.914754465525358,0.647709517210581
1005,0.985341690455772,1.12365748400936
1006,-0.99377821203038,-1.15683596023354
1007,-3.0373641761538,-4.14310404984995
1008,-0.203631105886835,-0.215092009341947
1009,-0.309620960792894,-0.453917382757923
1010,-0.811149561410328,-0.970009797031299
1011,0.093115801529196,0.0674442781088591
1012,-0.24748462269933,-0.315303604751202
1013,-0.847481776670352,-2.91508098213465
1014,1.93442553778663,1.33732627590206
1015,1.33653960316,1.20607085323031
1016,-1.19324667121863,-1.64468032538264
1017,-1.23235146469577,-0.987253823163944
1018,0.0294747676085689,0.0309659864308218
1019,-1.75229337980223,-2.2913396229686
1020,1.3787047836061,1.23425200871229
1021,0.32939043771762,0.29027998982202
1022,-0.732737610758925,-0.739280189133929
1023,0.271250054598145,0.288731529299234
1024,-0.6369601594256,-0.719539300387829
1025,0.169201254654689,0.177678941070648
1026,0.591380003576762,0.689847294264529
1027,-2.1113611648362,-3.38557115422354
1028,1.99188278922492,2.06762472136003
1029,1.81036298711461,2.02868342899351
1030,0.955189604845843,0.667353006265783
1031,0.204974936967723,0.281016552864991
1032,-2.24427193751069,-2.71061755551897
1033,-0.0436060825235387,-0.0401879090240038
1034,-0.587585620150971,-0.574148477868861
1035,0.606831404146116,0.529709303957478
1036,-3.11646560664352,-3.94138078581487
1037,-1.71080702071239,-3.15773562707529
1038,-2.05810374682474,-2.61530927025301
1039,-1.26539124480235,-1.61604831042038
1040,0.0559472008556824,0.0655785104396838
1041,-1.22589569731254,-1.57952827911746
1042,1.34410175101967,1.06018322426619
1043,1.33781809452649,1.34213870510677
1044,-2.59421292913657,-3.14252705032514
1045,1.02328091823575,0.866228109891176
1046,-1.13368177580425,-1.16527204570679
1047,0.836845713935109,0.757773776624014
1048,-0.600448321337022,-1.00900109331849
1049,0.476195953058282,0.544306076602994
1050,-2.5680566077754,-2.34945591133277
1051,-0.615816162800827,-0.50005653861642
1052,1.39139643725153,1.22516316684766
1053,0.378397561348574,0.549427171354656
1054,-1.89685680454768,-2.32199735436797
1055,0.100507647677549,0.101851698178662
1056,-0.0168285444364427,-0.019381866718115
1057,-0.201548182674405,-0.197367831357176
1058,-0.00396733863057981,-0.00402384162750305
1059,-3.22415793774283,-2.77233215473577
1060,-3.03049147172307,-3.02835622568237
1061,0.29055140778932,0.267783361808792
1062,1.67074585868005,1.34706963989688
1063,0.280102960295636,0.25831657887537
1064,-0.153231590489573,-0.175674039768394
1065,0.796820639427017,0.783892741948379
1066,-0.165476643210166,-0.163838414724557
1067,-1.89819510365671,-2.78601110691227
1068,2.01609730491484,1.73512230300878
1069,-0.382247289953556,-0.560283293065942
1070,0.0129903376775087,0.017680132237859
1071,-0.884367134183228,-1.01847097601565
1072,-0.597365219775153,-0.491774628978494
1073,-1.98933459595102,-2.83593932627941
1074,-0.495948615588479,-0.818322901607183
1075,0.699218703845399,0.78861047267364
1076,1.41502788871194,1.12014336128199
1077,0.0224842318857436,0.0138991944856825
1078,-1.64746389006342,-3.02257023902755
1079,-3.08535698130622,-6.89729334546789
1080,-3.85251514897388,-5.25337793228446
1081,0.166360272986374,0.162055295417766
1082,1.03133522535532,0.884953544514808
1083,1.19596108660819,0.832392732474129
1084,-0.869692622080468,-1.10412160924419
1085,1.01819955923898,0.771989483048665
1086,-1.55836237497296,-1.68969306625355
1087,-0.778281030883336,-0.762922778731321
1088,-1.2463895245443,-1.604020390018
1089,1.83622839562482,1.17744936352414
1090,0.14776463533633,0.178733139346352
1091,0.137507547373942,0.108463189322646
1092,0.272146458818228,0.291492915962625
1093,0.948769774767814,0.827695152710996
1094,-0.630832902219266,-0.841513450008099
1095,-2.78960316317368,-2.14230658032125
1096,0.751847240866016,0.809764571747132
1097,2.23582230976348,1.42646357438461
1098,0.586535838260368,0.560860244336712
1099,-0.316903130624221,-0.376968700146924
1100,-0.109325255294995,-0.130399132750095
1101,0.157740475877166,0.178918113808559
1102,-0.814845733393548,-0.787981205123641
1103,-0.00626813381903982,-0.00561338092484745
1104,-4.78951709329654,-5.11006601574407
1105,-0.512193841327877,-0.632159084997067
1106,-1.00941800711694,-1.01230974965816
1107,-2.71660872182104,-2.35880900528708
1108,-0.704605513206067,-0.553208555356194
1109,-1.08089316677223,-1.42057226060988
1110,0.579397006556963,0.568144247585813
1111,0.200468853492181,0.229036706868292
1112,-1.12289462278281,-2.12601314485955
1113,-2.73468765630261,-2.64939221213713
1114,0.088146231275844,0.091977938183808
1115,1.80084812345431,1.44119890614587
1116,-0.410088581160036,-0.672533392553017
1117,-0.188664757606991,-0.246837220813359
1118,-0.778261737469258,-0.700763358406012
1119,-0.695237324199673,-1.23577286134887
1120,1.05375447147739,1.18326374825826
1121,-3.14636068524016,-3.08783626746347
1122,0.897167322891049,1.18181412544159
1123,-1.00509043191607,-1.40504400418937
1124,0.170529801034349,0.182034895596116
1125,1.85876153667728,1.7426215526795
1126,1.95930828594665,1.47628427376781
1127,0.124645034679788,0.11523692728604
1128,-0.735705823617279,-1.13345904908931
1129,-0.138193903005069,-0.0932056920911048
1130,-0.870238342278469,-1.3565696546612
1131,1.06645289652902,1.07379914986847
1132,-0.077916778963578,-0.0662914843099708
1133,0.454551074409737,0.411304043752577
1134,1.59206933786633,1.1299300159055
1135,-0.124672558295519,-0.17372303920034
1136,-1.71848808226953,-2.56238373314724
1137,0.387662086740885,0.308529656596417
1138,0.3026695005883,0.305342269528176
1139,-0.180359399735449,-0.310363486098184
1140,0.746916566597875,0.740524138134963
1141,-0.923863332665129,-1.07110464658762
1142,0.992796645005917,1.49530925156379
1143,-0.410782894957456,-0.51000213185188
1144,0.486899945747473,0.631305720017514
1145,-0.93344632446524,-1.02014029921319
1146,0.654666671584185,0.543824199988352
1147,-3.77640096534156,-3.89183101057789
1148,-0.08555569762662,-0.0773824807662357
1149,-1.38137787771104,-1.87841564204498
1150,-0.915699332750927,-1.17077062656789
1151,-0.237417645229791,-0.191194402376137
1152,1.22848197921396,0.761129597442207
1153,-0.794206239629679,-0.996264924281623
1154,1.7929422896417,1.478929121224
1155,-2.26714057035215,-4.46490037912921
1156,0.309178833210111,0.44343879548842
1157,-0.078655757049289,-0.084812550471992
1158,0.69457457397968,0.601548278378654
1159,-2.19426753082487,-2.91385884792035
1160,-0.129293633451281,-0.217948003223271
1161,-1.25926695239812,-0.976211393219939
1162,-0.205913225772854,-0.145335631561188
1163,-1.08385242770364,-1.74840249432733
1164,-0.0882707019050877,-0.134997451855522
1165,0.0497657688699053,0.0476389472763342
1166,0.522282917486085,0.61426027350577
1167,-0.538950851143151,-0.651330589003387
1168,0.058805775085117,0.0580352720214273
1169,-0.77359163713482,-0.852241356532041
1170,0.0966075943591053,0.0854104512175405
1171,0.60059467318871,0.441827902304255
1172,1.60784408157861,1.41066883439805
1173,-0.576545905200252,-0.464668084186862
1174,-0.507195861888965,-0.456793563632281
1175,0.0957905942687006,0.0847369273325175
1176,0.489455822606655,0.76621488571664
1177,-0.231180922101805,-0.282378141991066
1178,-0.790391792826097,-0.681354257934189
1179,0.272477303748889,0.306041815065493
1180,-0.996112901117303,-1.21216531410479
1181,-1.00540041665732,-1.09259549690612
1182,-0.164843630270041,-0.15827590172509
1183,2.43230393193644,1.72877958532424
1184,-3.10328774243013,-3.68262341661751
1185,-0.574383376287962,-0.668931316013382
1186,-1.26471185145514,-1.32808602888937
1187,-1.93965850428525,-2.31129265663411
1188,0.416820907652822,0.56544496078138
1189,-2.45986795369335,-2.68929453403156
1190,-1.53225208090159,-2.36910668024955
1191,0.319976173534803,0.337994513851091
1192,1.25650707357505,1.12138262429351
1193,0.0733378184892291,0.0694344296382775
1194,0.741675700628986,0.562274335601454
1195,1.15070563616651,1.3466335626449
1196,0.721880063621351,0.711851606021924
1197,-0.000589259429257676,-0.000758210225986552
1198,0.87849652233996,0.868655252338394
1199,-3.07396467329779,-3.03449119428026
1200,-3.18554880160794,-4.12297522661487
1201,1.55118357011236,1.46652378619283
1202,0.245012713683821,0.172106681577523
1203,-2.70413975493607,-3.21141450238766
1204,1.53657232985604,1.2990244484553
1205,-0.347368439221654,-0.462087606343485
1206,0.313934383902942,0.436493810819442
1207,-0.334677903786233,-0.308141191684876
1208,-3.00055969003353,-3.65026622822617
1209,1.26493036267027,0.858175607402057
1210,0.327296844073664,0.307835271151996
1211,-1.27317223614158,-1.1616887538969
1212,-0.239446548748727,-0.247497897174636
1213,-0.519001297689223,-0.44310260262965
1214,-3.75891053332699,-4.6738965700872
1215,-1.45662137932867,-1.54206163245414
1216,-1.31528753596481,-1.41646623986405
1217,-1.6385372469698,-1.26882015940869
1218,0.31771788072875,0.41527852457658
1219,-0.06101285742276,-0.0562082311187576
1220,-0.0653461073142842,-0.0630832128372923
1221,-0.44209161797431,-0.535037980412368
1222,1.03605780349669,1.31662074467956
1223,1.244613666846,1.09813690439848
1224,0.266082420498666,0.362995844733235
1225,0.575343591727618,0.530986223060158
1226,0.127010010118928,0.116453663054489
1227,-1.72981596848038,-2.02950217703994
1228,0.678966348347125,0.548270170629567
1229,0.125945325661384,0.107533704868244
1230,-0.00591728873792106,-0.00465329601904437
1231,-0.446250426295745,-0.748863160818743
1232,-0.0260913748662038,-0.0324069065505622
1233,0.210485263472157,0.187840706573349
1234,-3.96400089772038,-7.44322087835935
1235,-1.23254819210135,-1.36104980362276
1236,-0.2994571710964,-0.326740345707975
1237,0.70245282154076,0.530928338054675
1238,-0.361290269222932,-0.39588522223807
1239,0.723460078413539,0.660106813014468
1240,-0.36973687677138,-0.420797927478782
1241,0.263493647100138,0.207124563777933
1242,0.338013816940405,0.32201182168251
1243,0.842861849671266,1.17470270079479
1244,0.252586628070384,0.261821250208291
1245,-0.724825284766055,-0.753504514496812
1246,0.565530607627798,0.609590144680694
1247,-0.313304456453621,-0.294819590337117
1248,-1.92122592351442,-1.79052031254096
1249,0.782443264096453,0.783332336063763
1250,-2.65227623195342,-4.09429517404549
1251,-0.120363984646894,-0.124969231418338
1252,0.91042060791108,1.09239467097491
1253,0.386013654652667,0.326030762538939
1254,-1.13007965718676,-1.47478744982174
1255,-0.776315113115829,-1.00316143528748
1256,-0.698703140852538,-0.858357651378746
1257,0.947200899331194,1.13489054581353
1258,-0.445949188128356,-0.590749733292988
1259,-0.0231394375044203,-0.0232241833475723
1260,1.71089037325119,1.09164238975622
1261,0.932880583567782,0.934402592671894
1262,0.522687381482119,0.601549169469139
1263,-0.0290325433430593,-0.0271153144551593
1264,-0.983714942628496,-1.02117161176897
1265,-2.01623653609173,-2.92050373037292
1266,1.12763420007297,1.33850369619565
1267,1.13435395052683,1.07675499344915
1268,0.767354138946065,0.838848109689351
1269,-0.250036013064211,-0.284355560300999
1270,1.45700054937981,1.17098169810742
1271,-1.6476028295389,-1.60971683322632
1272,-1.99625918023016,-2.09264017999746
1273,-2.16505835557154,-2.12777413505981
1274,0.00969695109412436,0.00859057034770936
1275,1.63562009621012,2.53014873027093
1276,-0.49175131639325,-0.555324437502701
1277,-1.49357377100447,-1.36869147397569
1278,-0.195038322382202,-0.247173915546286
1279,-2.6161222488699,-1.98393320172623
1280,-0.926941807803483,-1.05378873457574
1281,1.03807302651666,0.685379431819406
1282,-1.64062772609496,-2.0413961358044
1283,0.574652282921001,0.498674604479178
1284,1.45017193701919,1.34505887117867
1285,0.738624094219977,0.585259780438655
1286,1.61106149241281,1.09591099668706
1287,-1.81418058278706,-4.04491485525061
1288,-1.04260709471063,-1.09633662655765
1289,-0.683037137402345,-0.815395618150235
1290,-2.08084138318386,-2.27815309310218
1291,-0.578782203159529,-0.456497450043014
1292,-2.48964732313345,-2.90364362294074
1293,0.800672814977526,0.807929189294135
1294,0.6045240697671,0.642373615883075
1295,0.892565025355565,0.863909754784835
1296,-0.757290182490254,-0.607058001523027
1297,0.186803415481197,0.171612374317585
1298,0.0547872323435487,0.0535981439462485
1299,-0.508282182341976,-0.763643139874603
1300,-1.64388345837345,-1.91130067331437
1301,-0.528516599825524,-0.391344056074081
1302,-0.212535205175002,-0.23721931038489
1303,-1.04665199469985,-1.27484826726475
1304,-0.157532868730947,-0.130353559421955
1305,-0.816945375460281,-1.33198539155898
1306,1.19552062448477,1.4615412183596
1307,-1.30624276361433,-1.4711750610945
1308,-0.340088596848987,-0.300981312038424
1309,-2.49645791324168,-3.35721656762362
1310,-0.0783276244286138,-0.076160459965823
1311,0.141660871737824,0.179066189979093
1312,-3.28674476645257,-6.26509845053078
1313,-0.396077083297529,-0.565051286125322
1314,-0.378025511413184,-0.316833170346233
1315,-1.00580371194631,-1.18809620321627
1316,0.396929171445548,0.414699321727525
1317,1.42561024792209,1.35027365378208
1318,0.455365903183939,0.521193234747382
1319,-0.498306832971916,-0.536434599096264
1320,-0.704862724093974,-0.908644362478622
1321,1.10234993512574,0.886885273157423
1322,1.43556311779817,0.947401013925202
1323,1.2992642313463,1.06433785411197
1324,0.304115412255424,0.242448395546445
1325,-1.76324008686087,-1.593644857605
1326,-2.91039949130727,-3.05071216822713
1327,-0.833112857391953,-0.8357624377648
1328,-0.280573298532763,-0.373173420593793
1329,2.26349935246038,1.72437656075882
1330,-1.68954835332028,-3.20377650375382
1331,0.862551289033639,0.554972464128449
1332,-0.794037697755946,-0.666410840637458
1333,0.306689181644351,0.270107782602034
1334,-0.560506691215256,-1.60567742674068
1335,-1.99655274881957,-2.34657835955884
1336,-0.973706952986795,-1.02552863858951
1337,-0.07207662236157,-0.0770203775211222
1338,2.04739556958863,1.70550839788041
1339,-0.358218834566904,-0.36656100347155
1340,-2.11852316463462,-2.37152010013036
1341,-0.603118074488345,-0.586424794545597
1342,0.380137192135913,0.579720406576809
1343,-2.53967831249244,-3.57162155935186
1344,0.560363914090947,0.618025794509968
1345,1.43540818747202,1.12697410429896
1346,1.16814373698863,1.20520215677696
1347,0.566356903781267,0.62239731309538
1348,-1.57109376050509,-1.728918922041
1349,-2.385668944998,-2.56077599351715
1350,-0.636591783865084,-0.79376787959457
1351,-0.661885032897834,-0.626258946494045
1352,1.08977235813306,1.04398602966902
1353,-1.28133681137029,-1.44357292062286
1354,0.835979716994346,0.743782178145584
1355,0.134955104407577,0.168053658575306
1356,-1.01232217597415,-1.24301730247392
1357,1.25003619661754,0.937790256445004
1358,2.61732926618195,1.98160889354724
1359,0.902968482091925,0.568605914014435
1360,-2.89127678485311,-2.92388990770283
1361,-1.30129931386567,-1.72912874794381
1362,-0.589109052444406,-1.02325276040903
1363,-3.4621115418017,-2.94259694148532
1364,-1.49821242246049,-1.92464360300634
1365,0.866934438296214,0.73033403919799
1366,-0.472456640393743,-0.601749120618437
1367,0.336244276395925,0.339531005937327
1368,-0.285998767828523,-0.219205491956286
1369,-0.148478406476712,-0.123552578301989
1370,0.193338939501017,0.208595277308572
1371,-1.28618383151692,-1.49837806741208
1372,0.61772477712776,0.666595736362029
1373,0.0760620045552907,0.113870528562748
1374,2.23972608494002,2.19257086919882
1375,-0.0926528015639921,-0.0932081680146599
1376,-4.92844209432753,-6.87820982875217
1377,-0.836540952749762,-1.53737902422643
1378,1.01200907610836,0.665599730910476
1379,1.41924573341578,1.43234093887475
1380,2.06541292678151,1.70559551892032
1381,1.17271108512107,1.39124675822478
1382,0.872175207781059,1.0021355302341
1383,-2.2542716740502,-3.31066245033976
1384,-1.68549295063172,-2.24094235124896
1385,1.87588934365799,1.44283489575589
1386,0.687263628113083,0.587203573560869
1387,-1.22181843252127,-1.6169818964853
1388,-0.843404286453123,-1.31817193412565
1389,-1.77079628982841,-2.24387426591975
1390,-0.535116883015931,-0.683156838446776
1391,-1.31422468168991,-1.29646684722289
1392,-2.1443182616089,-2.67832710714469
1393,0.497905828254531,0.396765759497981
1394,0.635489708415064,0.614014757151563
1395,-1.16481601026064,-1.00372188612767
1396,-0.64508598535253,-0.94368900891216
1397,1.63268892604226,1.67012755626654
1398,0.232884764927303,0.273671694647128
1399,-0.686034824625742,-1.12465332176896
1400,-0.306741260420692,-0.396635407269839
1401,0.123120185929907,0.106299717621362
1402,-0.216308646892096,-0.249003625756892
1403,-1.70308102798573,-2.39979526821666
1404,-3.6473344593845,-5.07813224645837
1405,-1.20463153810686,-1.36862776645784
1406,1.33520393521921,1.23629464805784
1407,-0.593376836791329,-0.687901557912941
1408,2.52889955514292,2.06322109017566
1409,0.4933731211955,0.415878946883363
1410,0.646452868938304,0.670811855084018
1411,0.475319362896668,0.399354109240325
1412,-1.69823596011589,-1.76098876155447
1413,1.78952002937067,1.19606975110448
1414,0.189920382760633,0.214223975394548
1415,-0.436787610308612,-0.39748790719637
1416,-0.582956568061573,-0.702132489327095
1417,-2.45445698722025,-2.48586695071957
1418,0.208542810562679,0.171705206222116
1419,0.691152355664439,0.608647472430553
1420,0.310619079889695,0.303155231256965
1421,-8.23956196718153,-8.74114885901616
1422,-6.73932342347172,-9.85500182346113
1423,-1.00744053814713,-1.30111892378941
1424,-2.11377782756389,-2.73634973231319
1425,-0.06065752229571,-0.0580242089719754
1426,-0.647459160100694,-0.626696781730674
1427,-1.23750180708848,-1.20784581567266
1428,-0.594136205230403,-0.561997568158569
1429,0.497447549794547,0.420664507290379
1430,-2.18770166648112,-2.76243860799517
1431,0.873535261809795,0.830385134458583
1432,0.903705469674318,1.03604465625363
1433,-2.00531809177468,-1.74717298798719
1434,0.133006870235178,0.116012846302
1435,-0.337154804162025,-0.475897876732792
1436,1.79490245836878,1.62118630964241
1437,0.563645462574133,0.486390512977783
1438,-3.69222508907218,-5.77966788797763
1439,0.955816732910079,0.660189368467865
1440,-0.114843465510345,-0.10981989197194
1441,-0.0250874707463982,-0.023403882103232
1442,-0.895138298440749,-0.991280568702186
1443,1.28812501820052,1.50206661923353
1444,-1.37833548763583,-1.45271147604892
1445,-1.97737255138488,-2.72695258626579
1446,0.713585810224574,0.861419342733896
1447,-0.466923408825742,-0.572146509852733
1448,0.111795864216901,0.151491687232077
1449,0.528725519580891,0.531914649612421
1450,1.05445355624546,1.26617846503054
1451,0.73748725646963,0.541287513173901
1452,0.29875415790287,0.373763003856313
1453,-0.571911150846896,-0.767569846749866
1454,1.17398660101355,1.1712699495542
1455,-1.25726010115897,-0.991934082564255
1456,-0.6556023521004,-0.845103652016797
1457,-0.433134854595346,-0.473241867388987
1458,-0.987630269279455,-1.01607673014263
1459,0.755313976665667,0.668327122067465
1460,-0.437868230479489,-0.51701699382028
1461,-1.47259762018175,-1.83488266113149
1462,-1.03810600895598,-1.127743368483
1463,0.0856536672476646,0.103426113735029
1464,-0.263602662539406,-0.241915423899942
1465,-1.69547573887393,-2.48813833513541
1466,0.0540048418858891,0.0385408685237715
1467,1.37553238223409,1.74544170630923
1468,0.182772954675176,0.159989322769079
1469,-0.105065067823618,-0.111801988164471
1470,1.3211944710745,1.17414738916334
1471,-1.56936473288435,-2.45428545555988
1472,-0.991566570465872,-0.823958761499936
1473,-1.13645256849133,-1.11404398823306
1474,2.55069917949101,1.90035948675468
1475,-0.686397826402546,-0.99059133535994
1476,-0.943868943242717,-0.925186926919056
1477,-1.18576924674445,-1.33512796590432
1478,-0.797777485518334,-1.34024464516616
1479,1.98232866682683,1.57287819696449
1480,0.477076837759051,0.502071200129683
1481,-0.602451071727601,-0.749588671046076
1482,-0.0310337713472421,-0.025437535548023
1483,-2.1467562276178,-3.07499012166053
1484,-2.55722011128472,-3.07128132229434
1485,1.11771027110249,1.14758351353592
1486,-2.37848980847645,-2.45643552417707
1487,-1.33338167243741,-2.64174152283423
1488,0.287288909822239,0.333023220030955
1489,-1.17554140935022,-1.45557020862582
1490,0.0611925919797809,0.0495846574972036
1491,1.11006177686634,0.801556472345628
1492,-0.974287149963242,-1.00866948632403
1493,-1.48558425893503,-1.96393851777236
1494,-0.215834402372292,-0.23097235274703
1495,-0.462433413390926,-0.480347070160071
1496,-1.12271818841992,-1.75049973868304
1497,0.326836709551812,0.467228791227461
1498,1.00007099584626,1.21610919096259
1499,1.27586182872704,1.3174948695924
1500,0.408913519175328,0.565741378053514
1501,0.244038464978209,0.346844102339695
1502,0.849098722462103,0.798377961555759
1503,-2.64553857343625,-3.01512967295806
1504,-1.79400310673569,-2.3548894581786
1505,-3.34412012917368,-5.66032429039338
1506,1.02100018872201,1.06902643520355
1507,-0.454020113511077,-0.569812924896601
1508,-0.0195084482097487,-0.0167151604020183
1509,1.47476369140232,0.87288614548747
1510,-3.46753571681822,-4.04931641555398
1511,1.01621423175583,0.88077440390627
1512,-0.0552508559706482,-0.0624089584064071
1513,0.476486238470447,0.392418415663703
1514,-0.185921117489004,-0.211483899686974
1515,0.250762813086717,0.246934681156596
1516,1.44475374732895,1.72698559247054
1517,1.07997304309899,0.828571913610496
1518,-3.26369449785945,-3.16901863005642
1519,0.429370402407127,0.881505703032803
1520,-1.10161982614019,-1.2439090432737
1521,-0.16656241633027,-0.182631570064938
1522,-1.02072391844681,-1.70759775587993
1523,0.466070375532548,0.465921450598885
1524,-1.12542062576519,-1.9197931810298
1525,-0.340431951068855,-0.539319065051473
1526,-0.815649910927244,-0.664248208052729
1527,-0.389518025348052,-0.412544549600465
1528,1.51703124175131,1.26175219961617
1529,1.17576831893135,1.13004851782673
1530,0.435745308668198,0.378491891634221
1531,-1.10167611247397,-1.26784284466806
1532,-0.865506196582441,-1.27553017098848
1533,-0.326426350653742,-0.456187976572357
1534,-0.405766280968557,-0.42334690297607
1535,0.735781805881452,0.675372020738435
1536,-0.142591556288829,-0.116499121243099
1537,-0.0561363939008852,-0.0909334507964329
1538,-0.107757245855383,-0.121939683398378
1539,-0.559404408516721,-1.38706676450259
1540,0.173814337807126,0.199963843754166
1541,0.113229706313173,0.105077860171841
1542,-0.251328137975181,-0.359640648572041
1543,0.3096252017595,0.459953201168112
1544,0.562332579659427,0.514911740821072
1545,-1.75025608314635,-1.92571073969815
1546,0.256905673489746,0.262698336824373
1547,-0.493228460877089,-0.467856065151907
1548,-0.79886089199203,-0.700675322658638
1549,-1.28115582663314,-1.01396811803844
1550,-0.565569027098924,-0.60902171127577
1551,0.128139772491826,0.154249959104958
1552,0.340492210776425,0.399536733765575
1553,-1.53472181466657,-1.64403932515314
1554,0.0308203274066437,0.0243341330483678
1555,0.25463473219496,0.22699879673557
1556,-1.26747144712263,-1.4014321442993
1557,0.123258332600391,0.119377355920323
1558,-1.21213601423523,-1.33078043523824
1559,0.158805971935948,0.292608853306157
1560,0.108532741361492,0.108026015361575
1561,0.691811020883522,0.782936779827641
1562,1.14630235842402,1.22843134372483
1563,0.396851907077337,0.428545681410211
1564,-1.14935926042473,-1.15514782861731
1565,-1.90031046216703,-2.44677559122838
1566,-1.11202707778792,-1.2669148730749
1567,0.63330050906627,0.587340352288896
1568,0.521652246680732,0.87558227299639
1569,-1.66688643851436,-1.86537307567755
1570,-0.107225514006429,-0.104839436367503
1571,-0.193695548782548,-0.245856180971602
1572,0.813991661039605,0.776828399515328
1573,-3.37646363389555,-3.88780479904698
1574,0.141109496557634,0.140873422387121
1575,-0.388565573181462,-0.359354598633502
1576,-0.0931022483477574,-0.101704384930494
1577,-1.49935783374095,-1.62882284789971
1578,1.30265405225967,1.01650466266995
1579,-2.43695729654165,-2.73831733501458
1580,0.368956264302117,0.428924266188665
1581,0.106282166601398,0.13155972591726
1582,0.648652008695064,0.685510580667516
1583,-1.31379766075941,-1.50754549108442
1584,0.107241491483162,0.0840704133266679
1585,-0.332257494846238,-0.314991529428832
1586,0.787387681302817,0.92874203841207
1587,1.82169133950076,1.74370415858822
1588,1.12459912687424,0.887002300442256
1589,0.163106977695311,0.147537230466098
1590,1.09773901373721,1.03329995086545
1591,0.81071242908917,1.06006955336723
1592,-1.40479680505902,-1.42907295223503
1593,-1.63575151297958,-1.85741051418667
1594,-0.723359698334143,-0.783898271991708
1595,-0.155047258164295,-0.191361708217793
1596,-2.74417265076673,-3.34596791175356
1597,-1.07551661699655,-1.45053128849522
1598,1.07665079668285,0.974395672683367
1599,-0.428106201167302,-0.602121782800953
1600,2.66117401426692,1.95236095239859
1601,0.918434381277742,0.952025533757271
1602,-3.89323447591437,-5.07827095822699
1603,0.440476069478828,0.450453893527641
1604,0.703090541271645,0.736916605867261
1605,-0.113390784782729,-0.148247619015157
1606,1.36709673552308,1.10821402486459
1607,0.227624061426179,0.234148236623849
1608,-0.78396038301052,-0.923407508229619
1609,-3.15486260536181,-3.57802664118891
1610,1.26145995257624,0.889900437214063
1611,-0.562775196137157,-0.686806977688585
1612,1.75732915564455,1.91900580880077
1613,-2.92509372356634,-3.89042934956866
1614,1.04372149175648,1.01384456392225
1615,1.70163857529114,1.55354518141056
1616,-2.65615866122526,-3.34228529345653
1617,1.61849892141157,1.71278059458671
1618,0.844257907319208,0.737098657693608
1619,-0.716384256014271,-0.911070752029232
1620,-1.60850768595237,-1.48049567012141
1621,1.51218135425436,1.49489824905131
1622,-0.901006100397498,-1.05933720156327
1623,0.158443445085978,0.136575598458092
1624,0.650820883962533,0.574604680147846
1625,0.411272150748643,0.480377854972656
1626,0.753439183161853,0.60170988166503
1627,1.17872577806053,0.808316038899143
1628,1.85305745348739,1.41875048627492
1629,-2.18278479181587,-2.61717093389106
1630,-1.81088484719118,-2.09433937300666
1631,1.89571202950991,1.6466330547904
1632,0.446427534828691,0.450574368765626
1633,-1.80935151944884,-2.03587099849651
1634,0.73973533022861,0.61892339833842
1635,-0.938737977186147,-1.40075487377426
1636,-1.29754187296636,-1.13956294968137
1637,-1.25270850260094,-1.57253035766408
1638,-0.36511641238227,-0.355329762783945
1639,-1.8586120843372,-2.13304119131672
1640,-0.215398266541506,-0.233153732946161
1641,0.194631952926796,0.206499369820281
1642,-0.371365472877964,-0.50580886710885
1643,0.462166608213807,0.443771678887718
1644,-0.204889764753748,-0.228792636340105
1645,-1.0439430255953,-1.34589835566182
1646,-0.267717428288263,-0.34645072902838
1647,-0.313753117178212,-0.47805410961171
1648,0.764393513392189,0.648335001236526
1649,0.918726913966261,0.712042571920739
1650,-1.95519596383122,-1.64925526712293
1651,-1.65993665566073,-2.60225109789414
1652,-2.08678777929511,-2.23901873535139
1653,-0.187450579180367,-0.198234489485093
1654,0.375710720405722,0.420519265998664
1655,0.65115733815518,0.563411431083921
1656,-0.222213233843065,-0.145699210223324
1657,-2.25615065380868,-2.53440924945297
1658,-2.87503038981896,-3.09362447591805
1659,0.746125610738549,0.811969462239245
1660,-1.85546116666514,-3.03619576065844
1661,1.63158919335078,1.02717068091726
1662,-0.482698343733832,-0.67261504270498
1663,-1.02818175609864,-1.07451897664547
1664,-2.48195224931705,-3.76878032859411
1665,-1.66649983302091,-2.27111733902126
1666,-0.423878788401338,-0.62485304038448
1667,-2.86355671374081,-6.61211495165176
1668,-1.20321390588496,-1.48301496395721
1669,-0.481932710666419,-0.434199507515658
1670,-1.05365346431209,-1.04232846985295
1671,1.73065049282055,1.50469566491203
1672,-0.827953859002629,-0.87046192464238
1673,-1.36669913114833,-1.34059412719477
1674,-0.0260534006789675,-0.0240179994764959
1675,-1.93592568765376,-2.46057186426751
1676,-0.912465500259309,-1.73299113283671
1677,-1.13575464971612,-1.43080236696528
1678,-0.385574747318005,-0.434476831543122
1679,-0.568163595248796,-0.823861014628805
1680,-1.04792304878177,-1.38382839672482
1681,-0.46344472022535,-0.547065824135716
1682,-1.32276430940827,-1.49947878929547
1683,2.23948557893348,2.20110244831911
1684,-0.344442996309348,-0.358454973099743
1685,0.605340069787436,0.88406807176343
1686,1.62134129134087,1.10507958769183
1687,0.605402105323814,0.608760781155126
1688,-0.156047189837219,-0.229078842481465
1689,-2.12244815461184,-3.94389336635583
1690,-1.05765637808476,-1.41256404860202
1691,1.04912014579568,0.74314856266685
1692,0.664701067894665,0.53308626796929
1693,-0.321521250342119,-0.278188051666404
1694,-1.80607957810939,-1.76580181823719
1695,0.32795086722631,0.407542620744648
1696,-0.98824771049761,-0.957531118837634
1697,-0.0419190568521468,-0.0455701917312975
1698,1.44454791924229,1.62094569887288
1699,2.04303125386341,1.67683925061842
1700,-2.46640047746066,-2.14505595748171
1701,-0.294391346402846,-0.293071120349969
1702,-0.0868989184360522,-0.0724185638663864
1703,-5.1337797218782,-5.58375751320368
1704,0.648991696550476,0.470234513212376
1705,-0.666148028899358,-0.669169952416391
1706,-0.0702475222630544,-0.0651603920304259
1707,1.63098222967966,1.31275865518505
1708,-1.44613407616027,-1.49335907107249
1709,0.239974643931391,0.201791910560259
1710,0.280230731686797,0.369840106788523
1711,-0.0660790912884941,-0.0564262509010202
1712,0.00759702627472912,0.00613345555709686
1713,-0.546469511504497,-0.570991527961007
1714,0.535554387976131,0.684857247024769
1715,-2.0938946108823,-2.70413344101416
1716,0.361524570244718,0.256470737594609
1717,0.278288883156438,0.338055871451087
1718,-0.990242054107423,-0.9620616451061
1719,-3.74334532352819,-4.59400722614158
1720,-3.04091697742827,-3.27546705494908
1721,1.94952545114786,1.57177445041892
1722,0.472677908357684,0.577473539543624
1723,-0.844056634959782,-0.917964448777219
1724,-0.374142967257148,-0.421609681439603
1725,-0.0141534442757208,-0.0253399171732274
1726,0.265134619717514,0.228667268305206
1727,1.12316262899733,0.824701845405484
1728,0.605945354960727,0.564407859308963
1729,-2.48888587589673,-2.08342486156758
1730,-0.94267225950445,-0.972685286391693
1731,1.77291536249183,1.42809881918588
1732,-0.995284362145106,-1.40219198971575
1733,1.27279686448629,0.97404890636257
1734,1.25748833986015,1.2452775572801
1735,-0.419633931257831,-0.943965491220012
1736,-0.260314387409953,-0.239301131457523
1737,-0.184038682853032,-0.195398566586925
1738,-0.928022713975345,-0.988831426305051
1739,0.148438098334376,0.271868178982244
1740,1.20768683237869,1.35093509272027
1741,0.446676196961549,0.408788638128862
1742,-0.74056806478996,-1.06006180762985
1743,-0.491307647049939,-0.528789350733502
1744,-2.38817719550961,-2.87072757278146
1745,-3.30488443318179,-3.55536122263436
1746,0.884221328944695,0.983185038621877
1747,-0.261267768788527,-0.294354559125446
1748,1.10030266177731,0.750709356821396
1749,-0.710971639060327,-0.872926580048626
1750,-1.42922096546133,-1.69705800630223
1751,0.372019857477723,0.271571948685781
1752,0.218639136720946,0.370905675877635
1753,0.496064537320771,0.391721512915503
1754,-1.94860403235423,-1.63854104620258
1755,0.270598562979113,0.271728763728245
1756,-0.828738108083562,-0.935524272956318
1757,-0.803167854125556,-1.08242638370493
1758,0.246731575406921,0.262652987932755
1759,2.32895153422145,1.90426230962436
1760,1.25694527531094,1.55264905983786
1761,-0.947275364269108,-1.00638976103878
1762,0.0390924994280945,0.0321719294322132
1763,0.311994652299496,0.240518520700296
1764,-1.36122676361254,-1.26833329267513
1765,-1.01136047558942,-1.29486689581235
1766,0.879545295144081,0.990070812475994
1767,0.698129023511535,0.68356566542771
1768,-0.251846141078527,-0.248003757972373
1769,-1.03753081774641,-1.32033304812644
1770,-4.5024689008712,-6.32977120684826
1771,-2.13521828987072,-1.82720093042763
1772,0.0479003907551032,0.0730025049809121
1773,0.641209477654702,0.905774465283439
1774,-1.23620753389297,-0.986657940332757
1775,0.976323909889991,0.650662702997872
1776,-0.307546160194627,-0.288901062337967
1777,0.947892160640263,0.628951128062765
1778,-1.42979622600026,-2.04800378002159
1779,0.923892576476297,0.608693346285548
1780,-0.877924774998629,-0.81763970389583
1781,-0.640924313391469,-0.657885305056438
1782,1.10718381899241,1.02601145000557
1783,0.159531979357122,0.147347304168888
1784,0.579396393043791,0.664309580097046
1785,-0.51757896592995,-0.744274078942604
1786,-0.990295999219741,-1.38306340354726
1787,0.0342528400100504,0.0513264994295144
1788,0.181320775323164,0.178681400161522
1789,0.89518301405615,0.672018845180928
1790,1.2436720238945,1.33889369415256
1791,-0.214473198405706,-0.242750681085417
1792,-1.12101963969817,-1.47495483224225
1793,0.277463196676308,0.344016064515137
1794,-0.850598714676291,-0.76983009780652
1795,-0.474876305754241,-0.62449782210283
1796,-3.21757784767613,-2.87097269515886
1797,0.208079014500485,0.274335401954615
1798,-1.07217580256452,-2.66141415883251
1799,1.42338800345827,1.23380714176228
1800,-0.969334192220746,-1.06443492475563
1801,-0.204390942757757,-0.184767154311564
1802,1.12069015843969,0.755335150580263
1803,-0.780758201707512,-0.654182310736572
1804,-1.84450511507803,-2.27015681159491
1805,1.32082546452615,1.15682072988572
1806,-0.511968091587261,-0.64421865742164
1807,-1.39948797934741,-2.17642669895375
1808,-1.73943946036422,-2.01058955487242
1809,-0.116304229295555,-0.180537753402342
1810,-0.508659540870932,-0.575812267676364
1811,-0.334054827148251,-0.245162261114843
1812,-0.372052078046031,-0.446119648581481
1813,0.433974360311786,0.467169975067152
1814,-0.748024602528788,-0.886276602344555
1815,0.438937131407369,0.478092487883236
1816,0.0402481104607326,0.0332777593105284
1817,0.604022054117322,0.564241296343619
1818,2.903309545336,1.83099377072603
1819,0.678467978294818,0.587567027572834
1820,0.818926499627133,0.572849102360902
1821,1.74002647239345,1.94047052714533
1822,0.763413597675874,0.55229251731857
1823,0.0550995196844338,0.0530222458979378
1824,-1.45785681165568,-1.42307407743638
1825,0.114192879498242,0.157749207719847
1826,1.36526830957896,1.35431043311139
1827,-1.19552396146952,-1.47725792686952
1828,-0.631067368454093,-0.516826276091945
1829,0.0289999317660268,0.0281471686128812
1830,1.17818703098583,1.32900705214327
1831,0.617199273757032,0.532487601790294
1832,-1.52459987715779,-1.66415635056605
1833,-0.268532625692134,-0.257921371380322
1834,-1.10366522634409,-0.947236448551391
1835,-0.3027874549199,-0.404563385090614
1836,-0.550122688237106,-0.543644804080082
1837,-1.86151393761803,-1.93855370085291
1838,1.28123993508074,1.28110026524365
1839,-0.107631976852004,-0.105443301698816
1840,-0.374949627916093,-0.473166829814562
1841,1.35360935210181,1.7036889521179
1842,-0.405261017073465,-0.495880971136494
1843,-1.1796365567111,-1.14628921405666
1844,-3.48808097219243,-3.27483114081096
1845,-2.73988403608732,-2.56809422590809
1846,1.62418174080265,1.28371239044406
1847,-3.22489309112332,-3.54038202226052
1848,0.853131059675676,0.8337789408957
1849,-1.83451881408957,-3.88741414349701
1850,-0.43386724942343,-0.481200578048445
1851,-2.87196487445526,-3.63912637122419
1852,0.761098348844412,0.787165823199263
1853,-0.414737978140237,-0.436637961665053
1854,-3.60378709422063,-4.97711665542916
1855,-3.33152678749525,-4.38087358168924
1856,-1.1708866381452,-1.2653764052928
1857,0.507649119100967,0.413497585386537
1858,-1.85031049154457,-1.87309948899498
1859,0.118347687796677,0.112032159857474
1860,-0.404943440381567,-0.322888483466033
1861,0.329997017558911,0.340301135321005
1862,0.551718297807771,0.506706567665269
1863,-0.439042144846601,-0.604971065830397
1864,-1.13855990871994,-1.23879293269622
1865,0.559158164625859,0.655377682629909
1866,-0.358706560515719,-0.42099232747291
1867,-0.834231180171217,-1.09206301461415
1868,0.722998140350158,0.678663321524188
1869,-3.37684316512263,-4.18183192059192
1870,0.265135083397762,0.198841754543573
1871,0.984967864771008,0.774410033695821
1872,0.901632883085477,0.601409424985148
1873,0.0989238616986015,0.111215095688649
1874,-1.73752315017347,-2.38193927125452
1875,0.665793640854062,0.747845863526919
1876,-0.240247058681762,-0.236834664147192
1877,-1.55028648948694,-2.01159584770337
1878,-0.490748188682338,-0.636271424877782
1879,0.538892603879528,0.499468714426173
1880,-1.50570283178449,-2.57577777240604
1881,-3.37337610573437,-4.51971031185538
1882,0.246389593712598,0.37493818081073
1883,-1.04221788432413,-0.823541581384473
1884,-0.733160959679445,-0.994360105451257
1885,-0.205320164420919,-0.147743545594875
1886,0.325717062042814,0.396354180090936
1887,-1.55498405971336,-2.15017860684612
1888,-1.9944282666353,-2.57509441800672
1889,-1.05716027455634,-0.808859398982238
1890,-0.923044469147883,-1.30523985784245
1891,-0.908654284249203,-0.912871758412474
1892,0.243790483661244,0.316076935129181
1893,-1.72963365020464,-1.65245077003156
1894,-0.285693298466363,-0.266474892273846
1895,-0.346417380369124,-0.356220902813947
1896,-3.11198271004674,-4.36369387512381
1897,0.597202055557885,0.607762613194313
1898,0.944837812928272,0.943233920173288
1899,-0.0593222815878354,-0.0684356839549825
1900,0.724123863295235,0.854472320730216
1901,0.778117654507211,0.617443811914064
1902,-0.446545810148165,-0.551696203239789
1903,-0.940354866903063,-1.23459857217528
1904,-1.39814418674243,-1.54250240752718
1905,-3.33775909044696,-4.47982432566327
1906,0.425340855884408,0.430837003359011
1907,-0.689726435972416,-0.814584819542
1908,-2.18687371675276,-3.8803130812126
1909,-1.00359687572556,-0.787789841061209
1910,-0.159430342230946,-0.179894806082022
1911,-0.228687142714321,-0.140868535218399
1912,-1.17248591861531,-1.62120656516982
1913,1.55904899030765,1.23257543277202
1914,-1.15058488933407,-1.65209567772103
1915,-0.366845034173829,-0.261956551025956
1916,-0.278914247268972,-0.22681457749485
1917,-1.39501493336783,-1.52791300418851
1918,-0.835965882610957,-0.764433128740455
1919,-0.962015899557089,-1.47322699168693
1920,1.20751003622416,0.961639173028773
1921,0.941422746893214,0.841009119660974
1922,-0.765050846616364,-0.981711747819238
1923,-0.560275585958647,-0.631929418571904
1924,0.637482297094519,0.471347026316049
1925,-0.549069923704173,-0.828918347425801
1926,1.38734719650956,1.33661324745351
1927,1.02684629525207,1.09874144968166
1928,-0.64384262449401,-0.764927006985282
1929,0.229951503555648,0.287830908354436
1930,-0.28009252236612,-0.217994694412392
1931,0.614691890780322,0.815637567849781
1932,0.267861114425451,0.346769556946465
1933,-1.37621270437095,-2.3047558895382
1934,-0.303551407419095,-0.394815159687479
1935,1.1472155677031,1.11244026501503
1936,-0.817466651273598,-1.06582758568641
1937,-1.74387301114398,-1.60812825380944
1938,-2.05641574880225,-2.23855757014907
1939,0.24950038623489,0.2991504490131
1940,1.76899333790914,1.26059302433375
1941,-1.63392674437028,-2.71170926215464
1942,1.33050456721434,1.18272216456694
1943,-0.689448686072852,-0.897580805816974
1944,-1.5442806380356,-2.63256943026468
1945,1.11408015648732,0.809600654049375
1946,0.45883815229299,0.821467663364879
1947,-1.7298752851668,-4.94919902284595
1948,0.434588276667349,0.380868113137593
1949,-3.00543429483303,-3.51387981638831
1950,-0.493929894993601,-0.389420276081009
1951,-1.49724041513966,-1.89946762943517
1952,1.32224995674541,1.67228749216476
1953,0.0891031730897878,0.0865950273552382
1954,1.44119464065961,1.21709672304203
1955,0.730035001828997,0.874774392681877
1956,-0.668204649890276,-0.880027546025848
1957,-0.750219951219718,-1.06485694001677
1958,-4.22941744481334,-3.96005835591194
1959,-0.253864775479111,-0.572896585139468
1960,0.0584352311238785,0.0741025507362831
1961,-0.32941386841135,-0.331459386673365
1962,-0.512682766924062,-0.601560304955561
1963,0.165514216907642,0.230144727706955
1964,-2.2954185884474,-2.46563635218352
1965,-4.51739902690695,-4.79561051518149
1966,-2.61247912527831,-2.36968693023062
1967,-0.693838852507112,-0.823470153036464
1968,0.0300452833455773,0.0395052411656049
1969,-2.39973307628415,-3.37478227201306
1970,0.197996317574654,0.245648675236777
1971,0.308963206027029,0.282193720932601
1972,1.64969047637666,1.78200565092877
1973,0.100509965329983,0.114032861290342
1974,-0.652652814506633,-0.951437639249945
1975,-0.567662120676859,-0.838155400451583
1976,-2.80884106361358,-3.57961618388941
1977,-2.3722844829686,-4.35658062507664
1978,-0.111134962340529,-0.142147819219473
1979,-1.34141511070489,-1.07402734498723
1980,0.492232586192254,0.715910355751151
1981,1.43882491460488,1.22194917231487
1982,0.163434211841275,0.192913169443355
1983,0.248357657232848,0.240342058075249
1984,0.266605913184372,0.243361355843419
1985,-1.62587786790429,-2.42263926703657
1986,-0.0610184379628344,-0.0545100717665674
1987,-0.204133548512801,-0.19809635757399
1988,-0.852736447589548,-1.38168532447323
1989,-0.629726897806306,-0.89231877209414
1990,0.665287029464202,0.859792879195003
1991,-2.33878920900259,-2.56273834222633
1992,0.590148704717836,0.754499427463223
1993,-0.531514278569958,-0.730779014088873
1994,-0.768641233728439,-0.782540256996677
1995,-1.32888930301244,-1.52697990690984
1996,-1.73676854640637,-2.01887859637889
1997,0.223975176619095,0.160902887634526
1998,0.121487585499976,0.0772560720547974
1999,0.712118284282099,0.648430483601845
2000,-0.736314270454112,-0.802334280845104
2001,0.30906712942343,0.284833790900135
2002,1.22521752121239,1.1487827262444
2003,-0.381940878498328,-0.386820663766303
2004,-2.72754694968509,-2.94104968038711
2005,-1.93633894895197,-1.77560641718042
2006,-1.23478190440546,-2.4174081442721
2007,-0.830587169188031,-0.852229508638827
2008,1.05136871021123,1.15237216052041
2009,0.281296885238521,0.276606537866569
2010,-2.63678115985484,-2.34682321322282
2011,-0.374556339410237,-0.377821963965732
2012,0.0855004931603835,0.059762831865917
2013,-0.753567169967167,-1.19006796927683
2014,0.270433643615773,0.271015659799888
2015,0.57066134207395,0.548502108574626
2016,-1.2312051012999,-1.37729900099332
2017,-0.622200961818462,-0.665880177899815
2018,-1.39201054218032,-2.91420609288518
2019,1.49818127624943,1.14107145315567
2020,0.0653116274827989,0.0689109643516503
2021,1.15776390888408,0.796558942937462
2022,-2.8740676963034,-4.27250653126038
2023,-0.00527284482851834,-0.00456459309884967
2024,-0.540308294870265,-0.548336139868958
2025,0.72462873165747,0.853064526473113
2026,-0.215556287036388,-0.287145270414059
2027,-0.923830336839383,-1.07829163910213
2028,-0.1268582426936,-0.123534131221772
2029,-0.616338362678101,-0.797239542324568
2030,0.408697141761671,0.577475066920846
2031,-0.286358621968028,-0.375546630864891
2032,-0.706551985453645,-0.736210082356797
2033,-0.573774354167207,-0.685858363118853
2034,0.925109059173566,1.08508585260644
2035,-1.04000595008642,-1.02622390764696
2036,0.300766663784764,0.497056806271355
2037,-0.138356053535418,-0.243833046225715
2038,1.57898013054621,1.19642596577872
2039,-2.42336989294109,-2.80126384361614
2040,-2.02706874168359,-2.39637278565304
2041,-1.51629333209528,-1.25494738335319
2042,-0.785824520269995,-1.07769809786083
2043,0.34450905294109,0.246200847952765
2044,-0.152517965914102,-0.221474039292856
2045,1.31672481822749,1.11809259476715
2046,0.197829430614482,0.157311006907772
2047,-0.0975943515283374,-0.064944389845208
2048,-0.0981104566516832,-0.136806295007866
2049,-2.68363533857198,-4.15421347026263
2050,0.121092842647482,0.127945050880454
2051,-0.403565122817987,-0.459803490009383
2052,-1.59094800722456,-2.23677176650793
2053,0.291156560974728,0.288328817955176
2054,0.556260423270853,0.532827667551929
2055,1.05445543227056,0.867324277303419
2056,1.27744065875634,1.20721250732065
2057,-0.826047621627645,-1.37579418354616
2058,0.779414647831281,0.855974482579381
2059,0.085176923668429,0.0992037634322766
2060,-0.236989018295056,-0.270031614098105
2061,1.05926722145613,1.0777327489876
2062,1.11351075374107,0.879162511593444
2063,-0.607327395869518,-0.809725725433896
2064,1.47089801526286,1.33305185468118
2065,-0.117198849919214,-0.110348678708176
2066,1.09415314490781,0.944636491707966
2067,2.16740626913589,1.6983301781906
2068,1.47064972204612,1.22465237214722
2069,0.222614712856507,0.20584080488363
2070,0.674070616527662,0.575693203045688
2071,1.28696770246068,1.07196671350406
2072,-1.29148598619484,-1.65307330072703
2073,1.15148892231486,0.813773960036527
2074,0.267229559423306,0.258603179904584
2075,0.235465607844676,0.343494698853059
2076,-2.00417386229581,-2.30274387343442
2077,-0.217729686478677,-0.201661306874432
2078,-0.473987289605198,-0.4684973408391
2079,-0.795596442270875,-0.64989348335655
2080,0.525143329048032,0.548193705974266
2081,-2.01747239394564,-2.88702465851527
2082,-0.125309292691157,-0.107849804834072
2083,-0.770208333071489,-0.782320717453547
2084,1.30166478519608,1.39483220783356
2085,1.31201590802787,1.20265513466673
2086,0.461160979206777,0.356758802031329
2087,-1.62502894572608,-2.47517779193551
2088,-0.381189645371526,-0.463501689195379
2089,-1.93343926729656,-3.81029060709732
2090,1.10943311066441,0.77332746618008
2091,-0.809842098066074,-0.871975888767761
2092,2.11369997116049,1.78743000537644
2093,1.4430949751027,1.34243354165098
2094,-1.1241973284455,-1.09475760243186
2095,0.625761609115896,0.747285498638733
2096,1.28099807522895,1.15792876214935
2097,0.322657127279929,0.25105124751388
2098,-1.19411804684062,-1.4102925221973
2099,0.793434193410122,0.501652924474205
2100,1.00695676986734,1.02470905922862
2101,-0.472446112673856,-0.576883254427173
2102,0.690498656425925,0.795470077489555
2103,-0.775599120746959,-0.840317833125511
2104,-0.308075470034239,-0.50333010843774
2105,-0.871490710809651,-1.05961921018188
2106,-0.509083756940186,-0.75120151126453
2107,0.331234971764185,0.388805754703425
2108,-1.35655949309319,-2.01764033115711
2109,-0.800516518679955,-0.739089651604661
2110,-2.4826353846175,-4.29562818610407
2111,-7.9640263001055,-10.6344260363344
2112,0.649414747209188,0.691626768486949
2113,0.346556518353241,0.307630177379511
2114,-0.0988125393578232,-0.148490616912808
2115,-0.289835002806313,-0.257208254542503
2116,-0.139353646682294,-0.117759902090744
2117,-0.789029083255079,-1.02447961308041
2118,1.1511229936401,0.816650389120094
2119,-0.309807435504612,-0.31158626478091
2120,0.287118171659873,0.253363900691024
2121,-1.32952315735652,-0.987860493046677
2122,0.79716476677801,0.930260902241758
2123,0.886494835847037,0.831990414879223
2124,-0.00319414760854275,-0.00541558940649903
2125,-0.351383824879972,-0.303274800814618
2126,-1.84558222041993,-3.44121616292279
2127,-0.744551290692753,-0.820045678779537
2128,-0.404806298497923,-0.392465949543842
2129,1.69006575356637,1.31308676460676
2130,0.682302077977842,0.721540392286142
2131,-0.98603478007343,-1.39912037055692
2132,-0.388679512599719,-0.38250188253648
2133,0.495927678226493,0.422946644514902
2134,-0.0737791662626954,-0.0650105837315037
2135,0.756938329879425,0.792301954646671
2136,0.95642748710685,0.921929568357081
2137,-3.35646776716685,-3.28044115009288
2138,-0.540248359938813,-0.579084609405206
2139,-1.28764485286371,-1.2860587993228
2140,-0.239604610769303,-0.294583966359967
2141,-1.1545967492959,-1.23566657092995
2142,-2.32706239884887,-2.69421679472278
2143,-0.375258928345211,-0.263369431546598
2144,0.197921827896797,0.133781078292546
2145,-0.15479391600433,-0.189693599744984
2146,-0.0577120604441265,-0.0531493396791854
2147,-0.519849009795386,-0.760424339074276
2148,0.65497896239687,0.421377749956893
2149,1.34010418119808,1.15979645912746
2150,-0.319808287969023,-0.380288674193042
2151,1.48709123592361,1.08272465758959
2152,-0.0209311694633939,-0.0174829094777737
2153,-0.711319169521747,-1.04685876049856
2154,0.726251668012746,0.76631107383065
2155,0.722009396775182,0.686453794822657
2156,2.16692879350816,1.5464102943916
2157,0.171390164346795,0.13750501612982
2158,0.000569214215913853,0.000747247349721734
2159,0.968206055563712,0.828273990082209
2160,-0.0463841509130682,-0.0515746612875473
2161,1.84787785540293,1.477855468437
2162,-2.89709131314645,-2.54100985464634
2163,-0.846505592412534,-0.957368126379882
2164,2.08889969757471,1.85478375506909
2165,0.772000279156526,0.779496131422228
2166,0.986260509139363,1.08583739831593
2167,1.77196306799458,1.64437991844994
2168,-0.42145494621727,-0.580366938210907
2169,-1.47046809742635,-2.0667242321782
2170,-0.00507633543190452,-0.00621118924758267
2171,0.190756261256913,0.176316568500999
2172,0.397414125157593,0.573690894632614
2173,-0.76204549881672,-1.5059920703047
2174,0.755390326178967,0.746884329123487
2175,-0.979406627135562,-1.25651989515986
2176,-0.358516707667059,-0.345506153116353
2177,-0.19287332943707,-0.152746708281766
2178,0.755154572395382,0.699925784102512
2179,1.22384876566608,1.23863482761678
2180,0.914815411201754,0.87802736006783
2181,-3.34457990880225,-4.54071278248869
2182,-0.541092089583828,-0.556529055629264
2183,0.0675780485521188,0.0724013418670616
2184,-2.41635650583766,-2.60156934064559
2185,-0.630777566408447,-0.564702647245428
2186,1.70413177095082,1.35598144594721
2187,-0.741385375873198,-1.00622197065147
2188,2.20897078437601,2.31695590242565
2189,-3.83270846843507,-3.49312708029864
2190,-1.32352481088241,-1.52216519164833
2191,-3.46907879929887,-4.98366410497683
2192,-2.57508771614146,-2.51378826987687
2193,-1.30925877457668,-1.49792580451182
2194,0.456998745195787,0.43616974497415
2195,-0.388802946268193,-0.387423076406102
2196,-0.967612658499208,-0.828470862244899
2197,-2.86445614871535,-3.48263899666433
2198,-2.97818690717867,-3.05640947235865
2199,1.40783801430553,1.46110246090865
2200,-1.04198726809746,-1.08515371044691
2201,0.136269054114257,0.118859069765191
2202,0.785565114025261,0.825058645842431
2203,0.0268951687496254,0.0223100572269832
2204,0.16012213198244,0.171347752880298
2205,-0.428455874105831,-0.512636168381797
2206,-0.0852946506406343,-0.0644551926937522
2207,0.789618712488998,0.735915467253683
2208,-0.523629106097502,-0.564876441883209
2209,-5.5138661448313,-6.76332925876873
2210,-3.91514704461165,-4.46892952542559
2211,-1.12084648012985,-2.093297538892
2212,-0.553318002129991,-0.496769344678179
2213,1.51715410791438,1.13161011933861
2214,1.61891790663337,1.52693702275359
2215,0.502912775290353,0.596843223778338
2216,-0.660910218532763,-0.76981479702918
2217,-1.11844739392967,-0.900808072289825
2218,-1.4654676346988,-1.22426197941341
2219,0.0376904847428178,0.0462365876404955
2220,0.630305993619125,0.654893049814304
2221,0.472782390860711,0.671954655911589
2222,-0.669075261927702,-0.616794611929863
2223,-1.20560825884396,-1.24093707682614
2224,-1.12823089113535,-1.38322042255736
2225,-1.00178606231501,-1.22937478948737
2226,-1.6271257605437,-1.44847124016965
2227,-0.195365440452376,-0.223714367106906
2228,0.763287327805164,0.862449598534525
2229,-1.6480572406495,-2.34823955734775
2230,0.173209052980254,0.203783816416504
2231,0.167151734191267,0.186377581038906
2232,-2.31043506579072,-3.091068859933
2233,-0.0438568154595712,-0.0489540742527681
2234,-2.70005804724424,-3.90460299173391
2235,-0.094645920975007,-0.0738928800713547
2236,-1.99092681882164,-2.52906298582439
2237,0.741021069509923,0.663085918796907
2238,0.821736748112752,0.643985960803001
2239,1.42394126859154,1.06187461108355
2240,1.32701383414486,0.987141390424022
2241,1.47889020507227,1.12410527645765
2242,0.316515604492991,0.393093275781606
2243,-1.44816639993197,-1.69957673641314
2244,-0.560691303555357,-0.462680853940752
2245,1.32583730067636,1.18536318168969
2246,-1.29585243710968,-1.18027764601319
2247,-0.134940815735123,-0.131007850982949
2248,-1.47953730218079,-1.46997174639587
2249,-0.383073971068993,-0.394709257605151
2250,-0.939330283918473,-1.0223302591728
2251,0.161825964609972,0.295504346401881
2252,-1.25151363980655,-1.09506282153965
2253,-0.304436824679205,-0.343289690365429
2254,0.684665721563955,0.786783848811098
2255,-0.924175762571089,-1.04928195046252
2256,-0.531312711899155,-0.544570825405798
2257,-0.61813862744611,-0.686808687326819
2258,0.666485019425693,0.535007808082829
2259,-0.0711531427174639,-0.0636118098275546
2260,0.578529811941956,0.475197535353095
2261,0.317145599840516,0.418059384238608
2262,0.953980213565594,1.02340037533009
2263,0.533392122524985,0.524505693023317
2264,0.0850323350994469,0.0895914798988665
2265,-1.17785067936575,-2.57949349261128
2266,-5.82238462104276,-6.55199309358718
2267,-0.167355098139977,-0.276129204306954
2268,-1.43687781718281,-1.33797504148543
2269,0.519516337170436,0.468077110081233
2270,-1.1192576826483,-0.980380395030181
2271,-0.261270994197199,-0.203278029494012
2272,-1.76976584723278,-1.98809407308107
2273,0.717316514367768,0.796333707669773
2274,-3.78161207020312,-4.30324230032794
2275,0.00320073975767595,0.00291258917724644
2276,0.439499449438417,0.44444599229855
2277,-0.124568418359687,-0.115875831078975
2278,-0.262271194205207,-0.326934204760765
2279,-1.64982451571839,-2.06106909075434
2280,-2.48413303686375,-2.4357427157501
2281,-0.598583836556149,-0.740575937530796
2282,-0.171716915143759,-0.257583607881368
2283,-0.287904717131018,-0.363663250200733
2284,-5.76586798877545,-5.5570315796745
2285,0.245229904990148,0.241115812622602
2286,-0.103029574109583,-0.110499648628241
2287,0.540594094478946,0.483242907600261
2288,0.751690941316888,0.516460197837698
2289,-1.20666925631131,-1.61750187155644
2290,-0.0663564004332898,-0.14249553459566
2291,0.144150631349551,0.237221315419783
2292,0.996933959954059,0.801313302705379
2293,0.272373399750319,0.267860843472539
2294,-0.950509125651101,-1.23309536897214
2295,-1.68569757816495,-3.84416956755875
2296,-2.53608923203288,-3.2371046290415
2297,0.0482374627105579,0.0445073057260017
2298,-0.84403480771187,-1.01061381555805
2299,-1.4227804696285,-1.26490167771649
2300,0.10056186220253,0.127090079120096
2301,-4.23128038648058,-7.30387242030203
2302,-0.952931480314459,-1.33001578470633
2303,0.657328149965722,0.43922600939186
2304,-1.92078940320033,-1.97009027871362
2305,-1.22113454495678,-1.06263879562337
2306,1.23638279515271,0.81698769832384
2307,-0.0290426534795831,-0.0225754996302999
2308,1.88160355744748,1.26290778377409
2309,-1.45583998506985,-1.23751418284417
2310,-0.0710673328747674,-0.056617151871332
2311,0.254126147500553,0.255623167729045
2312,0.476869368422282,0.662162449402382
2313,-1.22709406240964,-1.98183668403379
2314,-1.21134497496132,-1.84355090630571
2315,1.27103162315664,0.936542538340142
2316,-1.54033179985252,-1.87944649260581
2317,0.758188789471333,0.667615195500375
2318,1.77936064854495,1.10375045587911
2319,-0.983419105619368,-0.880821311902587
2320,-0.0392045507159862,-0.049620154039135
2321,0.118674267869517,0.114497479283514
2322,0.403774024913047,0.317791452309544
2323,0.818136867075902,0.658489098530968
2324,0.0116351813871793,0.0125141369392818
2325,1.62774905483483,1.45272740346082
2326,1.39338232688302,1.33442804304735
2327,-1.78067291216985,-1.50648857120192
2328,-1.47142742043867,-1.38179861300112
2329,2.00255863955881,1.76359308651793
2330,0.502190099019667,0.644688537531939
2331,0.791923864468256,0.812448134111668
2332,0.0360690471798928,0.0376112798938077
2333,1.316463173859,0.859925198655411
2334,0.553999641253162,0.727557828641007
2335,2.29475631411427,1.88843953052296
2336,-0.74465876046043,-0.842082411715604
2337,0.243627722786094,0.263389994724669
2338,-0.821636877959647,-0.974637067105813
2339,1.21785085057628,1.28891322893115
2340,0.531443110453176,0.655601665565393
2341,-0.917034667160058,-1.29835529820668
2342,-0.854571167116367,-0.839456813107234
2343,-1.70356603595887,-1.88196285710897
2344,1.13260828912861,0.765758685071927
2345,-1.52691110268039,-1.77630937974714
2346,-0.147292389187111,-0.17400456450132
2347,-1.34226497186866,-2.26151317687479
2348,0.871977787126821,0.672193175992507
2349,1.47788512465038,1.14304284438354
2350,0.612136347182699,0.62363378263676
2351,-1.05486383512267,-1.09028917276162
2352,1.4949892293745,1.23611955836742
2353,-0.11580277614137,-0.225843087951393
2354,-1.86933751765217,-2.27269579881464
2355,0.328957447192955,0.295734784348497
2356,-1.66035049914338,-2.34306639973682
2357,1.41360751016678,1.24584014583198
2358,0.573868888385185,0.845802870966579
2359,1.38028487905362,1.07683078705378
2360,0.830469135550591,0.830540473144413
2361,-1.63179908631526,-1.68047655513493
2362,-1.10789349501707,-1.20627629751135
2363,-0.511623135830807,-0.472417607004467
2364,0.785394766263862,0.507483463507786
2365,-1.23161237698907,-1.96556043100053
2366,-0.282415615195053,-0.42621195522635
2367,0.849392804901927,0.706877340627069
2368,0.28809955146379,0.314365890576723
2369,-0.983536386372451,-1.54649953302312
2370,-0.712755006734863,-0.942742641395444
2371,0.831284746152618,0.769429897632434
2372,0.542876924031172,0.442633851585494
2373,-0.900021189882372,-0.712321661411151
2374,-1.63928407009046,-2.07034681795462
2375,-0.308485654848577,-0.425136364236309
2376,2.07570908796681,1.86213631153567
2377,-0.335530176001839,-0.323759644134271
2378,-0.449474701810495,-0.37086123387818
2379,0.0738678078967482,0.0931844758085989
2380,-0.415452806796705,-0.416802127797078
2381,-0.219404833505804,-0.223408102973619
2382,-1.19864255637358,-2.15640552247241
2383,-0.718788319104474,-0.792780162539042
2384,-2.90842368808932,-4.33357464564651
2385,1.03474712695405,0.896642267960481
2386,-0.0719720156544634,-0.0603964313594786
2387,-0.223046396129116,-0.300145753547883
2388,-1.37769293463545,-1.67940094624905
2389,1.61313033067115,1.67033769546039
2390,1.04049915681575,1.18836769514372
2391,0.501059517971014,0.471201862065633
2392,-3.94537278209232,-6.38776496774446
2393,-1.61975666115004,-1.30341406440055
2394,1.28316655012395,1.4124523562177
2395,-0.709562683108695,-1.03548298964626
2396,-0.392750435971196,-0.311774093709996
2397,-0.534343864308131,-0.832980119585458
2398,1.27349675602875,1.10456742632721
2399,0.188402291984825,0.178547707067326
2400,0.343905695441909,0.298661082018975
2401,-0.110286611242087,-0.0821083252736858
2402,-0.0949284115364338,-0.160117329164378
2403,-0.544265918889529,-0.607630539965259
2404,1.44882528701559,0.906679337242031
2405,-1.26467225779683,-1.54908586476338
2406,-1.22959425839176,-0.957999717850875
2407,-0.0879092425249906,-0.0688925300827872
2408,-3.11555841408404,-4.13190982773066
2409,-4.91244163585181,-6.21635277372114
2410,-1.21204665463283,-1.29960742811376
2411,1.19743968637624,0.715386292173103
2412,-0.165610370210963,-0.171181662446746
2413,0.950851725254523,0.787745743681801
2414,-0.102461728912774,-0.0789117856778289
2415,1.19217131447098,1.19576392480864
2416,0.867701032128644,0.768941040324071
2417,-0.0797035749159449,-0.106175543121361
2418,-0.426687405663801,-0.611052814488654
2419,0.492714406982825,0.536585087540344
2420,-2.37056207125504,-3.05783166171433
2421,-1.21653676099178,-1.83389855857715
2422,0.58247882511598,0.655513052333229
2423,1.84595956706005,1.4248091015895
2424,-0.00349421932987007,-0.00390082225005997
2425,0.0350758045105674,0.0456216934991847
2426,-1.14321510803298,-1.65388087523513
2427,-0.486765240598687,-0.371045665894517
2428,-2.03998586642665,-2.60362336255405
2429,-0.00188921609403374,-0.00244756609362107
2430,-2.20293134559223,-2.1102079816162
2431,-1.35605132150352,-2.04298890462441
2432,-3.06954100993146,-5.63010253134097
2433,1.01257505426717,0.790568166969008
2434,-0.578579865442758,-0.797210621443342
2435,-0.716069850921095,-0.815885137422403
2436,-0.453496470585216,-0.68180518951746
2437,0.144608067020405,0.130028103774329
2438,1.02536636089521,0.982015237169676
2439,0.589044197942398,0.757459155094784
2440,0.122727487656249,0.109156762945551
2441,0.872958884786561,0.753081451850002
2442,0.503748807673736,0.446881290211816
2443,0.971505064081097,0.869352571260269
2444,-2.79883960972213,-3.08147324595423
2445,-1.00347262027386,-1.20533287358028
2446,0.196605423918578,0.164333320755323
2447,2.97944014887846,2.11060884045219
2448,0.353936015881515,0.543844589705727
2449,-0.0790972505492403,-0.0707210406662255
2450,0.0398027268165123,0.0501271565917035
2451,-0.0362245256009509,-0.0262995951469341
2452,-0.856372503421224,-0.903361337965153
2453,1.52418131382925,1.15162916885259
2454,0.094609982473225,0.108270971445827
2455,-0.288563658206605,-0.265815848049704
2456,0.516249002011232,0.413464770025297
2457,-0.434398130033485,-0.601757314166478
2458,-0.424556148069863,-0.651958595723592
2459,-1.09258005744929,-1.01616644148178
2460,1.18841359219114,1.31884908241666
2461,0.119230876620921,0.181811732182432
2462,1.66357739074129,1.46117506041259
2463,-0.986221751609079,-0.95064807706698
2464,-0.0990158038377017,-0.0773694367115245
2465,-2.53699265426063,-3.19407145421177
2466,1.32584447353936,0.808252829551542
2467,0.0624052180677601,0.0609826490138229
2468,-0.968833550033617,-1.44261143235459
2469,-0.537131479777539,-0.558728028952819
2470,0.905616043573069,0.757079700109299
2471,0.508177303439636,0.448453359289397
2472,-0.723560762488193,-0.708041246372919
2473,1.12661497307293,1.03435523914375
2474,-0.087298972344019,-0.0587960171313632
2475,-0.333084141436588,-0.294510400949728
2476,-0.135000059479911,-0.240463281398675
2477,0.0223076211298461,0.0256491629568519
2478,1.00230191081371,1.10862734231525
2479,-1.36728304503616,-1.28436709024402
2480,-1.2259054268739,-1.73511284206344
2481,1.04814033753065,0.853686939509431
2482,0.0411923538786721,0.0326784655798915
2483,0.21340845258866,0.168569988310681
2484,2.46360932495554,2.16365393777706
2485,-0.354471504781559,-0.32680927804965
2486,-0.405100447686427,-0.475723457267462
2487,-1.8680835339077,-2.23044490937441
2488,1.69513440205728,1.53366198076902
2489,-2.29613461679896,-2.40892605425742
2490,-2.02863047614759,-2.88465061860245
2491,-1.36731929496892,-1.22200546876067
2492,1.87494462335602,1.61044349508954
2493,-0.759359087880868,-1.21373552208321
2494,0.128267944286668,0.138998267781442
2495,0.330963656589894,0.328975732559068
2496,-0.60192221266371,-0.655952704390573
2497,-0.488112746644365,-0.548582761195287
2498,-0.84851505589727,-0.986066722913549
2499,1.76165812045061,1.54483772592078
2500,-0.202028189325064,-0.346797622921866
2501,0.787809208524514,0.882280350713173
2502,-0.893039674032007,-0.775936078376392
2503,0.00700580384125637,0.00729090462259903
2504,-0.0144480466572924,-0.0123815320582305
2505,-1.91182729410165,-2.14612465385092
2506,0.916380598219887,0.628227444627619
2507,-0.484090848420707,-0.663304162041165
2508,-0.148643809687509,-0.12885216014136
2509,-0.133479604099985,-0.126773681322092
2510,-0.562533548161965,-0.518473822388642
2511,-0.551174917449222,-0.747365699660252
2512,-0.886666719904849,-1.11906174788083
2513,-0.597013785088151,-0.993241018900467
2514,2.37024417590172,1.8335927808343
2515,1.40122780962622,1.13588878316748
2516,-0.143090031839205,-0.145409686670992
2517,-0.651829045012688,-0.680461090063196
2518,1.2496194018136,1.01511465545501
2519,1.14100828924831,1.80479029712111
2520,-3.95688192988928,-5.26508531916601
2521,-1.37394906366564,-1.18274332024195
2522,-2.20444848618704,-3.008134001104
2523,1.05967210268877,0.874347477731313
2524,-0.445877195101986,-0.263097563760473
2525,0.634870408460081,0.474483040260583
2526,-3.23795619800274,-4.92326978420839
2527,0.786724459883611,0.672087977593732
2528,-6.54152330532904,-10.3061050369515
2529,-0.349353229144982,-0.585045659401138
2530,0.540725345223302,0.687412722148965
2531,0.614770681176908,0.61797092803414
2532,0.142394088700238,0.201587111640626
2533,-1.73536374877233,-1.85550695355949
2534,-0.379842609553885,-0.956753466292966
2535,-1.45962071583914,-2.24965029256358
2536,-1.28293189882266,-2.00624703579851
2537,-0.200418104853403,-0.180964770712727
2538,-1.2952434859818,-1.95954133337881
2539,-0.550814577415384,-0.676689780539429
2540,-1.92500890106537,-1.47593564101048
2541,0.455251518324482,0.364682868101244
2542,-1.95318999869328,-2.97295223074465
2543,-0.617665256035781,-0.920033415881234
2544,0.902555545347393,0.79931184371174
2545,-1.00556478272877,-1.53256807690969
2546,-0.517137909493517,-0.899246272701125
2547,1.30478886783896,1.02413956563922
2548,-3.06719098223125,-3.59307069185921
2549,-1.73614061161179,-1.58550919126122
2550,-1.42498897876843,-1.49805073815234
2551,-0.39311727002845,-0.464746788304821
2552,-0.881056558121171,-1.16882632474174
2553,-1.26894761871305,-1.60254454614634
2554,-2.58198722867319,-3.24782264285472
2555,-2.0173719746593,-2.78431232289295
2556,0.625016477922268,0.698641941744432
2557,-4.43545533763429,-4.95195370219396
2558,-1.08306237093654,-0.975569248548446
2559,-2.21755902045355,-2.3836815439499
2560,1.28890933884727,1.60996901941
2561,1.67653263609532,1.79067438447616
2562,0.314463159928848,0.294156847889537
2563,-1.16704486187981,-2.2701563854015
2564,-0.649484374538339,-0.593196774215775
2565,0.524088034409749,0.422325022513464
2566,1.07720250253407,0.990199956693705
2567,-1.73894503382184,-1.92002485280399
2568,-1.63362750058826,-1.85322931835519
2569,-1.57517305170939,-2.66430753242898
2570,-2.23257731411745,-2.28614218338147
2571,0.726699151676361,0.506791587492992
2572,-2.34643191952799,-4.2372043671085
2573,-1.37601304483238,-1.86203600015808
2574,1.5946699417952,1.36306572774253
2575,-0.456757011243545,-0.498116673069938
2576,-0.828528389639414,-0.787464060019191
2577,0.715018185548262,0.995667121989917
2578,-0.47175308740976,-0.548333266963064
2579,-3.10314654339684,-4.35642899878553
2580,0.757386686351811,0.826913966349933
2581,-0.979399322154368,-0.927950669415043
2582,0.39073706290716,0.526334522213384
2583,0.039774472191285,0.0575585474737867
2584,-0.339261419538212,-0.345493787548414
2585,1.8768162241825,1.33546213147178
2586,-0.0303005273212525,-0.0232636164889908
2587,-0.704452426733546,-0.965410110818284
2588,-2.50596075594891,-2.09701461865089
2589,1.49471609287386,1.21883515506886
2590,0.654974010718964,0.90901865892019
2591,0.513560086621557,0.495353022737692
2592,0.998639480695286,0.942350746068855
2593,1.88173782439568,1.4228015301195
2594,0.915889402169953,0.847448742499824
2595,0.809478056854982,0.643131723001544
2596,-0.627614955611471,-0.850365005280729
2597,-0.0691401111332177,-0.0633123681693961
2598,-0.995338167420255,-0.818831556456997
2599,1.0078975272822,0.87332476408921
2600,-1.30452230144943,-1.66139303464203
2601,0.765926324322424,0.788641980219117
2602,1.00862311845096,0.677915805259384
2603,-1.49720552646606,-1.92033127603374
2604,-1.29406687123354,-3.11640114157431
2605,0.25930705554015,0.237232046691068
2606,1.15141158036493,1.19178421705603
2607,-1.15988024368346,-1.47481317274173
2608,-1.47042868836632,-1.47447720742158
2609,-4.75376624667336,-6.82627037119129
2610,0.952105999817007,0.829998151727133
2611,-0.446999404257133,-0.54667562909706
2612,-1.54307905716196,-1.63259484976213
2613,1.13655886657429,1.43969319265659
2614,-1.14902363634747,-1.14723652777811
2615,-3.36926673581254,-3.4718769019034
2616,1.07936749116272,0.86422381906281
2617,-0.141861786707619,-0.126630820280188
2618,0.0530846899755888,0.0495172505560622
2619,1.04258335803062,0.717323610804046
2620,0.897529791211096,0.845718203550227
2621,0.368380556685343,0.396948001819241
2622,-2.20021675041032,-3.22599948509493
2623,0.49632149495878,0.742889273120771
2624,0.655267189846546,0.575956421087978
2625,-0.0768153331252118,-0.0607863887139165
2626,-2.5653730511991,-3.69748597887365
2627,-1.76061614490016,-3.96591421646781
2628,-1.11052295499461,-0.965010891861686
2629,-0.842498860126725,-0.827416439934654
2630,-2.34452716907882,-2.77544453731798
2631,0.0319114308596542,0.0362463854714839
2632,0.555349204175365,0.423214115509436
2633,0.84536468037833,1.02303199867949
2634,-1.77677746892869,-2.508412757817
2635,0.144505758087147,0.243289380260295
2636,-0.467081313480285,-0.668142551433258
2637,-3.0421294437865,-3.63513097052615
2638,-0.2910528146127,-0.568048900136901
2639,1.13097455774711,1.17425426495608
2640,-3.09189207911985,-3.30906047348214
2641,0.893072129664701,0.898864324964089
2642,0.470024018880957,0.642577979522468
2643,0.899109577671384,0.821775044212518
2644,-1.79006607265636,-1.82832228421994
2645,-0.102335081355728,-0.16873584321989
2646,-0.0560122384843631,-0.0689343271565567
2647,1.20336304579199,0.995005208627252
2648,-0.698085205285214,-0.757898101578653
2649,-0.539527030675062,-1.29476474473647
2650,1.15561319539278,0.96129176993953
2651,1.41306414489802,1.69828892706952
2652,1.12391942930189,1.32413308939803
2653,0.30938533002108,0.334434468092526
2654,-1.89932319969339,-2.36703763692763
2655,0.499637724758925,0.722260620830586
2656,0.47245197496079,0.534514802305946
2657,-0.300727302204861,-0.25140194585407
2658,0.0925549508542743,0.164381322037652
2659,-0.208117156265373,-0.256453987957613
2660,0.189562989326822,0.164856591639507
2661,0.358665783495079,0.503801519445502
2662,-2.66543303188254,-2.99152796662063
2663,-1.67129907011666,-1.33877569859328
2664,0.592121334183231,0.594459032075842
2665,0.769643713432397,0.432967947388998
2666,0.654436089820727,0.525790110534894
2667,-1.29991921281568,-1.22066382809706
2668,1.009870102234,0.898735351713701
2669,-1.47646392709371,-2.29159660503285
2670,0.499354555699547,0.345898744384547
2671,-0.264801719207623,-0.309398054279866
2672,-0.986890654034105,-0.992929359379668
2673,-3.55434536130314,-4.18263483782802
2674,-1.00723457108125,-1.46593694057876
2675,1.79668524292318,1.39544182583312
2676,0.0820153395534394,0.0901075609606703
2677,-0.404437363796734,-0.638213416221573
2678,0.011863453217174,0.012398289356752
2679,0.211320630957668,0.558373908113364
2680,0.219180103120767,0.307992319523208
2681,-0.721242370026139,-0.688722780257191
2682,1.0391516023426,0.762975727457173
2683,0.208400448609283,0.202435420220691
2684,1.69488860754283,1.71667182558905
2685,0.250228873038518,0.23730540491498
2686,-0.715148964157018,-0.721720918117991
2687,-0.178408783425118,-0.182216479560408
2688,0.443806656281061,0.468260846185247
2689,0.517624026284774,0.418548511214262
2690,1.24610989360577,0.978444451914691
2691,-0.258999697312972,-0.180698403594415
2692,1.47339793790094,1.41013691685994
2693,0.882701218119757,0.968625714316007
2694,-0.805961135335643,-1.61562247352996
2695,0.56791645395949,0.466482305990251
2696,0.0450592324252849,0.0773094258213904
2697,-1.11235316301574,-1.10848202043818
2698,0.434718987350616,0.396250795230603
2699,0.58716343022424,0.415811972811372
2700,1.65289920551939,1.73368324733382
2701,-0.980784042656862,-1.2920896858458
2702,-0.250676134310655,-0.178037723888287
2703,-1.0581214892173,-1.01208041500249
2704,-1.49511497451153,-2.59636234338305
2705,0.696933433334112,0.699927724975449
2706,-1.36466414059254,-1.76300816879766
2707,-0.547485867101723,-0.610203298781296
2708,-3.0970508541147,-3.86474571317822
2709,-0.58309797630368,-0.479720336692327
2710,-0.483517599817043,-0.503365167100307
2711,0.683591367800018,0.59500776246053
2712,0.487171229011842,0.66030316742372
2713,-1.55450723701049,-1.99469350029003
2714,0.644283085562297,0.431062255954773
2715,0.457693428374642,0.43394054864847
2716,1.68352537508252,1.52053093905076
2717,-1.47259208635946,-1.75314660926895
2718,0.516327879451622,0.525237310062389
2719,-1.56538468801817,-3.66965611740524
2720,0.799451639047322,0.635546810207079
2721,0.108622427406429,0.115909303279346
2722,-0.388335525857398,-0.393328974262227
2723,-0.0774856996699834,-0.0936917881078257
2724,-0.45438197187129,-0.374674150393423
2725,0.279962379424357,0.315042746232551
2726,0.629803316201307,0.635782240678455
2727,0.0134712903258261,0.0110408625916192
2728,-3.8617514334829,-4.50133828324077
2729,1.98685272914372,1.39024601647008
2730,-1.35423249948916,-1.16993779767882
2731,-0.906182575713048,-1.23042828364349
2732,0.424780075197812,0.439889691083798
2733,-0.59754000363962,-0.757370785066677
2734,-0.0957108153811819,-0.113515936873352
2735,-0.133715177086861,-0.116027555290805
2736,-1.52179881398832,-1.57171609738013
2737,-0.7575961504661,-0.700508209461758
2738,1.37771249328186,1.25875632040482
2739,1.10009488057803,1.05907547940978
2740,1.18908509666372,1.48324064620555
2741,0.871316831029546,0.746682285739247
2742,-1.68850245806491,-2.59885600234411
2743,1.0677598630201,0.731215634072802
2744,-4.61099829925498,-5.2870604057422
2745,1.46560405772325,1.53385366306543
2746,0.162874616042,0.128338770182179
2747,0.0904014570894648,0.0948568949596465
2748,-1.47806234940911,-1.97256855841276
2749,-1.5678380495026,-1.82750119475218
2750,-0.23700462436473,-0.26375908728261
2751,1.10254615934445,0.901807270520674
2752,-1.08185206255549,-1.53219737853292
2753,1.93703844385324,1.48212555129599
2754,-0.335804551560511,-0.345634728526648
2755,-3.12386537184651,-3.46171737456178
2756,0.358726608443561,0.279544523974791
2757,-0.396694868898712,-0.681239963497923
2758,-0.729065629717465,-0.825025371006515
2759,1.30861423814871,1.18352985401687
2760,-0.223859733519681,-0.226520413723876
2761,0.637056820153356,0.652644078534484
2762,-1.78741888763128,-2.79082895484801
2763,-1.46398879838096,-1.60721662839789
2764,-0.78446563016888,-2.18792322042348
2765,0.770826469763987,0.679455443527927
2766,0.599461619658444,0.458886805884064
2767,-0.82011161082118,-0.898240815933577
2768,-0.297725125310853,-0.352504109652378
2769,0.0131482664266059,0.0119194195841174
2770,-0.988334345133027,-1.09281639398573
2771,-2.10632068260708,-1.99409166295678
2772,1.5794880120989,1.89342147315537
2773,0.989012824908766,0.873802516515348
2774,-2.96047753125492,-3.43872334998478
2775,-0.298992859051446,-0.287875484038863
2776,-0.631040962391435,-0.50600182532927
2777,-0.52170547344645,-0.645071628661907
2778,0.604878373386207,0.536922515503825
2779,-0.579020060502208,-0.48660814916946
2780,0.903846636937045,0.963173846615874
2781,0.530778831282268,0.451937349931364
2782,1.37270251798131,1.12553353261081
2783,1.23027024160644,1.20451764610467
2784,1.03269227424759,1.30853093824003
2785,0.00967096712673256,0.0113040581389119
2786,-3.18128183563808,-3.90874140568421
2787,1.27036638214858,1.12503867998857
2788,-0.906367848246318,-1.00632780693293
2789,0.301583826375692,0.303876316490996
2790,-1.95493368396461,-1.91198726722721
2791,-0.976853669645716,-1.21822990725982
2792,1.74617481843862,2.00002604779263
2793,-0.020258709534351,-0.0280195120607406
2794,-2.64762804143417,-2.56304959699953
2795,-2.02284014309844,-1.57937664995353
2796,1.24800518544992,0.867654149077315
2797,-0.12159487178365,-0.141007493291956
2798,-0.491570810859394,-0.469476198778732
2799,-1.74068278589406,-1.43519657463418
2800,-1.37977901788794,-2.31136205788344
2801,-0.370599889798023,-0.425619930462924
2802,-0.31163471318069,-0.284442068789955
2803,-0.585890422257247,-0.763264064550785
2804,0.653969182996703,0.663345819839144
2805,0.142503182449184,0.161246357370161
2806,-1.35968568947229,-2.01261462110359
2807,2.03006001414023,1.57525928916026
2808,-1.69214782258835,-1.81845359006612
2809,-0.789939040370122,-1.72637877278245
2810,-0.344774639871789,-0.382329968772045
2811,-0.510709992808457,-0.492562430274145
2812,-1.20743450948228,-1.32322030432652
2813,-0.929977673532467,-1.02813600819053
2814,-0.936180907832379,-1.2383023406314
2815,0.198930489715425,0.169088317054779
2816,-0.346599100278105,-0.264156695310595
2817,0.641002988416832,0.574015312013223
2818,-0.917529892434529,-1.18203537155205
2819,1.7206302844934,1.3651400545603
2820,1.1086844326203,0.789800594395528
2821,-3.41535194004811,-6.54567021346367
2822,0.312383663785272,0.336285001015863
2823,0.213403017765727,0.183624969534387
2824,-3.30821317936256,-3.93378420427111
2825,-1.16701513303985,-1.20208645895781
2826,0.0044900187144783,0.00577350566885319
2827,-0.845250783816967,-1.57424224047752
2828,1.43013132940626,1.20459754347792
2829,-0.336675672891642,-0.339607328916246
2830,0.54609359821204,0.813768128199323
2831,-0.837466701817457,-1.17547238748507
2832,0.498800258678385,0.449996847806601
2833,-0.659335301045335,-0.512261618258315
2834,0.558855421206788,0.42478611399913
2835,0.57917632703641,0.515696157392483
2836,1.17241553185432,1.04220697973203
2837,1.45857669816885,1.10388631556754
2838,1.12218051488769,1.13746724946656
2839,-1.38675837032967,-1.29867383722122
2840,-0.827128255232031,-1.16296540167943
2841,2.02692540087231,1.53840357195641
2842,-1.2269253165942,-3.06024109610251
2843,-3.66720297890603,-8.27731170834397
2844,-0.564331570086845,-0.509837737336787
2845,-0.302628450169216,-0.317051468199946
2846,0.402392444857822,0.453609125245052
2847,0.371639273826444,0.376948913786571
2848,-0.855571635097931,-1.20981581150027
2849,0.197070197244163,0.136152945405712
2850,-0.801975144499676,-1.00636044474285
2851,-2.1934557962587,-2.38646573541402
2852,1.02550168228255,0.791805251648421
2853,-0.776018746020292,-0.67921907324529
2854,-1.35042645095465,-1.50737114403033
2855,-4.8492737879987,-6.6730715853836
2856,-2.33886080695426,-2.17779130596878
2857,0.563411033304803,0.437626751515294
2858,-2.7955850808247,-3.86293443640796
2859,1.4700561225602,0.888671811967781
2860,0.0888121454089386,0.151170080346607
2861,-0.814703829271688,-0.696704409741189
2862,-1.37980425928757,-1.33925573133742
2863,1.28663853797297,1.49041468125011
2864,-0.269776936076038,-0.385041674565703
2865,0.880200044255874,0.562485190677812
2866,0.518426660045362,0.746698125908254
2867,-1.43911852491383,-1.32810590350811
2868,0.173119710087053,0.274383432775063
2869,-1.30931132832639,-1.37475562746216
2870,0.722913071203328,0.543206994563603
2871,1.50282300891317,1.48620200146026
2872,0.777912127512825,0.601304904798744
2873,-0.83325153514719,-0.967868641269235
2874,-0.523361999187855,-0.503622024698114
2875,0.252569246037533,0.21672661869643
2876,-0.0169980480786837,-0.0240712453850082
2877,-2.47263765543437,-2.97484764232376
2878,-0.0141823471430601,-0.0139965679688134
2879,0.0986220211041054,0.0895886275011738
2880,0.287035838612694,0.283597442103202
2881,-0.456565061749657,-0.54121123880671
2882,0.390614764659662,0.279391393624243
2883,0.154453220858929,0.144466836929477
2884,-1.33775458585501,-1.54626919343795
2885,-2.0580457782317,-2.35557489836772
2886,0.483981194477689,0.513969972675568
2887,0.424309055163973,0.624102832305612
2888,-0.934389515752895,-1.23887008657648
2889,-1.30515268265971,-1.72341363685348
2890,0.67993410371205,0.547430934568203
2891,-1.68457394901188,-2.04023120228664
2892,-0.647413949107872,-0.614257044669425
2893,-1.179933005184,-1.44936599227343
2894,-2.3095103888749,-3.34712254133167
2895,-1.90903442458981,-1.55649929984448
2896,0.342625621327166,0.316975044480705
2897,-0.0669176396555493,-0.0850346706311187
2898,-0.876595947378939,-0.765487593542724
2899,0.270756596602579,0.195392810949306
2900,0.932520263548444,1.1182544024456
2901,-2.48972908337863,-1.73662158484618
2902,1.93387464692552,2.05706963403484
2903,-0.754260685344591,-1.02908039553539
2904,0.0106829234933754,0.0084492462323156
2905,-1.67658680229402,-1.79883668250475
2906,-3.74934798048361,-3.15283739179998
2907,-1.18342668171972,-1.38954154462303
2908,-3.1896797858346,-2.55734042235798
2909,-1.43708127582359,-2.14702190041501
2910,-2.06172173107259,-3.0817230464646
2911,-0.684748493397341,-0.685736761933974
2912,0.608427143173273,0.579066697724928
2913,-0.222585725889772,-0.149050922394301
2914,0.688959908629562,0.531593660173845
2915,-0.407194757648145,-0.506926889846926
2916,0.889534316647815,1.49984629303799
2917,0.523795726900584,0.676973386199122
2918,-0.229797159420624,-0.334021374690782
2919,0.327939535539087,0.256388334638943
2920,1.26769238160946,0.740343964137153
2921,1.19351914253503,0.922522942631466
2922,-1.37600424993432,-1.45448256676623
2923,-0.376992495228896,-0.366912271033296
2924,1.39314314123001,1.30954231521719
2925,0.997840431232077,0.757298800054757
2926,-2.15095224906819,-2.78133892207681
2927,-0.441672877969881,-0.405525359431419
2928,-1.52796173339081,-1.36043361360544
2929,0.0172700689837753,0.0262001699169858
2930,-0.300064363704151,-0.272656615913648
2931,0.0584628514140177,0.0880102442251054
2932,-1.18138897720474,-1.57920042472297
2933,1.65000528274788,1.23517238752329
2934,-5.44889247156672,-6.39235779122767
2935,0.259707811111081,0.280070439664986
2936,0.124813900322099,0.138071316274405
2937,1.22041639894055,1.33564053256989
2938,-0.80080866161354,-0.786077981930148
2939,-0.157541167821704,-0.161140258959872
2940,1.28739886617115,0.820463366907434
2941,-1.12246533001806,-1.48939594836735
2942,-3.1288994119031,-2.87739603775074
2943,-0.555546217371527,-0.666307514894241
2944,-0.297785141144735,-0.405506388580372
2945,0.860754396039869,1.00784544573095
2946,-0.569623922745905,-0.625087055633171
2947,-1.74586557631642,-1.98694208190179
2948,-0.790981047678693,-0.625946747523572
2949,-0.126110800247957,-0.100656167677868
2950,-1.63960818091974,-1.82843261458324
2951,-0.574082588311715,-0.951867762334998
2952,-1.25695907527969,-2.24607379097959
2953,0.751207885315857,0.48561382136066
2954,-0.52174568754136,-0.51425226984607
2955,-0.421930879509266,-0.86461653937869
2956,1.69887301633297,1.11674488959146
2957,-1.42273030176039,-1.58101927264346
2958,0.533778036931036,0.537924325234073
2959,1.02964086953677,0.960856504607683
2960,-2.73643497862068,-3.74888331806448
2961,-0.334951969477448,-0.377958288216667
2962,-0.285814825135343,-0.302990977981384
2963,0.178449380254686,0.16177786783319
2964,1.01193573622167,0.830465887259162
2965,0.414854957070017,0.546630443388692
2966,0.065796648324435,0.0617951281531114
2967,-0.90432868053346,-0.975901024936243
2968,-0.651346713534879,-0.648727493365678
2969,0.232055558482737,0.258183949095448
2970,0.507547133417598,0.44615619868899
2971,-0.450037337393644,-0.424299978494884
2972,1.12065066602276,0.667161430528948
2973,0.308988316627122,0.31943952511709
2974,-2.11069361292946,-2.51011910069216
2975,-0.851423540562614,-1.01875190897815
2976,-0.278778403469758,-0.201359657918824
2977,-0.0239136135287911,-0.0282437629464542
2978,-1.32870549480933,-1.48459606800981
2979,-0.362668846506058,-0.449925131183583
2980,-0.209132495898735,-0.216020964907265
2981,1.09419035308477,0.900392981761976
2982,-1.2989722285608,-1.87959284384383
2983,0.103783278493755,0.14770031676222
2984,0.270689341285139,0.202321613125699
2985,-1.28563935287565,-1.5176208102307
2986,0.737239867240495,0.723330828223527
2987,-1.64437389351814,-2.45499688991482
2988,0.282696837461713,0.370705724816851
2989,-0.768279793364997,-1.06355248031865
2990,-0.0900324337630606,-0.141028105972053
2991,-0.785474240131498,-2.48973715775233
2992,-2.47565395858872,-3.35335350586094
2993,-0.732926120304823,-0.882357769339197
2994,-2.06972917866739,-2.60039880565403
2995,-0.647848595020254,-0.910266921264922
2996,0.733228533146034,0.534107190639457
2997,-2.11306100511061,-2.05295117219179
2998,0.910433983276877,0.626190819012956
2999,-1.87490744859323,-2.97951007005643
3000,0.151158430268147,0.147194929191476
3001,0.188676070615671,0.154358370446803
3002,0.621940932898982,0.629937184800152
3003,-0.012111405495656,-0.011727940759324
3004,-0.222398479176855,-0.210502460375447
3005,1.25443712151042,0.889953366309927
3006,0.679601740893967,0.518664320179091
3007,0.735486260308822,0.509438505371073
3008,0.481524776424164,0.503892580079483
3009,0.24550740677069,0.30796129027268
3010,0.882268033971692,0.72010438516417
3011,1.23627888687228,1.16632340261519
3012,-1.05193512921069,-1.0633124458865
3013,-0.715675849468587,-1.05793967036154
3014,-0.474810405564199,-0.496863241712994
3015,1.07695626625971,1.17906380969828
3016,2.71558232059709,3.10100319712968
3017,-1.37873214904016,-1.302879523114
3018,-0.159669498422078,-0.160064653834904
3019,-0.448802740067887,-0.492860776490638
3020,0.271904488559693,0.211087719807479
3021,1.04472797324589,0.905013399505296
3022,-1.54072110223562,-2.05861638358581
3023,-0.74997672285379,-0.777760352662665
3024,0.78386606934122,0.771233770157205
3025,1.03888761977663,0.82592906750964
3026,0.478386769829036,0.421749511078807
3027,0.54779201818314,0.478830709995619
3028,0.4190423736161,0.55937778946205
3029,1.84007332348395,1.64393709038596
3030,-0.38379050537526,-0.59590048853369
3031,1.74414585168137,1.18215225938441
3032,-0.990700626787227,-1.45293265453907
3033,0.932376343973809,0.80646672237022
3034,-1.39881187906908,-2.74950725955676
3035,-2.21771829499167,-2.89368021268948
3036,0.571437510678871,0.592988161526975
3037,-5.69158417809313,-6.52829371836849
3038,0.272160968790921,0.203574634139031
3039,-0.340110758728451,-0.488616320848158
3040,0.012192078460201,0.0154931693285046
3041,1.49534467752988,1.36321097230504
3042,-0.00356905954594154,-0.00316397578997717
3043,-1.59055853112255,-1.57251758702097
3044,0.917153589939198,0.865452873662851
3045,-1.55755575312935,-1.56573697057764
3046,0.16547585487129,0.13685462964713
3047,1.41111274671085,1.34695807490388
3048,-1.83615482347642,-1.85462133858979
3049,0.815835950338887,0.863226286551637
3050,-1.54527922470011,-1.77128390174498
3051,1.15379933651983,1.36572622142782
3052,-1.96627636749097,-2.10422735400576
3053,-0.075348193284478,-0.0717129748991275
3054,-2.80732030407545,-2.33662269396713
3055,0.182512649168415,0.180501241753272
3056,0.203772762304874,0.162608435052111
3057,-0.333270320516442,-0.374682511054883
3058,-0.508160792192839,-0.33647674053561
3059,-0.564835734033902,-0.623586500007504
3060,0.642815266117115,0.672886895855616
3061,-1.55306628392042,-1.43859029120775
3062,0.774454469515169,0.910550481933426
3063,-3.1767175286072,-4.27739836651925
3064,-1.70043193419211,-1.59502957308283
3065,0.789524103108478,0.794827410994776
3066,0.88366302476214,0.698558582975334
3067,-0.760736367962358,-1.61970729769336
3068,-3.47266718379407,-3.23014794415367
3069,-1.37752704652797,-1.17505765157691
3070,-0.552347818964819,-0.695191504966771
3071,1.03757135004519,0.874161062789189
3072,-0.805943298190704,-0.913798071023378
3073,0.095900919790708,0.105881940042405
3074,1.18005470527428,1.02513964522626
3075,0.173501959397543,0.133342818064079
3076,0.637140610638781,0.622957777595959
3077,-0.958294688135144,-1.3546675961966
3078,-0.235865321214964,-0.278910361861277
3079,0.671752930213528,0.558736225928966
3080,0.524556105556475,0.4486730275585
3081,2.47105742538245,2.31254831925302
3082,0.823157335833606,0.79647529606379
3083,1.58235309851805,1.42965682892373
3084,-1.50132081110774,-1.67924483341732
3085,1.10164847391786,1.04173787056152
3086,0.27768388514772,0.403401534378851
3087,-5.26595960341885,-7.14568854259643
3088,-2.31857202360883,-2.21007277529851
3089,-1.66202710328974,-2.42639143208086
3090,0.147543143450553,0.119841438236159
3091,-0.18171037150434,-0.224351576112182
3092,0.846182859849082,0.694518813127275
3093,1.81047617664385,1.67309770894055
3094,1.21931515374524,1.02327887024759
3095,-0.910210299505091,-1.83292284000776
3096,0.0839348963256901,0.0682396396406799
3097,0.425001335998771,0.357824161796799
3098,0.702637085693509,0.540839947063528
3099,-1.03228681720956,-1.11123762246424
3100,-0.574428951382726,-0.70361322815202
3101,0.799736623393844,0.573873999926127
3102,0.79875522449288,0.702649547408306
3103,-3.11076973227992,-3.27560273593405
3104,-5.21945879111341,-7.53732306932418
3105,0.592582721615843,0.530805799089486
3106,-2.64018344456886,-2.30704935618268
3107,-1.89962496478531,-4.32817687402718
3108,0.966385301339752,0.980179270602018
3109,-0.767653595841415,-0.766402213812887
3110,-2.65420701534303,-3.09611388622571
3111,0.68193780172306,0.485907440094191
3112,-0.293083821827947,-0.280898433420748
3113,0.135122306504169,0.103163106435112
3114,-1.99123022761778,-2.31642136632963
3115,0.540363460363834,0.432025051508275
3116,0.551688661020577,0.476355260474875
3117,1.23358368272366,1.36399920262737
3118,0.853304893850104,0.72587230855842
3119,-0.796530100746358,-0.910939886066748
3120,-0.686015602428672,-1.00945090976244
3121,-0.877925927797154,-1.04056652405943
3122,-0.0184530784569984,-0.0242950333875804
3123,0.619651841028704,0.643648529274933
3124,-1.24645972430223,-1.57886818091497
3125,0.311537788841874,0.24756780495175
3126,-0.474481113070578,-0.70247810746259
3127,-1.74882172315394,-2.20228279593873
3128,-1.29537323626406,-0.886768734535718
3129,-0.258024197297048,-0.295079353044508
3130,-0.42736926134693,-0.46806884235249
3131,0.992173068057583,0.694717248502798
3132,-0.641099080021135,-0.979705395117884
3133,-0.642513286749552,-0.811810079526515
3134,1.59380696921511,1.14522007878623
3135,0.257743309149381,0.237979228441893
3136,0.928920608343931,0.844625651049126
3137,-0.699422190949465,-1.36400288842922
3138,1.46645783904133,1.17223059580077
3139,-0.347084239469524,-0.312665554820097
3140,-0.2503581921053,-0.253450205783562
3141,1.12977778628764,1.46062532128028
3142,-2.07256941442963,-2.45514263129401
3143,-1.85695713759112,-3.02371564690135
3144,-1.35342786492501,-1.57474270667515
3145,-2.86593143915841,-3.69542983451736
3146,1.94676057182881,1.67548465479373
3147,-0.843402357242152,-1.22980250251858
3148,-1.62808869328479,-1.73091985919995
3149,-0.540466691979568,-0.613619319147144
3150,-0.290408445395472,-0.451059709295255
3151,-1.22084777744196,-0.898111335964871
3152,-1.09060515784841,-1.46098001691839
3153,-3.7867425075676,-3.39815653691186
3154,-0.35085010018269,-0.396115814604203
3155,-0.823522948102081,-0.899408163654676
3156,0.415948785732231,0.424549226184672
3157,-1.39629191596099,-2.16601362428987
3158,0.485342396663484,0.607309690691447
3159,-1.38294321668629,-1.29094779236601
3160,-1.89874042649285,-1.67551020600311
3161,-0.72456140459094,-0.792162984149446
3162,0.39463021390637,0.638025918250771
3163,0.204778637117776,0.225188188882011
3164,-0.333802318941759,-0.385382140266594
3165,0.292725104227813,0.326425598992918
3166,-2.24037322471102,-4.0350687416076
3167,0.436058295124212,0.677577170555938
3168,1.50278477037253,1.73536907938911
3169,-0.232070302736813,-0.312860238926189
3170,0.418946691182999,0.452001396422176
3171,0.61352144565097,0.607085564274983
3172,0.185003904793089,0.264211840079009
3173,0.178168605625499,0.233146493788539
3174,-1.03771384203631,-0.623106880262651
3175,0.549873173760671,0.445607911728775
3176,-0.168282184694389,-0.170570632724177
3177,0.336728123262848,0.298886085572579
3178,-0.515034108465694,-0.557663896821911
3179,1.8524761391656,1.35543890497168
3180,-2.95532798696676,-4.43604879868386
3181,-0.0616033185977984,-0.0728451530380541
3182,-2.93772119595649,-3.51426789211033
3183,1.43237336623631,1.42390637063152
3184,1.40173025342662,1.21849831810202
3185,-2.18398736819641,-2.11738025577094
3186,2.09193330971774,1.70018006823678
3187,0.395401990145376,0.386053134503093
3188,-0.20597122908486,-0.496821743230078
3189,-2.88149999186101,-3.64548906869028
3190,-0.366093766598329,-0.33143693563466
3191,-0.375560675161185,-0.397010972408626
3192,-2.7439072761348,-2.48373558726315
3193,-1.87017210501057,-3.52391762008779
3194,0.991206812551243,0.856724538864927
3195,0.0713553797150532,0.0647230509040056
3196,0.061473304438465,0.0710582185811541
3197,-0.894287849514826,-0.961557917980633
3198,-2.5239105187226,-2.19908735287197
3199,-0.145766753175986,-0.131492727518353
3200,-1.4943596374535,-1.60556401225923
3201,-0.387339064501773,-0.371001548478914
3202,-0.327879979749601,-0.35881505081741
3203,0.344297754235969,0.45608604697451
3204,-0.690923534421433,-0.68030031218742
3205,0.801111557156248,0.651887846206827
3206,-1.36799280258717,-2.21934740651426
3207,-0.894143065868313,-1.22155389277787
3208,-0.365188996256556,-0.483199250703325
3209,0.942971288024245,0.816937107379211
3210,-0.0754698175138166,-0.0774185311805091
3211,0.902021654567955,0.845293830586154
3212,0.584408754986049,0.52603508137299
3213,0.0926059923292857,0.118073173576191
3214,-1.91682040312692,-4.28775086719918
3215,-0.561700926579008,-0.538199341939552
3216,-0.940297898362311,-1.02646987658296
3217,1.40640786594329,1.21819109550084
3218,1.40685673002023,1.43661682689258
3219,-2.91015236279507,-4.01606723353513
3220,-0.0466247529971042,-0.0451495692898238
3221,-0.310553531664908,-0.433382410274421
3222,-0.624519616166656,-0.61378107200028
3223,-0.791385689690294,-0.718424484572737
3224,0.340784985857217,0.353486382342348
3225,0.917908884296543,0.740284308669488
3226,-0.00580541817126235,-0.00582570416204927
3227,0.13297738938445,0.135167880381953
3228,-0.879743640675885,-0.692656684400627
3229,0.977135849220076,0.768321673804509
3230,0.516611286278744,0.384356336488661
3231,-5.09640646348945,-6.90399102405581
3232,-0.924308874099586,-1.37035682940451
3233,0.0156221345653534,0.0226355513150739
3234,-1.96534705453749,-2.99016203159553
3235,-1.93674268648677,-2.17819648078384
3236,1.20254023629717,0.917095003993879
3237,-1.09271396123167,-2.56381955044692
3238,-0.401504773599756,-0.428470429370198
3239,-2.0896499973095,-2.29472182184485
3240,1.00632614944441,0.926565005238306
3241,0.353435637240712,0.315939778851075
3242,0.704011713031656,0.916680883523233
3243,-0.841627806206915,-1.08319905927018
3244,-5.55350769494404,-9.18918634228788
3245,-0.755433479974368,-1.06385497459116
3246,0.00960892972270734,0.00974230177529443
3247,-0.300580897674004,-0.334793807313446
3248,-2.03970840012933,-3.27122185909131
3249,1.56361583718103,1.61249778473577
3250,-0.43067173839624,-0.359565298162845
3251,0.185098500527547,0.265551274837554
3252,-0.033810736738513,-0.0386136984559578
3253,0.0101498772900509,0.0141222916789217
3254,0.460773417664638,0.501753369025374
3255,-1.49165816855988,-1.38018289644544
3256,0.109239918676538,0.0877931997829739
3257,-3.12231525903804,-3.38141720511881
3258,-1.09000674569627,-1.21438622737613
3259,-1.34365758760824,-1.18147968835357
3260,0.708753211017536,0.577864884309924
3261,-1.38670553724163,-1.84933577942524
3262,1.05303040082983,0.965234025737565
3263,0.922716436497622,0.872803326474153
3264,2.2103772443254,1.62075975229068
3265,0.411422779295359,0.633026305912786
3266,-4.58980581512791,-6.89025017199432
3267,-0.556190889434765,-0.6049453042483
3268,-1.08717242400392,-1.27020639085084
3269,-2.57240051573913,-3.34416618309039
3270,1.41892564378799,1.73960434494112
3271,-0.299936176247621,-0.379083603886466
3272,-1.31060433438491,-1.89275184690095
3273,-1.56742568868925,-2.23242380523636
3274,0.353153926963241,0.381065810874957
3275,-1.44744760970958,-3.11714897911695
3276,0.833755976010065,0.723023035094157
3277,-0.439211330965356,-0.44297304363862
3278,-1.39262724345945,-1.5689546511198
3279,1.48360230577125,1.03464540968868
3280,-0.212974916908866,-0.305510561420371
3281,-4.98974705505298,-13.2844730408768
3282,-1.39336458383406,-1.76994591105243
3283,0.198776152964262,0.229451748405595
3284,2.18146242520491,3.14580937451138
3285,0.905818957754726,1.14579283160736
3286,0.270519221678704,0.321060180676101
3287,-1.7571409031091,-2.43777304117046
3288,-2.1603994221756,-2.09126642128799
3289,-0.530242077270099,-0.674191318284661
3290,-1.53510253365004,-1.98079484278341
3291,-2.59704936405469,-2.9980418331684
3292,0.046692867678049,0.0370012231112723
3293,0.182839965471223,0.231208850294439
3294,0.75924731183436,0.780608021530197
3295,-0.884526421436256,-1.11584334091274
3296,0.886804600239161,0.899010370116474
3297,-0.497129780905719,-0.470246382257909
3298,-2.9386177445362,-2.6476443007783
3299,0.2268187484,0.239328127329099
3300,0.0472320596770946,0.0509814022014551
3301,-1.09965011452115,-1.18063567091173
3302,-1.12674635206656,-1.11678022904876
3303,-3.80317676125035,-2.96867082088934
3304,0.0393907352620331,0.0386141087302706
3305,0.566807583811734,0.441008584233044
3306,0.735305578785251,0.905262786324535
3307,0.621930270193096,0.422879058726488
3308,-0.5121773911505,-0.822283070756882
3309,0.225818735317927,0.189697220442117
3310,0.527613417784015,0.627315276256094
3311,-2.33914273382384,-2.41652590557529
3312,-4.06878555597778,-4.66372517646715
3313,0.352647101433041,0.483326545524497
3314,-2.84490988087567,-4.24792759142325
3315,0.4069367356312,0.400334307994346
3316,0.184575919793774,0.24187722141953
3317,1.08979093412173,1.18811464610447
3318,0.375455526054186,0.332247754528208
3319,-0.591589649968363,-1.88396950003789
3320,-2.41929229499616,-2.32277214368125
3321,0.62001452707075,0.667574632570342
3322,-2.70190807524924,-2.97342731541726
3323,-1.60071313272635,-1.71431408742072
3324,0.340770228322204,0.305153435527318
3325,0.892872118289691,0.665957276966741
3326,0.955343835786101,1.13516666261735
3327,0.544538499173745,0.692707959207463
3328,1.72908443400552,1.32498265232973
3329,-0.407073204609149,-0.314282865829528
3330,-0.973918828990603,-1.27146038175003
3331,0.516800019378615,0.58227830634315
3332,0.56837905812669,0.550124702671318
3333,-1.82911506425487,-2.91019773959293
3334,-0.553322370300542,-0.628357554586486
3335,0.0281738895722456,0.0265879715190418
3336,-1.29399861504994,-1.21085622141785
3337,0.320916286102501,0.29125600416879
3338,-0.86811048202604,-1.19972107758569
3339,-0.609292991026448,-0.867167084790195
3340,-0.67102821411843,-0.854520089268905
3341,0.434275292747059,0.603525326203142
3342,1.40038587747064,1.18718676357456
3343,0.755020423286853,1.03019311044754
3344,0.254792459725,0.363121002741265
3345,-4.20962356339581,-5.3906219983127
3346,1.47655115167243,1.23411633056401
3347,1.42482138942779,1.50255137440337
3348,-1.10850206080462,-1.65553759547394
3349,0.758526100724306,0.991367401773607
3350,1.04308658053415,1.01944445752939
3351,-1.07466052468604,-1.17628759203416
3352,-0.798396731176066,-1.20734201377338
3353,0.909798899645432,0.889557382111501
3354,-0.159682369520956,-0.287642016036567
3355,-3.68758645721603,-4.98177602312562
3356,-2.9897731902348,-3.35538301166814
3357,0.420972078979155,0.37897421497553
3358,-1.81914632147001,-1.21262682956408
3359,0.508671118167278,0.42414418249395
3360,-1.23892550393573,-1.80166278183972
3361,-0.44221342250613,-0.574081059580381
3362,-0.612550608108203,-0.734417352606508
3363,-0.818402325355977,-1.28672488612058
3364,-0.171848059320536,-0.187877707972311
3365,0.67147290285459,0.535162016348326
3366,2.92794283922727,2.05430789522903
3367,-0.725133001850364,-0.640039692602581
3368,-2.6463991024094,-3.59801678777822
3369,1.83551665590833,1.64282307572799
3370,-0.990960569567441,-1.11965394327368
3371,1.36608759093884,1.35325874539359
3372,0.346188782756438,0.338992687950517
3373,-0.685912557704001,-0.997060344788938
3374,-0.936716256174534,-0.964905044287321
3375,-0.321252053774108,-0.420496833731048
3376,-0.774366141257364,-1.19207387045144
3377,-0.582083463460739,-0.608820843770904
3378,-1.52286605782992,-1.51046205241538
3379,-2.78927198820521,-2.69991428907035
3380,0.887606452729745,1.01043289583367
3381,1.12726079571622,1.29168712672322
3382,-0.967535173391701,-1.38417314787131
3383,1.19215083019279,0.988729244995233
3384,-0.457070672857036,-0.468633034878157
3385,-2.98406562897376,-2.63587035185832
3386,1.32132926494964,1.0969238291452
3387,0.0655129598790324,0.062166366736542
3388,-0.316371119461248,-0.291467142353098
3389,-0.423117863202495,-0.360422514817085
3390,-0.62021270182268,-0.579674416087998
3391,-0.215855761666012,-0.246581535060021
3392,1.21804689088055,1.53354966691961
3393,-1.28972893604446,-3.42001439615484
3394,1.32275937124187,1.33797249484358
3395,-1.96130807704865,-2.65055289071639
3396,-0.670148536663358,-0.744348272363336
3397,-1.73635368368426,-2.07578445030705
3398,1.29625832752865,0.916761150212982
3399,0.508274647516487,0.436249582154975
3400,2.22982862520134,2.01422072566936
3401,1.35197040651551,1.25952178552783
3402,0.525183520429547,0.422422040231033
3403,1.29306754965622,0.8624284267505
3404,-4.44103136556825,-5.35324264262098
3405,1.73852496660691,1.59174953787639
3406,1.66680604618235,0.982020858306899
3407,-0.0722597704223162,-0.0941485636193667
3408,-3.25881185803444,-4.27213160591823
3409,-6.17633095964082,-8.85491489175875
3410,-1.01696659411757,-1.26423904560536
3411,-4.38881468445073,-6.78748640345718
3412,-1.46058600942207,-1.90370664392302
3413,-0.617414168871922,-0.859162720927866
3414,1.21748489632154,1.30266480522077
3415,-1.39866510158609,-1.50333763774433
3416,-3.11456765713567,-2.93195147129274
3417,-0.627026324593225,-0.504528169173991
3418,1.31773240313598,1.21724403104881
3419,-0.574638437779136,-0.648983048235083
3420,1.72532404971641,1.38783146136641
3421,-0.781611022954944,-0.870512216043627
3422,0.449779672513822,0.513848489356406
3423,0.0301620708192274,0.0216933734973761
3424,-0.504873051631228,-0.454181404962056
3425,-0.198450741260779,-0.27182866172907
3426,-1.29980784197847,-1.97311571922652
3427,-0.945305818968132,-0.928655410396366
3428,-2.57855836066338,-2.78599679799902
3429,0.182309519406521,0.150389897800774
3430,-1.27795908837401,-1.73515167723433
3431,0.230086770296433,0.216356851385446
3432,-0.831866433061873,-0.74505475476191
3433,-0.988445438375092,-1.35733205637754
3434,1.29546171571097,1.87065931079204
3435,-1.39483040702913,-1.30236190978233
3436,1.02924559207771,1.05187985079023
3437,-0.180707304184022,-0.229068777658855
3438,0.372716726494279,0.265947960617688
3439,0.339921191832627,0.24383175084722
3440,-1.76830235516663,-1.38630183089684
3441,-0.0374610831700676,-0.0464631935489021
3442,0.0179905723040994,0.0135188767340438
3443,-0.32538003025743,-0.376416852630645
3444,-0.69831597918849,-0.658632482819468
3445,0.0738423356074871,0.0891973696848515
3446,-0.019303564632038,-0.0246841437682249
3447,0.482795461563119,0.400530386704419
3448,-0.631436266524729,-0.809813739649574
3449,2.9402443150536,1.95060997693379
3450,0.847443784628789,0.903332749891889
3451,0.205877390142286,0.247339466199465
3452,0.663901994413246,0.462718033847712
3453,-0.747266363350673,-0.854345434198597
3454,1.17978506500735,1.41895314833961
3455,0.583939862942185,0.623659333267464
3456,-1.24645359253589,-1.40438947278939
3457,0.0610361786656536,0.0537746567224405
3458,0.571227843758029,0.615336874372899
3459,-0.0113030144122891,-0.0139134913828973
3460,1.40453656051405,1.20280251412031
3461,-1.62682256047318,-1.5809609015017
3462,1.65663890629758,1.57347888157076
3463,-0.391562342120207,-0.376439426450224
3464,-1.42023686815037,-2.07191857885775
3465,0.0164964144705229,0.0223389772965615
3466,-1.94875713126952,-1.82422918886767
3467,-0.372184745131285,-0.343653495176559
3468,-0.819766491977794,-0.681552361036347
3469,-4.29051675413863,-6.47711865937223
3470,0.384003353029226,0.456867965911316
3471,1.91655254315183,1.44182485174496
3472,-0.654409892912561,-0.694443622890628
3473,-0.525112332328577,-0.726880650942051
3474,0.00794185928050528,0.0074296437892919
3475,-2.67990250807282,-2.83431489606162
3476,0.673306925850317,0.563489461605483
3477,0.375149715046305,0.322824954847052
3478,-0.727818976620603,-1.22048749149997
3479,1.42783009077793,1.23839801125121
3480,1.62629166710537,1.43381520425016
3481,0.442835602635207,0.521437239483672
3482,0.458608146014497,0.481160457642919
3483,-0.560032570319645,-0.809914255788826
3484,-4.20214500754068,-6.40888233727904
3485,0.600687085605242,0.588949251715142
3486,-0.758146254633901,-1.00612009179321
3487,0.938829493960493,0.938015285364248
3488,0.534585165109783,0.505949794340317
3489,-1.72944573531728,-2.02341351269491
3490,0.746387363818877,0.769116127360138
3491,-0.639669881683514,-0.94094333179888
3492,-0.377357532706325,-0.509065334814099
3493,-1.17894033327959,-0.931391418628087
3494,-9.57301221453659,-10.7723044377684
3495,-1.1407927338348,-1.1128419791948
3496,1.09268648283862,1.24011803000385
3497,-0.323556890746515,-0.411899584709405
3498,-2.03541828484449,-2.61126236266034
3499,-0.919327603322861,-1.0057531260611
3500,0.180573025864074,0.143923480238541
3501,-0.119116390660076,-0.120987149244708
3502,-0.440047014739406,-0.90834667656212
3503,-0.122190015894645,-0.114542375207641
3504,0.413469545524322,0.687065535339364
3505,-0.369475352644213,-0.515706589968052
3506,-0.879044605492829,-0.759325711694004
3507,-1.18711748152163,-1.419967842524
3508,-2.85935082105593,-3.39937678225833
3509,0.436419054180178,0.687445900309348
3510,0.639170633178937,0.717342579759564
3511,0.534242625425324,0.54683852168142
3512,1.10336901298553,0.848248685656261
3513,-0.137470529286776,-0.15423104386995
3514,0.182605765720352,0.243912588494529
3515,-0.856787852222176,-1.30792331297309
3516,-1.36912547944867,-1.31134049786559
3517,0.923780570627791,0.716249111981259
3518,0.616740919730534,0.57075736600544
3519,-0.430112326856795,-0.447636380645252
3520,1.34510210955562,0.988345686581665
3521,0.754016875494973,0.709950552912904
3522,-0.749585085194299,-0.867647951342043
3523,0.145866848651187,0.335205160396886
3524,0.825930799652968,0.620943483490138
3525,-4.37419904226629,-5.34142079152268
3526,0.931432818385896,0.890936215592984
3527,0.786383797495812,0.708469131241392
3528,-1.23600325134825,-1.31889666908947
3529,-2.15864657157022,-2.75360072644665
3530,-1.79745731156697,-2.2609158732663
3531,0.465904122647255,0.430333734965004
3532,0.65490424771215,0.790658119557488
3533,-0.314251058138833,-0.367461888479043
3534,-0.608861117708795,-0.775791104678103
3535,-2.71643618252627,-3.07164360916148
3536,1.76096096264533,1.13260187635949
3537,-2.11701344921903,-2.5803992712125
3538,-0.102840157025032,-0.118893933703206
3539,-2.05514903265811,-3.28311167165319
3540,-1.84521201700863,-2.22891362884195
3541,1.48753673212853,1.06667793647401
3542,-0.4537583648594,-0.495165037565005
3543,-4.12070662895348,-5.5597579542282
3544,0.0625040318407808,0.0851502296238392
3545,-1.86006596393024,-1.57069820545738
3546,0.687650673465841,0.665678763187677
3547,0.0115780785077049,0.0113565544779505
3548,-3.12138597085468,-4.1135144361768
3549,1.76244124082965,1.49074354173862
3550,1.18314893940895,0.823998698731441
3551,0.654740207133144,0.498596846061434
3552,0.126865750301334,0.117311456876923
3553,0.865502865969022,0.82324946520208
3554,-0.92534113084512,-0.896705038962075
3555,-1.16303835557386,-1.08775965490401
3556,1.16032273369044,1.10318358440712
3557,-1.77162614759761,-2.93239789841497
3558,0.31491098735263,0.244686110252513
3559,0.454268196020848,0.630914709191508
3560,-1.16484187617522,-2.16619770171517
3561,-1.05177527918661,-1.5843335973019
3562,-1.27496783430089,-1.29210403469773
3563,0.889082155291546,0.953694126191762
3564,0.51099493687127,0.6506829275602
3565,0.0691479301873163,0.0943398728589251
3566,1.03876470520125,0.923238364582489
3567,-1.02693270832569,-1.74027795380068
3568,-1.41577283121093,-1.34298526754628
3569,-1.59951979254972,-2.18862005861025
3570,-1.14992058598199,-1.88072108576352
3571,-2.26444378121582,-2.16121594318756
3572,-0.458980213598765,-0.510441827017876
3573,-3.4306092305002,-4.2010066601506
3574,-1.093194121521,-1.20976557837404
3575,0.916467236730698,0.91840831553142
3576,-0.384705639414703,-0.508471157762218
3577,0.466517087592768,0.462481656693148
3578,-2.44739628400872,-2.9855335141721
3579,1.11852857685593,1.11940588028627
3580,-1.85338252837962,-1.81249317582549
3581,-3.94241711698216,-4.20309626843037
3582,0.211716994711546,0.263734984395007
3583,0.0648484074096509,0.0680830915442539
3584,2.15298776352723,2.47126219986282
3585,-1.53414051806261,-2.54915893940333
3586,-2.76276916596506,-2.96007309674124
3587,-0.719741841313556,-0.606948028292906
3588,-0.602172798733447,-0.669212988903406
3589,-0.935884198486022,-1.27392126212491
3590,1.49545156616668,1.04327807635332
3591,1.47994254755978,1.32922733671627
3592,-2.8367925286787,-5.1246281399229
3593,0.28162043278518,0.413060665216553
3594,-0.784646809388157,-0.755576119591011
3595,0.330711439045862,0.333523518119014
3596,0.204260565539895,0.151772035764927
3597,0.987616383931628,0.851188760088646
3598,-1.25020870831776,-1.92840606887047
3599,-2.59518356563674,-2.62313511745852
3600,0.383915467777866,0.298408593867954
3601,-2.3795591301193,-3.18718936484198
3602,1.23736550484302,0.941135307056043
3603,-0.594037840850063,-0.736671993794394
3604,0.182167051328453,0.214492394223877
3605,-0.363175154207276,-0.323245335863152
3606,-1.27460244473108,-1.81664806898233
3607,0.450867715133753,0.521287364515337
3608,-0.816540814571841,-0.83541662105333
3609,-1.44445867047427,-2.0820678285276
3610,1.43293446114015,1.16479729874068
3611,-0.46048126686494,-0.612986731430888
3612,1.22123797483143,1.0586571087161
3613,0.725890392731687,0.691615754629819
3614,-0.715590222682108,-0.561253600315795
3615,-0.677152822943405,-0.815277915834539
3616,0.352898633582176,0.279947933767
3617,-1.04213618784844,-1.47719860075907
3618,1.27371484707679,0.960860463459817
3619,-0.420574280918129,-0.643222354114858
3620,-0.371279569052678,-0.408429353954719
3621,-0.74086452836883,-0.99064215094079
3622,0.0210507014527988,0.018639040394456
3623,0.0793012232846065,0.0937654647238615
3624,1.06889207473408,0.954727503541879
3625,-0.689717380698875,-1.1260410228426
3626,-0.966438402469696,-1.75024594681064
3627,-0.966166339541495,-0.71821532371217
3628,-0.830840463578887,-0.752475732689754
3629,-0.431528209263411,-0.397007628611223
3630,0.501853470670429,0.459855340757329
3631,-1.23919713081764,-1.22266307555129
3632,-3.42846335901109,-3.70011376330373
3633,-1.50426266192481,-1.42390235812888
3634,-0.821020736523146,-0.815280669555328
3635,0.314284826773673,0.449045163309537
3636,1.50614983715248,1.05908456126963
3637,-0.485617554385885,-0.606379093310498
3638,-1.18019861648049,-1.3282884556503
3639,-0.301715787831527,-0.31175522821429
3640,-0.0344352819191031,-0.0397087028025494
3641,1.43546681974645,1.36290023815729
3642,-0.121539201743371,-0.169857708892422
3643,0.0882215502999505,0.0956521867235642
3644,-0.536357289374715,-0.507112541812995
3645,-0.940685222482543,-1.6797362888889
3646,-1.31202853110686,-1.33454778852794
3647,1.39709446284227,1.07837704890443
3648,-1.27213558706934,-1.3944298619935
3649,2.016625291933,1.3587510021084
3650,1.36999819058146,1.22015651912419
3651,-0.0854707009614074,-0.0829382686892409
3652,-3.25617110872254,-5.1422813281302
3653,0.0559190983345745,0.0568179697928875
3654,1.95674376687797,2.02007512393293
3655,-1.32430214778588,-1.54766757442201
3656,0.201633917552201,0.283357569255542
3657,0.790226112588007,0.981231284634626
3658,-0.645926812189807,-0.52449423604507
3659,0.362855920062,0.265092918466438
3660,0.663458319634199,0.630836896326747
3661,1.01264680250466,1.01370604105305
3662,-1.60190924333148,-1.97458199619553
3663,-2.91179306688236,-2.46145200284847
3664,-2.35010403650711,-2.47524564096604
3665,-0.00425742621599337,-0.00429546648782467
3666,-1.29475789618621,-1.27935917337919
3667,0.00639952964260897,0.00619159003520911
3668,0.903917489616152,0.705152236844165
3669,0.508267490888567,0.548145783433452
3670,-2.84398477255209,-2.93243215960469
3671,1.58199360458967,1.13949828112561
3672,1.42981803191041,1.52465166390273
3673,-0.455883757561026,-0.558598796306773
3674,0.120479109772966,0.116687211842281
3675,-0.395310056354191,-0.354407500385171
3676,-1.45655119021374,-1.82624649290044
3677,-0.979720083374493,-1.04603751051766
3678,0.978114333699328,0.661469104579935
3679,-1.51355178693637,-1.64194884380385
3680,-0.343177510294818,-0.328206897869779
3681,-2.09327960420044,-2.02930517922846
3682,-2.17781435248881,-2.47012342920261
3683,0.0967259050208004,0.149258535936357
3684,0.241702997602381,0.274650242942468
3685,-0.0245208292080907,-0.0229806014471
3686,-0.72956784697429,-0.588166796980408
3687,-1.69102112347792,-2.10035703572914
3688,-2.0131140281451,-2.55421087327497
3689,0.00395433375123312,0.00537872596088089
3690,-1.18131642275117,-1.55309386558522
3691,-3.20188561988245,-3.56959879530777
3692,0.323206214804432,0.297140862520778
3693,-0.998102668166085,-0.861071452750561
3694,-0.283404124231616,-0.241743842479894
3695,-0.816678390829363,-0.974023870955745
3696,-1.43727009357086,-1.07375671330666
3697,0.21299657557976,0.166713376427834
3698,-3.58144973246616,-3.59386950349774
3699,-2.11678028832539,-2.65309154151286
3700,2.34983518527915,1.6862130101725
3701,-1.73082985289622,-2.46187720223179
3702,-0.903356754622514,-0.83957631416595
3703,-0.913206038320486,-0.998489923908036
3704,0.57104592383938,0.448188177232867
3705,0.398818858989969,0.304498545735566
3706,-2.35433165876405,-3.61066216967666
3707,0.869747934499512,0.638318043528308
3708,-1.90776117643367,-1.81365781976214
3709,-0.526485177525936,-0.432997043151406
3710,-1.05609977535701,-1.27114913886479
3711,0.224436998026123,0.195949408752107
3712,-0.827807398655572,-1.17567756450265
3713,-2.14555351875614,-4.39338900478725
3714,1.50263452332261,1.11510041590142
3715,-1.15338473583186,-1.16811966337067
3716,-0.347137597826531,-0.545062101201111
3717,-0.0471358567496835,-0.0633451758799743
3718,0.208706283483476,0.288354344698955
3719,-1.26619028679784,-1.55752028024944
3720,-2.69385230261722,-2.59729730353554
3721,-1.44929682442676,-1.68558864010001
3722,-0.332846513171748,-0.323394829986327
3723,-0.182656889442948,-0.214185708766465
3724,0.765394801825977,0.812878251161285
3725,-0.205385184462563,-0.220126484884138
3726,2.09006387575606,1.77275989703378
3727,-2.40309626454055,-3.75396990878934
3728,-1.86716775613556,-2.03984233683462
3729,0.216918253435253,0.292902764315233
3730,-0.452859724023865,-0.419198098297102
3731,0.409150688225889,0.347695934447134
3732,-1.62827426745605,-1.79483863452373
3733,0.49877616390233,0.353151526574023
3734,-0.627696668878527,-0.669155779418957
3735,-1.79293099758893,-1.29659790680345
3736,0.315345160993761,0.221690183370666
3737,1.63945728013289,1.6298994508555
3738,2.43026383183017,1.83316423826864
3739,-2.83647617455863,-3.1065450068493
3740,1.13590814228973,0.849825098115058
3741,0.519479697420198,0.479773219490495
3742,-0.398637986477666,-0.453482296120207
3743,1.05034742102383,0.843866126099081
3744,-1.06163017912183,-1.47124284197204
3745,0.11094354070365,0.132478264309657
3746,0.123490761438929,0.112300540657608
3747,-0.44284879932659,-0.408825958188413
3748,-0.0687350772245825,-0.073383000486129
3749,-2.35590721904935,-2.25877998377124
3750,0.541517450534203,0.463382187092206
3751,-0.939916226661261,-1.00689679308987
3752,2.16283161763409,2.4505496800966
3753,-0.369531401687025,-0.398284150452827
3754,-1.38427814455319,-1.44170299135522
3755,-2.00514317153217,-1.85999704032723
3756,-3.93053438519454,-6.34334709238785
3757,0.444341526971454,0.505028658276223
3758,-0.0746872444341194,-0.0836548523102637
3759,0.586942757699301,0.439859577871122
3760,0.416048522460399,0.345682064083027
3761,-0.15618999985912,-0.175735971036811
3762,-3.43431081133951,-4.36846114854907
3763,2.04943059099595,2.03630263487324
3764,0.777397958347159,0.562783426410026
3765,0.915784775323388,1.20650347398577
3766,-3.38138450997978,-3.3636865661383
3767,-0.707266381239247,-0.991705805332416
3768,1.56118227681525,1.33272104415919
3769,0.793164084464518,0.803690217467416
3770,0.0229235083291798,0.0258755249728531
3771,-0.766410406073441,-0.984871687114609
3772,0.878674328649198,0.916448602062968
3773,0.708042963347787,0.813375778089926
3774,-1.08862973859025,-1.27433254646687
3775,0.773847338318849,0.701761802712305
3776,-1.46685192741092,-2.3559963917544
3777,-0.459282453352234,-0.555937363810923
3778,0.0851092815892081,0.0763676771882326
3779,-2.08083889962171,-2.33487139792197
3780,-1.32567558826885,-1.39022451035347
3781,-0.574585313031699,-0.621968080510463
3782,-1.20486608871052,-2.11237766518036
3783,0.534098359887169,0.624536767034153
3784,-1.33030945955632,-1.34260771912103
3785,1.50134308628076,1.54744943048878
3786,0.18404694383358,0.258350712041555
3787,-0.260504069157832,-0.354980822934688
3788,-1.82558363929575,-2.00419564043832
3789,0.97552389847422,1.02794762534706
3790,-5.85795743282576,-7.78839639345047
3791,-0.442164536414712,-0.458497315703042
3792,-1.84736626812906,-2.65272577200001
3793,-2.35835201889363,-2.84240271676673
3794,1.93814346538323,1.17679528981719
3795,0.0988097004018128,0.11071578952861
3796,-0.124936606802004,-0.126060106207162
3797,0.390830376222195,0.450783292329739
3798,0.496696856452923,0.498502935735245
3799,1.47211326927581,1.18776893891459
3800,-0.867818371769145,-0.66588022366749
3801,0.230226016142674,0.198785237800313
3802,0.277021396801349,0.392372575714219
3803,-0.204657326300331,-0.182132748435735
3804,0.882082066418426,0.89750344854175
3805,0.343690753042071,0.325760334144124
3806,-1.17115530297565,-1.49456187106486
3807,-0.131190648782546,-0.153390751850835
3808,-1.53570489686791,-2.83278530868644
3809,0.544626428374583,0.549027209434676
3810,-0.519078408709255,-0.504217708369002
3811,-0.0170407612084923,-0.0298127623705792
3812,0.40638915747676,0.543440223017438
3813,-1.87164227244826,-2.16314571826544
3814,-0.87401563232906,-0.976867734851372
3815,0.026355720954532,0.0271867569818955
3816,-0.842734543923383,-0.971280421636758
3817,-1.69834831365813,-2.90503242721581
3818,-1.20948653281237,-0.919676956470421
3819,-0.624440822007353,-0.83252404106316
3820,-1.43638511551671,-2.59433916395864
3821,0.265811399852827,0.267043781922382
3822,-2.20758120261475,-3.42298283798503
3823,1.06058527023722,0.935256394727545
3824,-4.14448278901825,-4.21594950837076
3825,0.719187975866247,0.84816403682181
3826,-2.91542221350176,-2.89709112548859
3827,-0.188441124647455,-0.185944763309311
3828,0.717430192697856,0.502404204984024
3829,0.845404640305207,0.549172026983067
3830,0.980231581674571,1.22343378032908
3831,-1.3753724822142,-0.88570685215799
3832,-0.773352671999869,-0.770634882645859
3833,0.689056619836978,0.72440593756336
3834,-0.0910930830198745,-0.0753558869736315
3835,1.3468720489031,1.27974321250168
3836,-2.42510550810604,-2.50135271261316
3837,0.843448231308318,0.791540937981956
3838,1.32102739451092,0.823780677705162
3839,0.0514488812713864,0.0491439690387446
3840,1.55489846641363,1.34964912853476
3841,-2.4997016022824,-3.84265556486648
3842,-1.15968734959978,-0.824325927183113
3843,0.0707959880397558,0.0778512304265748
3844,-1.48188762324755,-1.69210963359398
3845,0.388127601307204,0.401955126898141
3846,-3.23983726576963,-3.65928646454139
3847,0.520522738015775,0.41581604961385
3848,-0.271121286097349,-0.379515443197267
3849,-2.30121041543039,-3.01570272668004
3850,-0.22308715891833,-0.274023138058616
3851,2.50926717367271,1.84493074698298
3852,-0.104317811213464,-0.17927195589827
3853,1.23312216273432,1.35882576455095
3854,1.1801899090084,1.1286888567238
3855,-1.06251378398775,-1.15706312892632
3856,-0.475846507393536,-0.67554786701066
3857,-2.35678600309324,-2.34252362981841
3858,1.18339310353449,0.932533726289687
3859,0.290780439574013,0.219132051251217
3860,-0.0114126249078475,-0.0142249118405329
3861,-0.500139791098504,-0.42481529718842
3862,-1.94777986990915,-2.25099934821021
3863,0.240441766465465,0.235547881650288
3864,-1.63428138712778,-1.22989234885608
3865,-0.955228456115722,-1.16118140637102
3866,0.425985917107938,0.293022718967044
3867,-1.4135517575979,-2.21413902223273
3868,-0.522211964040361,-0.579743166981015
3869,-0.743000420071091,-0.961886088802768
3870,-0.0677740488507195,-0.0588729518194581
3871,0.111405481515059,0.0977210089825638
3872,2.05273901336436,1.84979254352638
3873,-0.714990137294101,-0.771723042068534
3874,-4.64174614480089,-5.63957849188087
3875,0.777031757277768,0.746156420119581
3876,0.549310455585504,0.482027096744054
3877,1.622134830559,1.35110364134291
3878,-2.58529677507206,-3.30502387093124
3879,0.0275124079685903,0.0314889136633924
3880,1.33745185456855,1.22311388289725
3881,1.02413319109696,0.899306559072634
3882,-0.00775977226712,-0.00819755373024354
3883,1.54912844357487,1.62436054469892
3884,0.310998053862883,0.308240446170813
3885,-0.692102963297885,-0.797440930751168
3886,-2.47998964057424,-3.11360766171954
3887,1.00557159658265,0.617470310820856
3888,0.953335047210865,0.840476975837966
3889,-1.03900071773034,-1.66104597636891
3890,1.3464321692796,0.978083071222592
3891,-0.102083202415556,-0.105461493289658
3892,-1.66928532660306,-1.49025291831093
3893,0.527043048648686,0.420128237470743
3894,1.28298733253067,1.300024242546
3895,-2.12723979220611,-3.60214610284311
3896,1.55439344839719,1.2159684058742
3897,-2.81529656799938,-4.12478718859286
3898,1.54831800457646,1.3307338379161
3899,-1.39911531344972,-3.79862785317667
3900,-1.01534908702551,-0.86908097917524
3901,2.06311316601001,2.46295935302774
3902,-1.57888812639893,-2.22183585297572
3903,0.148003150670573,0.17542861550743
3904,-0.0509983600837854,-0.0903626440114532
3905,0.505385190729362,0.456513985774739
3906,-0.743580993811284,-0.688607052384929
3907,-1.53842798458179,-1.75086215011925
3908,-0.613232562571647,-0.587827762605835
3909,-2.91001479434387,-3.65062063106425
3910,-1.90427059579137,-1.97434690889859
3911,2.21015321671022,1.97031130704928
3912,-0.697750969646695,-0.886199639771119
3913,-3.52433066752111,-4.03289149481885
3914,0.132422172057368,0.138975380062292
3915,1.79670375259614,1.8417477829042
3916,-1.14732302878935,-1.06686526936327
3917,-0.522925419019947,-0.478148916044453
3918,0.503278500362814,0.809129847481901
3919,-4.02622213451875,-4.19999019619297
3920,-0.243400747610732,-0.270747897936286
3921,-0.367611812808419,-0.655270583442369
3922,-0.477733284112005,-0.475356926647843
3923,0.138509770732235,0.133403338721081
3924,-2.08059877574226,-3.05332101994709
3925,-0.348593592423408,-0.266847393899909
3926,-0.218114631655366,-0.237532998377143
3927,-0.841692173628559,-0.753710350385766
3928,-1.19181989327172,-1.30887316346471
3929,0.776012008273443,1.06497391245013
3930,-1.22174201671345,-1.44018211842883
3931,-0.904435185237381,-0.74344566526945
3932,0.791399320604614,0.855651250706427
3933,0.467039581211,0.417437078022763
3934,0.736065007092535,0.678187313717265
3935,-0.211726057558123,-0.245992544953036
3936,1.5058217587087,1.20210617612431
3937,1.10896946161923,1.03123444544508
3938,-1.14513478747295,-1.15056392464087
3939,-1.30706359374652,-1.26755911286081
3940,-1.88083359490598,-1.51874394301967
3941,-1.48769470439416,-2.39844059155293
3942,0.457072798271825,0.41533727125069
3943,-0.0391719813361066,-0.0397096760750374
3944,-0.262575963491078,-0.303222457385084
3945,-0.579512848592761,-0.652823449948057
3946,1.2510211441415,1.37231957899142
3947,0.738020502409842,0.788290052313398
3948,0.275093201467745,0.228098853378847
3949,-0.137660900137813,-0.115081675997592
3950,-0.706213973760382,-0.844068591855979
3951,1.85900549477383,1.7034362699555
3952,1.1521417048851,1.22381995614108
3953,-3.0758132402804,-3.52296220206375
3954,0.108791684992404,0.186548507013677
3955,-0.829181924565704,-0.953035973974541
3956,-0.982941835724563,-2.0425721756827
3957,-1.14685294747498,-2.01776897279324
3958,1.34488909266277,1.28072827198052
3959,-1.99492608840101,-3.68594927178056
3960,-0.147988520144086,-0.222654779982105
3961,-0.0358019780131777,-0.0408888344273714
3962,-0.103578840646309,-0.0986617351578331
3963,-0.508319463284823,-0.721821182139097
3964,1.97882002787566,1.84218462193517
3965,0.133618715998027,0.134201994722456
3966,1.05539249679869,0.775331617651219
3967,0.0200271772143459,0.0305176345588544
3968,-0.399799677799539,-0.390287478611574
3969,0.981901805158341,1.12422102092569
3970,1.31735205763215,0.782282730284366
3971,0.304125657272527,0.35965186230529
3972,0.994208341862562,1.22961298332223
3973,0.690945829496816,0.770546709362992
3974,0.0623645685636189,0.0593933445154068
3975,-1.41124856120584,-2.4871217407436
3976,-2.15950019693176,-1.95138122122245
3977,-1.13512411624066,-1.32579297403194
3978,-0.883972695200499,-1.59232023241002
3979,0.959264340866157,0.823916122427076
3980,1.37928766582223,1.20445635208699
3981,0.387909593614319,0.354003052838127
3982,0.548288367193952,0.619787544000133
3983,-0.4714340874666,-0.664565430787422
3984,-3.8972575373099,-6.85870907774289
3985,-1.512204395993,-1.320126505807
3986,0.353688418573467,0.34650955720612
3987,0.898576938924489,0.925605160629225
3988,1.34940969762928,1.145399773431
3989,-0.220629349660298,-0.217139513083847
3990,-1.31836902166659,-1.4567510259774
3991,-1.19663219742936,-1.59835798478121
3992,0.256256430212321,0.247946935365433
3993,-0.573743593035053,-0.610216626178012
3994,-0.843369697172044,-0.80531550017345
3995,-3.26061313510624,-2.87407799506501
3996,0.86971231574735,0.728582102593388
3997,-0.252644060744492,-0.415348703248319
3998,0.875308750503753,0.696593352662756
3999,0.300639180496842,0.276753639742897
4000,-2.20451162039466,-2.11726693818374
4001,-1.1400235310811,-1.58219088214636
4002,-0.440938365175295,-0.533276055066929
4003,-1.41416539549931,-1.10400517653217
4004,0.869483687542985,1.04130801847393
4005,1.5271261398764,1.79312706081648
4006,0.142135115560305,0.150043233024699
4007,-1.10488713982241,-1.93705559796276
4008,1.43525965215565,1.57111913663497
4009,-0.462942854999076,-0.880838128181367
4010,1.0531384497201,0.953153186390212
4011,-0.140062768563318,-0.151955072758414
4012,0.46704756401279,0.361740375952587
4013,1.42868003982587,1.14517002412885
4014,0.396754920979731,0.305286695023777
4015,-0.568443584121592,-0.947496962314927
4016,1.54519389907643,1.2992432364911
4017,0.228200682483886,0.227036912807334
4018,0.683785878384433,0.797526949896241
4019,-2.00206214475273,-3.53456738570122
4020,0.499443092401097,0.442657755889711
4021,1.22530759630304,1.32478939520939
4022,-0.502488052223915,-0.621622717073016
4023,-1.27850381400032,-1.27447118867782
4024,0.756084076735732,0.826682408009727
4025,-0.110952594061143,-0.116601356348703
4026,0.31941464413057,0.354646358122776
4027,-1.4028393223809,-1.56227252735144
4028,0.925350673915567,0.780578232866486
4029,-1.20177118898951,-1.67489016210068
4030,0.436607138056785,0.449979844787592
4031,-0.925176650220264,-1.40466910784613
4032,0.848583091932352,0.894095474278269
4033,-0.63965003156373,-0.637784971853748
4034,-0.413689264369051,-0.35378349756344
4035,1.27846536440437,0.908787824855354
4036,-1.19016946245888,-1.5198135220716
4037,0.000573745734478168,0.000647872020854269
4038,1.48120114908941,1.24742405990477
4039,-3.7453495924179,-4.95170809787279
4040,-1.03987859509202,-1.04956880626884
4041,0.740259694429074,0.693780702246206
4042,-2.33956203455682,-2.42348748107599
4043,1.0910726240831,0.891263754948643
4044,-0.852194148260438,-1.20281480303301
4045,1.71735789889703,1.50208424984692
4046,-1.01560040159884,-1.20832784752901
4047,0.386957813733665,0.34442380602818
4048,-3.53912150020394,-4.90441216630827
4049,0.959428159731052,0.675863175784766
4050,0.483939451664654,0.392397653421533
4051,0.925179477531165,0.737221818645773
4052,2.12035315919988,1.55477945757611
4053,0.437692492992774,0.343581674365307
4054,1.95992043799364,1.63672989950889
4055,0.764290331090389,0.701817175064049
4056,0.0816498388243665,0.0606938941569326
4057,0.227270664936626,0.215414295144961
4058,-0.587822782437872,-0.802027105887184
4059,-0.565669153524188,-0.629034330849439
4060,0.83017686688919,0.673349440154425
4061,-0.997831984481261,-0.805397456678548
4062,0.266194369693474,0.471005207001077
4063,1.12335452568871,1.13995132023401
4064,-0.471915293417479,-0.490874764635688
4065,-1.26355132192664,-1.31195370616195
4066,0.474029924137639,0.403476117497572
4067,-0.120890441029816,-0.107686345690093
4068,-1.05160542073937,-1.82539491845125
4069,-1.42932408567808,-2.73224493527455
4070,0.56542481051273,0.673046241165497
4071,0.593058945516157,0.60599823989478
4072,-0.787393331458081,-0.966761368407091
4073,0.393296811137042,0.36382532694358
4074,0.219187124312532,0.264113297516349
4075,0.575986934009913,0.41471979061243
4076,-0.860493895666246,-0.737780198096049
4077,-0.268425967809336,-0.267243484248072
4078,-2.7962553337723,-3.45598131860208
4079,-0.418670704701333,-0.826851629711462
4080,1.03837120911877,1.12380492625467
4081,-1.80145267545168,-2.43444138631302
4082,0.208713050441705,0.214327391686077
4083,0.00888445116320573,0.00779219691639676
4084,-0.183209719629716,-0.227900144563252
4085,1.042783375109,1.06417350766262
4086,1.05276248729833,0.798156884032249
4087,-2.84293607592872,-3.14162290539011
4088,-0.412134246935326,-0.440509501991947
4089,-0.687866042508103,-0.578335113006532
4090,-0.247563368215844,-0.220873261263271
4091,0.601299045787939,0.505027407381415
4092,-0.0220093580137351,-0.017700115279249
4093,-1.01330089241858,-1.13905943516938
4094,0.560458813396513,0.704729941247953
4095,-0.107665105153118,-0.134854679591201
4096,-1.01405914264187,-1.21680375837636
4097,-2.3405199019827,-2.23863379088166
4098,-0.0610502287394697,-0.0602571611156823
4099,0.181106674649296,0.169098144267743
4100,-0.722951790395638,-0.657575428173059
4101,2.07963745822861,1.90103508062359
4102,-0.508106561091927,-0.619894664840453
4103,0.984729528488402,1.07773267367008
4104,-0.00106477166782366,-0.00136313918686828
4105,0.596293223170504,0.696358119417207
4106,0.778654739638388,0.889406696827726
4107,0.187357427932833,0.173568276096326
4108,-0.298528688858389,-0.314734647034932
4109,1.84062034992135,1.2552077441418
4110,0.0756409722495674,0.0544801740360229
4111,-1.47106721815287,-1.26620717021635
4112,1.09736970532664,0.900581801160267
4113,-0.709780034656418,-1.49037648254092
4114,1.7917054579967,1.43783679794931
4115,-0.530416852355833,-0.648688094795352
4116,-2.17680820757821,-2.58499491670328
4117,-0.320578615974007,-0.267161230996915
4118,0.751660930222972,0.716733274641481
4119,-2.52519943596557,-3.18746063752668
4120,0.408800679858799,0.485953220701778
4121,0.929434962368642,0.912212832298967
4122,0.767431094663553,0.718776095471188
4123,-0.388372406022825,-0.337403768339482
4124,0.0440274112109827,0.0711961910622903
4125,0.942836597504267,1.10138666583849
4126,-5.06929742405074,-6.68970208749833
4127,0.913677631950058,1.17180670249932
4128,-0.89318959560105,-0.823378374991646
4129,1.33840123478065,0.94711642809084
4130,0.912066896794435,1.08486880167147
4131,-1.10858192534344,-1.19323958463342
4132,-1.76550027169655,-1.67348751963231
4133,1.15906831891534,0.790832659706024
4134,-0.0850881838992356,-0.1325986461293
4135,-2.22703697357693,-2.09409297627529
4136,-1.01336623666047,-0.968750143680248
4137,0.135716866801732,0.141854594091608
4138,0.663657433841548,0.649096417218591
4139,-0.0892887278337332,-0.106059438795198
4140,2.67402551413287,2.00551989990896
4141,0.600614140107986,0.651476868402723
4142,2.02515300755036,1.49332552310814
4143,-0.343242007837553,-0.285167845563736
4144,-2.31358074441617,-2.53719491371305
4145,0.829026657172369,0.814349726324159
4146,1.41359601721668,0.932438354046061
4147,-1.1047047097441,-1.342088823871
4148,0.132304665944369,0.149691129064427
4149,1.78275307459309,1.27546498971481
4150,-0.303871523208327,-0.471146335261402
4151,0.593455690996931,0.59036648435335
4152,-1.20412666229972,-1.24988139220316
4153,-0.457534716525117,-0.566169199690073
4154,-1.92152488108014,-2.93885961049987
4155,0.569118273443865,0.467224395600532
4156,-1.05049476158274,-0.615966499407624
4157,-0.693339490908332,-1.31839948531379
4158,-0.838789573560949,-0.72734096558065
4159,-0.984505565692359,-1.05922902347877
4160,-0.0940035639056664,-0.0977110181426118
4161,-0.620763841158846,-0.462902896463563
4162,-1.23353152595048,-1.01828949181209
4163,0.344210813470886,0.771302082064586
4164,-2.17952726620706,-2.43117307794399
4165,1.32297510237051,1.07538929656959
4166,-1.86792333273699,-2.38453034218719
4167,0.822362136743075,0.851405625562875
4168,1.84499625430167,1.50016081072281
4169,-0.581919315714842,-0.775371234932596
4170,-1.54181990066827,-2.46559605907025
4171,0.900702096800958,0.963579452800955
4172,0.347355114700007,0.307045954067801
4173,1.1390038302276,1.04157507267775
4174,2.2920011227469,1.73959189619637
4175,2.43113273795865,1.96934013953694
4176,-2.16965081613875,-2.83291389168003
4177,-0.455963354588967,-0.385764650089421
4178,-1.20875549058304,-1.58323601808889
4179,1.63398212760806,1.14078123861906
4180,-0.542887892397233,-0.791882966804456
4181,-0.0786777422811217,-0.139414065075623
4182,-1.92585369189997,-2.29727752204737
4183,0.00383110308314641,0.00446024513318163
4184,0.410910427590359,0.318838873464379
4185,0.336823832286681,0.262460584446546
4186,0.525067775340351,0.525770878996725
4187,0.490456323626486,0.49138906248249
4188,-2.00924282491379,-2.7172666627726
4189,-2.39503059214204,-3.45370363396961
4190,-0.228182294977801,-0.311348450947099
4191,0.167585184506386,0.250940578378502
4192,1.58977345811359,1.36014809464361
4193,-0.863004812867175,-1.02932766364151
4194,0.455536035983962,0.565399409420909
4195,-4.24095012977528,-4.99409313082587
4196,-1.72244205913088,-1.53454772766028
4197,1.36163678093755,1.17549355930324
4198,0.398276192942132,0.323864477025195
4199,2.20253057052667,1.89312372129498
4200,-0.806466456021072,-1.07600129220835
4201,-3.27255280572138,-3.42676999422064
4202,-1.05713020316844,-1.3402851843941
4203,0.211408721913646,0.19030303110048
4204,-1.27169727220948,-1.07572837759253
4205,-1.21390031390996,-1.00534985043312
4206,-2.20630671718182,-2.31722751930689
4207,-1.22052052448516,-1.02392696292658
4208,-1.36798836095505,-1.15276151264908
4209,0.0255934571021568,0.0188789677940172
4210,1.06045221528338,0.771405446719654
4211,-1.7065294166185,-1.82487931199242
4212,-0.974324179584614,-1.07719823874314
4213,2.65706410680854,2.3912286339333
4214,1.10795087166924,0.831976119776465
4215,-1.03380016317005,-1.44202902397764
4216,-0.754162163128827,-0.795339879134406
4217,0.824327345904153,1.53278807191444
4218,-1.42738490504675,-1.23171347144102
4219,-1.36385202503883,-1.28675506865745
4220,-0.215279529611822,-0.222369078523728
4221,-0.251938378556422,-0.318515406591068
4222,-0.910374475531048,-1.32924644100341
4223,0.307002078072934,0.288458869610684
4224,-1.29028984479419,-1.96241000791374
4225,-0.444630696273172,-0.612233527807996
4226,1.42148262606091,1.27522438225488
4227,1.24580431403625,1.05913703698575
4228,-2.79376602268367,-3.71646516696657
4229,-1.18797228646376,-1.27432359275002
4230,-1.25844637439714,-1.78085279542943
4231,-0.448266010403005,-0.391581806176631
4232,-1.41450539833682,-2.01089180890154
4233,-0.975608391287785,-1.11576202892277
4234,-3.23551853621982,-4.03664919388777
4235,-2.39514732597351,-2.44721939094252
4236,0.493699652288118,0.501627739281383
4237,-4.91346338813546,-5.69330664137035
4238,0.379594144062019,0.269751650125686
4239,-0.656837856069899,-0.867941322415623
4240,-0.602373670887315,-0.814375772944009
4241,-0.0239318494731298,-0.0255929356806135
4242,-2.65701240558869,-3.55688580270114
4243,-0.80175095885705,-1.39032200899345
4244,-0.452871465047846,-0.562626872683058
4245,1.2138409144325,1.50596496725549
4246,0.869643973921251,0.920164282125277
4247,-1.63829021905738,-1.99003921250104
4248,-1.03605315522335,-1.95355708211087
4249,-1.21976070803619,-1.26548704748687
4250,-0.750259317458011,-0.690524430176625
4251,-0.437199798255074,-0.305477825823158
4252,-0.561997050129067,-0.734832441447929
4253,-0.667090203295303,-0.589380571643896
4254,0.828765978492499,0.877331931097475
4255,0.637094913354619,0.604526242697622
4256,-0.148598795283882,-0.274555998749155
4257,1.20716562863103,1.14638598734946
4258,0.852607925676746,0.694314487046101
4259,-0.257593407689892,-0.28777982618689
4260,1.08660982374655,0.715464333530019
4261,1.1261971786202,0.969257107685509
4262,0.687188817044283,0.687673882181875
4263,-1.10782752583568,-1.20608943805981
4264,0.689438752548755,0.56472333920119
4265,-0.694179890843455,-0.525531467723197
4266,-1.26261340501277,-1.792116284666
4267,0.970804219512474,0.838203216411964
4268,-0.453631614189759,-0.564455539244245
4269,0.973181061049063,0.646597948581944
4270,-0.64140215347221,-0.544613302734407
4271,1.67143879012598,1.49074156260893
4272,-2.19164205913183,-3.48333949651216
4273,0.0112561152126906,0.0107360218441189
4274,-1.25792944393509,-1.6090551966643
4275,0.285061899893327,0.394408360681892
4276,0.374238955362766,0.639641772527774
4277,1.77166074507134,1.42938570934024
4278,-1.35148997828783,-1.24785997763885
4279,-1.46886997911853,-2.33941008956505
4280,0.0657804038359037,0.089021594729739
4281,-0.210977059905362,-0.15714706831391
4282,-0.479897176278404,-0.75311438357106
4283,-0.32480941961244,-0.308358621077569
4284,-0.40087340987198,-0.317365591619164
4285,1.00415893139327,0.855536840233359
4286,-0.466940814036282,-0.587837761229495
4287,0.658991541532393,0.980157675236487
4288,-1.47003879411079,-2.4604790660789
4289,0.419507100218567,0.339963589056649
4290,-1.54840914497372,-1.87712147859797
4291,-0.403090374364075,-0.507770560967613
4292,0.857121059568763,0.701782348826845
4293,-0.733902627517104,-0.847692348141365
4294,0.262291834758756,0.225777980099872
4295,-0.097724061607009,-0.171885399984734
4296,0.491651907036053,0.727001805404962
4297,-2.82157750645886,-3.03205433912316
4298,-0.552246633948104,-0.623256982593756
4299,-0.287949553226373,-0.228466889046039
4300,0.932063097242379,0.909263434530588
4301,-0.439439212691272,-0.600412242609517
4302,-0.949258767018802,-1.21394935301033
4303,-2.86864979645102,-3.84514986310012
4304,0.187219111003441,0.205130838185111
4305,-1.18399254337364,-1.48774853228551
4306,-0.858272122965895,-1.25883078177823
4307,-2.55246936731004,-3.82513432622449
4308,-2.72655710835732,-3.22043541164977
4309,-1.76878765729047,-1.86034220000955
4310,0.300552100695133,0.258080644898098
4311,-1.34333463206891,-2.327262069513
4312,-1.36682073023615,-2.07045561304499
4313,-1.12926222911807,-1.23710591119874
4314,-0.958854641829013,-1.64455140369103
4315,0.0790030750112433,0.071607594014588
4316,-1.69786136299569,-2.55345922903756
4317,-3.14738485251116,-3.94586461850004
4318,-0.892840377829708,-1.53814513721379
4319,0.0348974752390452,0.0447311750382374
4320,-0.417066498223752,-0.442981837266669
4321,-1.16047053818593,-2.17710279790209
4322,0.150507590223305,0.184559169338445
4323,0.194162491851893,0.171650060543262
4324,1.61913531598354,1.33417940089846
4325,1.66426275103557,1.36778855427959
4326,0.368210719162376,0.317575715676279
4327,-0.577835777078964,-0.521108692161318
4328,-0.188505008686705,-0.171240556583273
4329,-0.314541249767086,-0.273667980076891
4330,0.657157533581211,0.494221200675472
4331,-0.704841542502955,-0.765496480152981
4332,0.31920235021881,0.394911342230528
4333,-1.06350663525739,-0.989778915129345
4334,-0.511676749049905,-0.449527570216727
4335,0.289468827629802,0.280664033685626
4336,1.62987018136506,1.56020068420925
4337,0.480659073154153,0.521668701152738
4338,0.278339462639993,0.370469923624657
4339,-0.0775045415267918,-0.0760259205797465
4340,1.248613817727,1.34624454598345
4341,-0.685672276942298,-0.946992048127437
4342,-2.01507884842242,-1.68597535932643
4343,0.5867851601003,0.517061476446432
4344,-1.27353888352106,-1.63915510613805
4345,0.667366932602939,0.941834538625385
4346,-1.16709220700111,-1.15035771291923
4347,-1.01324619226211,-1.00420027233632
4348,1.2956246783322,1.34346423036752
4349,-0.323317043595814,-0.383085916868373
4350,-1.43059055732112,-1.94712731989188
4351,-0.154848121568813,-0.185004323090351
4352,-0.982172132411568,-1.24786964143028
4353,-2.00874287466001,-2.16089843136251
4354,-2.62754762607166,-4.86230058003924
4355,-0.774748965732329,-0.630988267008636
4356,1.13026780898585,0.820747290936628
4357,-0.0281229854490627,-0.0321428071483857
4358,-0.898911593164025,-0.952923714834735
4359,1.61775671052576,1.4308688637894
4360,0.115932251235635,0.146802776472897
4361,-0.29388534324316,-0.378256582581615
4362,0.389420526917352,0.384368660966763
4363,-1.67366471392074,-2.35132305376271
4364,0.904229051772501,0.758674402705532
4365,-0.24994303724509,-0.292057341946667
4366,-0.0445675949127831,-0.053372791475833
4367,-0.430048829406374,-0.604425929343842
4368,0.360022716937742,0.46566342042179
4369,-2.81505154248454,-3.5407380393079
4370,1.1567761235688,1.07858186766534
4371,-0.361352851507333,-0.296906863829827
4372,-0.392887149841355,-0.427273706352458
4373,0.171857625849021,0.122652039394424
4374,1.29494866158586,1.27440831203365
4375,0.931884773551786,0.886433038358701
4376,-3.72771461515033,-4.16181452254867
4377,-0.446628063466058,-0.607112308111721
4378,0.497478965414592,0.785321420658139
4379,-0.798684337594479,-0.67159592651452
4380,-1.64100555268468,-2.75636085371028
4381,-0.514841129604307,-0.477533209977572
4382,-1.001847359045,-1.30333989231656
4383,-1.08622269526499,-1.42148167132382
4384,-4.4342056020206,-7.45589059674427
4385,0.536437658006159,0.53104276952026
4386,-1.91385433139095,-2.71601661577922
4387,0.788386905455212,0.698846140435
4388,1.81825900257352,1.76618197291588
4389,1.85673437425613,1.43318295648091
4390,-0.388546969323952,-0.312138208147107
4391,-1.71313661296927,-1.9860529237466
4392,0.374602871646042,0.386378816847757
4393,-1.27476203500359,-1.33563058277217
4394,0.951300431120392,0.809461132889304
4395,0.415648624523271,0.365108328292087
4396,-1.43210273075386,-1.2276091036329
4397,-0.343920501980015,-0.365168152964297
4398,-1.16213691436425,-1.63999351007212
4399,-0.427344833117813,-0.461428043672713
4400,-3.54656261916643,-4.16754138373557
4401,-0.567173511340312,-0.964173933210454
4402,0.117818757405558,0.146101608563791
4403,0.207239807957167,0.211598740160838
4404,0.187392577116228,0.139764710405414
4405,-0.19586111018646,-0.18696170886127
4406,0.708249406737007,0.685391000982456
4407,-0.178128287289238,-0.149843481672621
4408,1.54134207328034,1.25797453524302
4409,1.15090739945294,1.10303331450484
4410,-10.5716245474873,-11.5075346289893
4411,0.103703714590628,0.0941668703735047
4412,0.86199844206321,0.858589424704478
4413,-2.06638987460079,-2.12616734317084
4414,0.444407143981777,0.472045311435833
4415,-3.40918769495371,-3.81401603993663
4416,0.861652836622164,0.878443263578572
4417,-1.21372114722046,-2.08592742336372
4418,1.11508182632363,0.912600460562149
4419,0.0678561326328341,0.0801637372128898
4420,-2.63721713322352,-4.13122759902789
4421,-0.639089696917678,-0.561316987001278
4422,-0.266713072443666,-0.285831910214219
4423,0.2140843031722,0.16798887621987
4424,-0.460412809323931,-0.412929198275446
4425,0.987982615971607,0.968042246509773
4426,-0.345608377087363,-0.437463029620842
4427,0.563288751250372,0.525112831840503
4428,-1.0197823367277,-1.16669068678085
4429,-0.0191972430968394,-0.0208979515468082
4430,-1.55301022363643,-1.36725648769918
4431,0.326172115278731,0.26294377526833
4432,1.3220089261069,1.4071571515292
4433,-0.21582902701544,-0.193340743020636
4434,0.493079054882175,0.720447916866982
4435,-1.20216286084078,-1.12580760967491
4436,-0.398176520046057,-0.35569181815496
4437,1.28678923371993,1.09496084846939
4438,-1.58097843136196,-1.76747158515321
4439,-0.668079012311265,-0.895095988185348
4440,-3.93426818441433,-4.11886394953892
4441,-0.469658370483519,-0.598671738501543
4442,-1.07951255041447,-1.76647057602288
4443,-2.59183797108979,-2.99346065957797
4444,1.8050762995086,1.84617395807931
4445,-7.06317871469858,-13.0841448486358
4446,-1.3439524319244,-2.21364197743872
4447,-0.231552873645431,-0.240274576513303
4448,-2.06598516754658,-2.12094376506727
4449,-0.100923377869718,-0.108023874992561
4450,-1.1287492940604,-0.980776868244691
4451,0.0834212590318513,0.0810008387062238
4452,-0.642254843435699,-0.600735735636055
4453,-0.12667417466512,-0.129019160259441
4454,-0.671171427114162,-0.650751808210492
4455,1.42947215110042,1.20665069919417
4456,-0.906675774982797,-0.90689356541673
4457,-5.24877517168138,-5.67932152597365
4458,-0.11276750385981,-0.0942921011601462
4459,-1.23618665886365,-1.15516319513681
4460,0.385515929801095,0.415309343698924
4461,0.97380412052331,0.825074688348778
4462,0.596375264140793,0.552034301259393
4463,-1.19774435837568,-0.997526784732948
4464,-1.26271306525477,-1.21734222654942
4465,-1.46876213466185,-1.08801371561725
4466,-2.47815163980389,-3.14913662093432
4467,-0.472590416492238,-0.633506825256105
4468,0.174882039186361,0.222421717859523
4469,-2.3324036452651,-2.98754974796349
4470,1.33647795599578,1.59948672657599
4471,-3.63374249818085,-4.41678700215003
4472,0.928272437421197,0.950910749618453
4473,0.247411821746579,0.245042040807738
4474,-2.48051836998153,-3.96513901926751
4475,-2.41891744338019,-3.18204881537522
4476,0.357191199338335,0.456125884650864
4477,-2.09657552780565,-2.60797247946854
4478,-0.229695647113274,-0.261665102897748
4479,-0.713573524973596,-0.570369747435065
4480,-0.538933358880269,-0.902436715126312
4481,2.4676810177889,1.57756928573975
4482,-0.0551615574747719,-0.0487246367511521
4483,0.044664017071322,0.0781195780134458
4484,0.90822099420884,0.670096730840877
4485,-3.16993391724349,-3.42983684377717
4486,-0.219580143558734,-0.255671543126058
4487,-0.161116497377192,-0.202503206390283
4488,-1.7866829162936,-1.70850449013964
4489,1.36971320667371,1.2269092179488
4490,-2.42851202584913,-1.82481907272351
4491,-0.819750474930029,-0.82193337745302
4492,1.06574596835675,1.00606383186118
4493,-0.816701797245937,-0.945597236326942
4494,-0.267999615557491,-0.227603044144076
4495,-1.18683874603611,-0.847038371700762
4496,-1.08173507847329,-1.51723676534195
4497,-1.83664044900418,-3.12002254823277
4498,-0.736781941459583,-0.845278177650495
4499,-3.36236437611754,-4.65192540087905
4500,-0.624810232456073,-0.703977416204721
4501,0.232224919461187,0.212158988795001
4502,-0.193382617761901,-0.200420865199953
4503,-0.530471254395846,-0.783609409011755
4504,0.335429856439557,0.418788048524245
4505,1.40080031621871,1.24878933533347
4506,-6.38776737890306,-7.56588285329858
4507,1.54651917659873,1.80800354070955
4508,1.49205170641118,1.54323554625675
4509,0.123400342592459,0.117861670258479
4510,-2.28587597081666,-2.59042545554968
4511,1.29392341287242,1.17116139962916
4512,0.423873535015481,0.421765686833692
4513,0.23483085693407,0.197539121017221
4514,1.02553666825668,0.973722326418417
4515,1.049876094626,0.980557156724974
4516,-1.6058655207354,-3.0574570471234
4517,2.3453971194651,1.88974230065137
4518,0.18811807102839,0.202233825706757
4519,0.383210661175125,0.34703146038763
4520,0.416223091926418,0.318332261886025
4521,0.530182491700551,0.783361172200859
4522,-2.66799810538463,-2.59394776048458
4523,-1.78803034726122,-2.26809171602975
4524,0.124392639080789,0.149890554232356
4525,0.266246143759736,0.271476202949005
4526,-0.26712960715798,-0.28857849168007
4527,-0.325413090245937,-0.33920401361621
4528,1.00890092659904,0.962681515113181
4529,-0.233002836475364,-0.162561327671375
4530,-0.193660673459898,-0.199718706555966
4531,1.63833251863133,1.45278886957078
4532,-0.6876626276956,-0.848291616060996
4533,-2.01945304004747,-2.00460048513327
4534,0.219271163477108,0.273788214992234
4535,-0.866457895069561,-1.12580882871134
4536,0.620316367288767,0.64692438265133
4537,1.2925985169732,1.27725012277352
4538,-1.3413421138378,-1.43272275991497
4539,-0.21224034814119,-0.207989523405537
4540,-1.20416473463233,-1.05713411861765
4541,0.187347702627557,0.193899239443215
4542,-0.251909599357442,-0.290052433144939
4543,0.3058700787468,0.216226706806152
4544,-0.350361118743758,-0.545941671115634
4545,1.19270144031183,1.37109829466844
4546,0.775355609997609,0.633288024544783
4547,0.591872586256868,0.638860359432306
4548,0.87144511081505,1.00812039488662
4549,-2.78541580791242,-2.34443688516563
4550,-0.819782386619367,-1.52209141752523
4551,-0.256500208818031,-0.282278547614445
4552,0.355075284243936,0.409122270818106
4553,-1.0247051493879,-1.13660765147702
4554,-1.03508908402149,-2.49388295781662
4555,0.31936955849255,0.332501958935406
4556,-0.269183531348979,-0.277151094460335
4557,0.372523579099892,0.353360185662238
4558,1.27525294950952,1.12702578015812
4559,-2.69583481978205,-2.84205957944474
4560,-1.3231893935047,-1.32588598996042
4561,-1.96370214443679,-2.73426075680877
4562,0.151811228946339,0.191820925259092
4563,-0.342055609280723,-0.33262887409716
4564,-2.26857078610068,-2.43633831861662
4565,-0.335333454269348,-0.435139263363261
4566,-0.747984805180254,-1.0997482047716
4567,0.350612807498139,0.605299165022837
4568,0.612901507355682,0.622545959086828
4569,0.0860006317616756,0.0765917115820695
4570,1.2153200074647,1.2699231747798
4571,1.19091802987692,0.796875611408707
4572,-0.96842690286428,-1.23770747589206
4573,0.0221553136914708,0.0222337690565906
4574,-0.439795669588107,-0.463545167276156
4575,-1.33193783648253,-1.78041146845926
4576,-2.66050900641202,-2.55323630941456
4577,-0.088217608613922,-0.0888852378027605
4578,0.101204282424131,0.0666655280855442
4579,1.18777679941574,0.986748737913384
4580,-1.37834721979938,-1.34309228054765
4581,-2.62935154815641,-2.87911955225211
4582,-1.60434808061658,-2.10641339881593
4583,1.43114859588026,1.7120944292657
4584,-1.37967864527181,-1.88776217752436
4585,-1.28041166109575,-1.54188379956505
4586,0.361999699971189,0.537436632043113
4587,-0.20590017023119,-0.247871312443009
4588,1.73588732628454,1.1454055883541
4589,0.00716793836762935,0.0096557675442019
4590,0.514744906198198,0.540006554854532
4591,1.51821096309456,1.18062094922421
4592,-0.867552378089884,-1.49534760009235
4593,0.209671486294297,0.295276758854607
4594,-0.0874817367429924,-0.103335148800639
4595,-2.36457674483134,-3.46188506354463
4596,0.877713310324086,0.960854604364757
4597,-1.92710442701452,-3.25291842611175
4598,0.677775441268217,0.918619909669473
4599,-2.8087470805228,-2.76023636065826
4600,-2.39829665898674,-3.12142445564909
4601,1.59901067045184,1.34081120600144
4602,-1.3648276122523,-2.33812780922734
4603,0.278055755714827,0.422680862179177
4604,-0.0420851995156348,-0.0354816302949701
4605,0.767142254119098,0.950728464710854
4606,-0.0803776654293005,-0.0916480261139965
4607,0.170833456723077,0.184095300503192
4608,0.332520011556525,0.277680338786581
4609,-3.38210330209246,-4.02595850410338
4610,0.268267538704587,0.260811409732535
4611,-1.023069955574,-1.0587122756787
4612,-0.695473325782098,-0.646482047228333
4613,-0.630814249996976,-0.951824490335058
4614,1.56882480188538,1.16739559941836
4615,-2.04158359325814,-3.14424941505327
4616,-1.90968435271033,-2.259234030992
4617,0.57587005169464,0.56830139195436
4618,-1.50350910395228,-2.4879179336843
4619,-1.49728555298141,-1.49055993409646
4620,0.523328168616731,0.606098208020999
4621,-0.237484063171587,-0.180458044422972
4622,-0.0507329549701657,-0.0904691763880214
4623,-0.469353129837754,-0.588939825562258
4624,2.06876990343321,1.47820268053423
4625,-3.69769337545202,-5.31597400904376
4626,-0.732251242432174,-0.664001925925678
4627,0.468310766826225,0.516942861218541
4628,-1.87505628708891,-3.44444671459581
4629,-0.943960340244563,-1.08766995840963
4630,-0.297945279184841,-0.414537243047034
4631,0.853406313423113,0.701821026768929
4632,-0.501889310743978,-0.399390865109791
4633,0.262250967940344,0.225829794681124
4634,0.445897932891011,0.457631601852504
4635,0.12443325890143,0.141193572186299
4636,0.386913009583052,0.265105302761132
4637,0.584206099591573,0.49903411559398
4638,1.77445919143635,1.68858108746422
4639,-0.0291968793369137,-0.0310421705812472
4640,0.291093941761275,0.257809968470244
4641,-1.31199378814284,-2.15460018091261
4642,-1.51794804899106,-2.36100194284605
4643,0.959960586241042,0.86477303874284
4644,-3.14265138959473,-3.3240467345263
4645,-3.30904253090007,-5.58601873583214
4646,1.64871231006658,1.34781132865046
4647,-1.06450281541247,-1.78163411529361
4648,-5.62440191317228,-6.01355576365887
4649,0.44916647218161,0.504117686859855
4650,0.677159919313939,0.553014376900046
4651,0.553163295826753,0.546502201508462
4652,-0.522970696900065,-0.443299295555084
4653,-0.482161044689454,-0.77514057905527
4654,-0.222917558541006,-0.236676402273075
4655,-0.563235648497565,-0.652984215826146
4656,-1.8776513844656,-2.13591699922316
4657,-2.17942704630767,-3.20937903405851
4658,2.01349228061647,2.33685963209265
4659,0.147398786275848,0.139605503298593
4660,-0.473645022458961,-0.410665968462751
4661,0.71612208169212,0.650468480397178
4662,0.512375792181405,0.422215748882039
4663,0.00858816072673451,0.00902989129305028
4664,-0.914439262502191,-1.25275412120897
4665,0.852561953148049,0.777575440712922
4666,-1.19341587405319,-1.46969914818504
4667,0.140974169720097,0.114815462788557
4668,-1.61478039193738,-1.66811217427528
4669,0.223574922114806,0.248961306734265
4670,0.817175747684509,0.699329762442613
4671,0.399963264668884,0.404103880133269
4672,-1.50962182270399,-1.5526760088887
4673,-0.241137385373441,-0.334182654810366
4674,-0.675036863077881,-1.5665015218415
4675,-0.0861639432922852,-0.0949007936089854
4676,-4.46952892494531,-8.1848055809117
4677,0.957549010807925,0.861686028546508
4678,0.677569362216178,0.703097107125783
4679,-4.47528872322358,-6.18822810872304
4680,-2.76815481853072,-2.99063632706137
4681,2.06313809562057,1.85667312631275
4682,-2.49981326070706,-4.8481959426527
4683,0.780107699017858,0.839654608460698
4684,-1.00470849922321,-1.12139953279285
4685,2.25195815823277,1.63183597388705
4686,-0.23863478329006,-0.35665725268831
4687,0.286280714073307,0.301054389626957
4688,0.0284293559748683,0.0373420883745636
4689,-0.591991113755298,-0.64944963223965
4690,0.0525853210902988,0.0390137590865661
4691,0.580027666235237,0.676900628981756
4692,1.76113101511744,1.35039121440119
4693,-0.34687166569618,-0.424736859593049
4694,-0.0449986373994323,-0.0640769917857191
4695,-0.450078439399912,-0.398612691515601
4696,-0.07833671406051,-0.102585467536181
4697,0.102932364183287,0.0672666109986894
4698,-0.907695281642233,-0.712795574249848
4699,-0.0729775581624018,-0.0842812956953057
4700,1.07845789209636,0.938004178184158
4701,-1.93883425758679,-2.53875167185925
4702,0.903653739689871,0.84632229687718
4703,-0.749862169400926,-0.750310847147432
4704,2.29436910411052,1.62877961217955
4705,-0.146180278617129,-0.202170827697901
4706,-0.671845241416493,-0.613002323444696
4707,0.700706483897229,0.575367499089667
4708,-1.08696928551144,-0.996256087395106
4709,1.36393729117727,1.59204593101443
4710,-0.247593972868001,-0.249699426745745
4711,0.880230016000094,0.748550369681032
4712,0.0082076041374264,0.00840861800603388
4713,-1.13803762879969,-1.40987287389365
4714,0.499977557881838,0.643896724546827
4715,-1.31113959418525,-1.38184494851084
4716,2.21755189905147,1.65880012855722
4717,0.389970310963514,0.392338518619807
4718,0.89842270847053,1.02648797495694
4719,1.47318061640678,1.29380733791607
4720,-5.02468544791274,-5.71858119872394
4721,0.545681876658452,0.435876815472714
4722,-0.726989811933627,-0.808516148695653
4723,0.776437057485828,0.720964756378427
4724,0.225423906548378,0.214404013088934
4725,0.327926939852282,0.266868278502334
4726,-0.961106435219201,-0.950017747500918
4727,1.00975692563857,0.949536587276708
4728,1.0691649579145,1.01540602629788
4729,1.13836105251319,1.21970259485285
4730,-0.579491085157434,-0.789589500716158
4731,1.175138071952,0.78939959168535
4732,0.553063491847767,0.566074054211357
4733,-1.17811541216174,-1.49345057849721
4734,0.872407030762559,0.639222973920385
4735,1.03546266149336,0.790318461928137
4736,0.611530796055533,0.45376806698017
4737,0.823974176213137,0.655431160042853
4738,0.0426071034430343,0.053586135687004
4739,0.000705978354243509,0.000779960791235542
4740,-2.45797390262327,-3.18870000596977
4741,-1.06129038183386,-1.38905525717651
4742,-1.84363671269928,-2.62194152672528
4743,-0.58003804203225,-0.56827999428458
4744,-1.67487258019906,-2.03643013411912
4745,0.16987839241313,0.159966315742347
4746,0.973786630639748,0.793004530860662
4747,-0.35918238401847,-0.306992676713093
4748,-0.0149343926294074,-0.0137471066303261
4749,-2.93141131416091,-3.61469903530426
4750,0.0289602768708329,0.0303584994915541
4751,-1.24487870751831,-1.07538707209354
4752,-0.891501643605262,-1.04245649809628
4753,0.262496910990532,0.244222475636666
4754,0.639962583593521,0.783352718445146
4755,-0.950303646491354,-0.984558861540809
4756,-2.28271076671835,-1.835077036169
4757,0.886879798686289,0.740726357391981
4758,-0.00850465020388421,-0.0103069435861926
4759,0.366475138373141,0.251669199224819
4760,0.957809640794038,1.11868606716006
4761,0.819586740181105,0.785923463398938
4762,-2.34087285546869,-3.44661254069729
4763,0.272727559285025,0.270467436182916
4764,0.0897180701352219,0.105870993219956
4765,0.802198851071364,0.81811938257178
4766,0.69243780227398,0.639257953027056
4767,-4.25485601868064,-4.37601791257119
4768,0.279172315510538,0.244638507009418
4769,0.688984592360299,0.672458959167964
4770,-1.00096823925732,-1.38560780300778
4771,0.534220061581927,0.524691069362582
4772,-0.945611604307907,-0.971087598785623
4773,-0.913885804087357,-0.809116039273458
4774,-3.66710992649254,-4.99147363996302
4775,0.490680180482919,0.338603634654169
4776,1.17232856108091,1.09393204966625
4777,0.860705946734572,0.835053566258691
4778,-1.90277127890583,-1.87042527995413
4779,-1.44074740600807,-1.65355236148749
4780,-1.3409022819955,-2.06384683116047
4781,0.936589951993529,1.02692201087269
4782,0.0906581588843206,0.093924315531749
4783,-0.777350067909105,-0.791268452258524
4784,0.963814957711824,0.780877663998323
4785,-0.543919360429267,-0.87729925997794
4786,0.455450772897055,0.473186476994815
4787,0.211466838829419,0.185218533909248
4788,0.501959309021095,0.381952667983928
4789,0.116879888322166,0.128700532505683
4790,0.225979346002636,0.226896869131956
4791,1.06656865354099,0.923719569127439
4792,-0.614470864732259,-0.555827223180313
4793,-3.39261202443224,-3.29575788254612
4794,-0.833589224046691,-0.662677380244058
4795,1.58999352960539,1.4150016894477
4796,-0.252278788927773,-0.247569428139609
4797,-0.160320898202202,-0.175902511951607
4798,-1.17596753402161,-0.997656712241804
4799,-1.57003334700853,-1.93126673382777
4800,1.34448059653187,0.920526840159324
4801,-1.07665770599715,-1.34508117976171
4802,-1.79295358008681,-1.86400224118011
4803,-0.604521528191362,-0.876102411181813
4804,-0.0152185324526789,-0.0177821607745168
4805,-0.545663226395877,-0.602145454280966
4806,0.534842984487835,0.683465124303016
4807,-2.4276818075457,-2.44790800941837
4808,0.57934787835792,0.788737111527844
4809,0.317725252923909,0.305111501401362
4810,1.50759224416954,1.40922251455502
4811,0.128189911278681,0.137554377584094
4812,0.448368214769247,0.323458116997876
4813,-0.216820970094359,-0.26995101476634
4814,0.847151924041968,0.655849757174839
4815,-1.25349475876201,-1.36210271601523
4816,0.685529648377758,0.574785684807914
4817,-0.29025283999665,-0.474103346597888
4818,-0.687329082949342,-0.81800852088096
4819,1.3411354571779,0.998743964418825
4820,0.627128067418557,0.573746083623434
4821,0.285420700703955,0.249674511760385
4822,1.02422546762801,1.04370712398011
4823,0.833305376151604,0.550080995107512
4824,1.85684570093866,1.54765515441646
4825,0.0279634484306329,0.0288960912247854
4826,-0.0572219036213766,-0.0492794573343082
4827,-1.16693965034831,-1.61110359147197
4828,-1.61149554597335,-0.998844221287948
4829,-3.02342331717851,-3.82859125385924
4830,-1.02680344434552,-1.24465827586043
4831,-2.02319760052366,-2.68941163725027
4832,-2.28291880664092,-1.8963915641192
4833,0.930879595789113,0.634222652178191
4834,0.932149707573783,0.777612420226389
4835,-0.407553257652846,-0.388354817583657
4836,-0.102233248841333,-0.115821025923485
4837,-0.299877938989314,-0.402454305573877
4838,0.941105880163567,1.2306766566364
4839,0.175857439399669,0.129914698036819
4840,-0.30153089658761,-0.346134386271774
4841,-1.40452197783364,-1.5015073336473
4842,-1.00940580827108,-1.02378174572439
4843,0.537694550142889,0.338421497848641
4844,1.16711509757398,1.10099484083434
4845,0.671783689167799,1.10832870627106
4846,-0.108465246259913,-0.171709709381172
4847,1.06017541656079,0.804936830078569
4848,-0.186921362678069,-0.27625237490948
4849,0.720527354775135,0.662110951751381
4850,-1.91065283709074,-2.26228219214571
4851,-4.36088844969312,-3.64017093535699
4852,2.23340237541705,2.38039458288095
4853,0.441291546444521,0.452243026918449
4854,-2.03698200384236,-3.0889750469811
4855,-1.45189911898079,-2.0993970010726
4856,0.383002006790166,0.360803973863372
4857,-1.40498578889001,-1.76339727685525
4858,0.5644705309226,0.440646436428977
4859,-0.016080323959789,-0.0242272720730165
4860,-0.426823251204405,-0.363075346352636
4861,-0.837413759831014,-0.772390028792074
4862,0.959988167888976,0.955501103512903
4863,1.80399560320679,1.2752150615842
4864,0.0815595859290118,0.0765357611490861
4865,-2.60173107167058,-4.52272061803978
4866,-1.35402939362815,-1.67284419927397
4867,0.49941247533089,0.530047330725233
4868,-0.870396431825482,-1.06677149257338
4869,-3.37639042406976,-4.78010578852968
4870,-0.611711309608568,-0.798123591098943
4871,1.76702336412181,1.58285347559305
4872,-0.128487784114622,-0.168267058011763
4873,-0.287209002925416,-0.230369277538049
4874,0.228124311332571,0.417416359356239
4875,-3.18693331038566,-4.33569664738414
4876,-0.616416011096289,-0.785893429828505
4877,0.417002578267139,0.447970615959669
4878,-3.41311688850565,-2.96794675454958
4879,1.16252060519335,1.22637422410464
4880,-0.932040241620997,-1.07690736418606
4881,-0.319543116979351,-0.361187671280847
4882,-0.284975122836166,-0.395074629747397
4883,-2.49903469345988,-3.2927607060769
4884,-3.74266892250869,-4.45340258997487
4885,-0.947690350775719,-1.5128199036966
4886,1.44280173266099,0.993092179237408
4887,0.00142257082560542,0.00127388430680565
4888,0.442803334463374,0.398697954742536
4889,-2.16939206078605,-2.30915005719091
4890,-0.362469251948024,-0.489934724262555
4891,-3.28733908881097,-3.08024244487416
4892,-0.171775497120717,-0.215369155084507
4893,-2.2074577602933,-2.64439159528505
4894,0.267342689032735,0.248810641337314
4895,-0.728888138908948,-0.760786849281665
4896,0.711345528598786,0.981775547625468
4897,1.06094123914993,0.85472053879651
4898,-0.700166250128401,-0.841008963056416
4899,0.643821598079212,0.611199991040656
4900,1.26979072162474,0.93370189399553
4901,0.335080839623929,0.453015947361308
4902,1.51538057333591,1.56176189831189
4903,-2.3193771891823,-3.7846023565369
4904,-0.872763333582391,-0.835403623521799
4905,1.42058187522646,1.05277358410752
4906,-2.44781936391101,-1.7492835801352
4907,-3.3734228230537,-3.92317608302141
4908,1.23247901145478,1.55643134823838
4909,0.76036133103509,0.751085228358638
4910,-0.256489416985645,-0.301327287419067
4911,-0.02943375549474,-0.0411753528964428
4912,0.247520413912974,0.323503956319943
4913,-2.29100270593053,-3.14877413950664
4914,-0.189253363310821,-0.268385361690167
4915,0.335153010263185,0.308161756696766
4916,-2.30761139155926,-3.30374863442351
4917,-0.111233027200978,-0.114368907302262
4918,1.41554348539452,1.23425748814656
4919,0.746290874442374,0.561435272968258
4920,0.954649985300867,0.651052151196451
4921,-2.18543744947044,-2.64818280300709
4922,-0.649709818579472,-0.872136101744174
4923,0.495283621382043,0.780385025137327
4924,1.53586158036541,0.874385177990743
4925,0.524574786023265,0.642421814783248
4926,0.710649648475936,0.580621158326971
4927,-1.44398957344686,-1.37322326128063
4928,-0.497363653912786,-0.915936766783398
4929,-0.431803956739116,-0.64349542145499
4930,-0.37723160780016,-0.576121244371457
4931,-0.41264485723898,-0.374982223269959
4932,0.556736332860359,0.406000071760123
4933,-1.58901596762838,-2.65732853442772
4934,-1.01843903221271,-1.3214097386539
4935,0.718130739013326,1.13993375757208
4936,-1.07185755203796,-1.58388256291277
4937,-4.25882438135397,-5.01712824112789
4938,-0.51051973476627,-0.652270395259974
4939,0.552749779496084,0.65746545354367
4940,1.60168026680549,1.39363728831446
4941,0.0715534165485024,0.0860184295845107
4942,-1.16713441996424,-1.21052629093292
4943,-0.387555850674106,-0.312553507227068
4944,-0.111885108948275,-0.113827815103293
4945,-0.306901979635711,-0.243100728285255
4946,0.828275596041869,0.540837481019934
4947,-0.0848533553543108,-0.0870022918138785
4948,-1.5315332392195,-1.79852053331576
4949,0.754354647413561,0.651013229432158
4950,1.09288491773906,1.27525011201352
4951,-2.1983120502231,-2.21919108514063
4952,-1.32957001170343,-2.17820856343556
4953,-2.29888165638709,-2.45603224790206
4954,-0.653468000428485,-0.864443936729844
4955,-0.306372416669592,-0.28340800003869
4956,-1.06932901392964,-1.51968127668144
4957,0.49540617566279,0.448575941500464
4958,-2.45688157904376,-3.81284736447381
4959,-0.267222917716294,-0.330151511511074
4960,-1.36296675521553,-1.57628683702029
4961,0.126978622598977,0.151342909580788
4962,0.392957608593789,0.396712613140125
4963,-1.80500068354669,-1.8277226199348
4964,-0.390300409212233,-0.458351166590645
4965,-1.69823207440733,-1.95991867314235
4966,0.249585241608849,0.183220840242314
4967,0.976579967301509,1.08462294233453
4968,0.132116083506137,0.190501749645929
4969,0.242563801993793,0.206310956403887
4970,0.777437427026799,0.651547559004544
4971,-1.03121395041542,-0.943871973160133
4972,1.34492475473559,0.96216251389438
4973,0.632424566418242,0.822564174126015
4974,-1.79419183789251,-1.81269936649377
4975,-0.837054988104579,-1.08694315845537
4976,-0.891321186265149,-1.08502519288118
4977,-1.68861456729602,-1.82755178181139
4978,0.397408034897008,0.39921635409686
4979,-1.08149504319355,-1.22989255893458
4980,0.527238103004149,0.423416691514591
4981,-0.654204213585703,-0.905325092576123
4982,0.339340043606093,0.28479852891793
4983,-5.56012568916613,-6.79225724639459
4984,1.93646384203914,1.97558255364042
4985,-1.39976275056334,-1.65397916320203
4986,-0.539148792225087,-0.748266022218814
4987,0.0361601333578486,0.044202206484174
4988,1.1212256285417,0.902114992624545
4989,0.171435090948865,0.14768168903214
4990,0.717078128165482,0.832274932367435
4991,0.420538970046422,0.300639767130213
4992,-0.619787869996321,-0.651838518166486
4993,-0.315406110728402,-0.250460866458056
4994,-0.713617314704437,-0.880847238935753
4995,0.417912373401083,0.453323643965681
4996,0.449097890941731,0.400584750591
4997,-0.551511571713236,-0.696451339530926
4998,-2.9357049633897,-3.85726481001193
4999,0.800797470264875,0.887296585268401
5000,1.43600182405644,1.23408955747725
5001,-0.134933223110265,-0.14897896216065
5002,-1.62938563414888,-3.03441688842473
5003,0.194644232901947,0.144884736114722
5004,1.1842601407763,0.78505237284604
5005,-0.719109832542009,-1.2345909569163
5006,0.054194936284463,0.0571880887251808
5007,-4.76946322522666,-5.56020435030851
5008,-1.16551331098647,-1.21092018096308
5009,-1.73376755746868,-2.09556026405366
5010,1.18429583618242,1.14361047026499
5011,1.42052679735405,1.04308188705059
5012,-2.56900136510017,-2.92753910964429
5013,-0.170138614774922,-0.136881968771861
5014,0.286343858017738,0.215844853823973
5015,0.954468726929286,0.92232322028922
5016,-0.0930067943046426,-0.0987482717301381
5017,0.280635185905288,0.329167465922378
5018,-1.66706395933497,-3.61852204652591
5019,1.32833530137512,1.27116394795434
5020,1.06169547446851,0.97060238000664
5021,-0.428999220764288,-0.480293939593868
5022,-0.393053908635571,-0.607566820479539
5023,-0.260060361568604,-0.209550621604966
5024,-2.50160089347453,-3.35753225040958
5025,0.665559408768597,0.927466838166277
5026,-1.50001708702753,-1.96975001817071
5027,2.06079095311099,1.85178052077525
5028,-1.6181094212286,-1.42867267009518
5029,0.697843058102375,0.37557544761324
5030,0.538217569908051,0.439360688269368
5031,-1.90835983348946,-1.50610883828929
5032,-0.198871671772364,-0.18175818101441
5033,-0.48591974999865,-0.548457504945904
5034,0.390687234227631,0.4040750988333
5035,-1.40672863164861,-1.45252655495235
5036,0.0367005743051653,0.03590493206233
5037,0.579628045297504,0.523264279247582
5038,-1.04819376764366,-0.902902140306028
5039,-1.60844656925107,-1.87576340080908
5040,0.849899261981026,0.906910515817233
5041,-0.783801841259843,-0.715000395188514
5042,-1.02441447025845,-1.04384563170128
5043,-0.615683996815667,-0.742773915150593
5044,1.69955618087137,1.22006284339538
5045,0.0619285108652862,0.0900110595557362
5046,-1.57969404652489,-1.95868707196742
5047,-1.11644503600758,-1.83444194094083
5048,-0.947763907946816,-1.29700281061843
5049,-0.638434956390198,-0.561210474806825
5050,-2.03472575369438,-2.6492090453317
5051,0.031314174290255,0.0285536569801429
5052,0.16797090205434,0.16734083360655
5053,1.30488730152888,1.20773703527014
5054,-0.455149001166724,-0.656617680160301
5055,0.406615732442312,0.355320000011812
5056,0.0690312760634564,0.0821143016396817
5057,-0.858988876039561,-0.570755007454438
5058,0.913392694106459,0.983130298718953
5059,-1.17874016020765,-0.954777367157955
5060,0.0954922559521867,0.0846828257447067
5061,0.730507074728716,0.80631950667836
5062,-0.762689140276638,-0.628006854962285
5063,-0.175383361828282,-0.190472144811085
5064,-1.55884494999879,-1.65105447527542
5065,-0.816525405259163,-0.725651614350232
5066,-1.66360823925888,-2.2871927968968
5067,-3.1372869585556,-3.97661048987856
5068,-1.07838754316336,-1.27181864679141
5069,-1.16690946775622,-1.04901892155174
5070,0.0938611229702104,0.0718101829015713
5071,-0.775900176732699,-0.81540111278642
5072,0.440427301574418,0.560672104067493
5073,-0.715480511635724,-1.00393254412555
5074,-0.425362256767441,-0.594167049329926
5075,-0.459803629835299,-0.398370025444379
5076,0.75210560450958,0.65520675451619
5077,-0.453126930472673,-0.513266670659161
5078,-1.64844905080215,-1.50550251866811
5079,-2.0012131238141,-3.47587592649378
5080,1.34456089602885,1.28463769591345
5081,-3.16179160736682,-3.97855122040379
5082,1.18955019935913,1.50479067307413
5083,1.88661276820423,1.67772544099382
5084,-7.99668963733721,-6.94270505855724
5085,0.464546085041312,0.380359845468572
5086,0.32155288140186,0.288029992243745
5087,-0.815421035980226,-0.758264701804896
5088,1.86591087318863,1.309156550312
5089,-0.612649362038602,-0.564404163875974
5090,1.42869370169018,1.32878998534977
5091,-0.932939697233314,-1.03109865288737
5092,0.00567425302828155,0.00482526000492613
5093,-0.812764183527993,-1.2433001010075
5094,0.632746278235742,0.643216371736751
5095,0.47417552835861,0.459829406210045
5096,-0.833588802686263,-1.04955329592522
5097,1.89785158262566,1.36572457117893
5098,0.132061396574797,0.14245703421288
5099,-2.09082957796667,-2.08330221331524
5100,0.871166171884425,0.862204692028942
5101,0.308203206483415,0.33365341772585
5102,-2.01310204558574,-2.96641385041617
5103,0.493397293893078,0.500575595071494
5104,-1.18681507157787,-1.58353813442493
5105,-1.47172627476257,-2.40782463257575
5106,-0.221532115795201,-0.274650519105491
5107,1.01354735192482,0.900369780385699
5108,-2.00662188483398,-2.40243641332911
5109,1.2971978224878,0.899582023518591
5110,2.12332322879082,1.48091288353549
5111,-0.198169550662588,-0.189471533235183
5112,2.51227011052193,1.44400914610138
5113,-0.296235230027382,-0.412635323576516
5114,-6.58717948407785,-6.77917282430268
5115,-5.97603746449293,-5.20081312397925
5116,0.0802525834680117,0.0980205263586689
5117,-0.324634344421812,-0.391654764304169
5118,1.15186127608383,0.738314479495829
5119,1.22991119046537,0.939863175360198
5120,1.01936004966779,0.852585741687336
5121,0.261496166181657,0.203415973131791
5122,-0.871132834154557,-1.198753022967
5123,-0.157860393682224,-0.139184694318704
5124,-1.31872624031309,-1.81094978218335
5125,-0.532817015220188,-0.543163135358995
5126,0.681954661824977,0.597794274883405
5127,0.109652814755307,0.122629834494955
5128,0.381642743132708,0.351296637366238
5129,-2.15548029244269,-2.08975420413575
5130,-1.02193172158017,-2.55995904433542
5131,-1.12554970146077,-1.54679061502703
5132,-2.02859963596777,-2.72800470157994
5133,-0.889501956408683,-0.870524571331987
5134,1.48615125891417,0.990665309688173
5135,0.521861078056899,0.41812776010509
5136,1.45538460385963,1.38498432169768
5137,-1.51425575793947,-1.869786434234
5138,0.122611030440781,0.094457481347516
5139,-0.89605973935526,-0.814199718400661
5140,1.33657881923181,1.0078527209416
5141,2.1091398790138,2.13962719933956
5142,-2.00679155992692,-2.12475246020645
5143,-2.70073005526119,-3.67898289470844
5144,-0.0228061035513262,-0.0192876261659218
5145,-0.238320346206807,-0.294791930391134
5146,-1.66364159334173,-1.37247937032171
5147,-0.497699978106518,-0.678556027327631
5148,-0.720912043394642,-0.680585762854448
5149,1.80380829700236,1.17236924266072
5150,1.82462528528103,1.17644814960222
5151,1.01054079790113,0.81220163058279
5152,0.481713846996174,0.506325003114349
5153,-0.939723357079597,-1.00214952334188
5154,-2.3794951551363,-3.18315947989732
5155,-1.30800048601576,-2.51017286864602
5156,1.3147546536915,1.28993207172062
5157,-0.417954565403509,-0.40762708724964
5158,0.335233416179566,0.268111724057126
5159,-2.57271495944069,-2.88952624414554
5160,-0.562656372555646,-0.535875107209539
5161,1.25949103056377,1.186344005197
5162,-0.442017531082545,-0.449397708329717
5163,2.17629677599573,1.48550651495401
5164,0.145755344656135,0.144875166632049
5165,-1.1043625580913,-1.56489531483898
5166,-0.00883391293006824,-0.00950703177258944
5167,-0.285452298490244,-0.346351626323967
5168,0.615721942738918,0.590402017119322
5169,0.99988999466203,0.718778817838601
5170,1.16402049966658,0.941437716289535
5171,-0.563951586939723,-0.498540960197455
5172,-0.246654770775486,-0.470585067980307
5173,-2.32225587870251,-3.28911429601396
5174,-0.133405974991841,-0.144397442744091
5175,-0.604015611147355,-0.637478681430862
5176,-1.12684421933226,-1.29039759005115
5177,-0.147653489623966,-0.173407724837444
5178,-3.8828099015394,-5.25438570534647
5179,-0.567075103273654,-0.701100947430842
5180,0.0824860373722434,0.0738391147891542
5181,1.82726154844857,1.22071227537755
5182,-1.93351846197694,-2.32330472869972
5183,-0.326048661959813,-0.355189025746733
5184,-0.683661830246547,-0.802527537940395
5185,-6.28032149883191,-6.85104494112854
5186,-3.77983266674276,-4.62804623051374
5187,-1.39626361651808,-1.62815021727092
5188,0.938380451363743,0.86423635375754
5189,0.547443886072027,0.533396189509999
5190,1.16566391980435,1.01848680501942
5191,-2.03180027658072,-3.26792543949645
5192,1.93867224548028,1.65326967996822
5193,-2.03729306919884,-2.27803600201832
5194,-3.23007586331781,-2.85694399536721
5195,-0.319933629526374,-0.358187144571268
5196,0.731044604261469,0.609525860109427
5197,1.26460160347249,0.99199454153835
5198,0.708128147634134,1.2485582686589
5199,-0.332741700786155,-0.358436648066431
5200,-0.57856558072338,-0.96807495489994
5201,0.768425332340543,1.08069231828034
5202,0.0715634920722441,0.0690600168541936
5203,-0.665130879272047,-0.618055972873176
5204,0.244961385096043,0.244082937954989
5205,0.656597233883213,1.13698141267025
5206,-0.790615580225826,-0.849055062388613
5207,0.417975170623004,0.332702092499227
5208,1.56812568038662,1.26108056653495
5209,-0.272468335438902,-0.339269787187713
5210,-0.494240638628964,-0.54957240836633
5211,1.29177839864797,0.898276808049328
5212,0.15941999202771,0.148311208116949
5213,-0.429011084164316,-0.507842667055421
5214,-3.68463148343505,-5.53563942864076
5215,0.284311950690789,0.23356872845121
5216,-1.26468365201383,-1.75244016741994
5217,-1.73774409409701,-1.92196326272842
5218,0.235012424578216,0.179745367218189
5219,1.66670809128765,1.11469701128426
5220,0.124482317962001,0.157903254359846
5221,0.804083242563018,0.824092660339751
5222,-1.33845581411507,-1.24614923303989
5223,1.35571814488297,0.906020878270715
5224,1.58105550202818,1.34573198226879
5225,-1.39737317844036,-1.53091365481784
5226,-1.18063846985883,-2.26318329082776
5227,-0.483555071510803,-0.36080911917781
5228,0.0271086593857242,0.0336160351463392
5229,0.524868558271971,0.456187118064055
5230,-0.6628425128654,-0.565521686206091
5231,-0.199543775319304,-0.298806816056188
5232,-0.435004385744963,-0.396730679531194
5233,-2.40274470819589,-2.25289987027013
5234,1.65838983464334,1.07981630602551
5235,-0.583118408081183,-0.497596947179226
5236,-0.421606975876362,-0.326761319719534
5237,-0.92019153365174,-0.963633125049436
5238,1.97785847541049,1.45067711068262
5239,1.02462309378198,1.1255421664605
5240,0.394223748889637,0.46682746754027
5241,0.370059374509614,0.395655683715327
5242,1.4878834405203,0.951539921934572
5243,-0.342758983066964,-0.398918065089568
5244,0.0893427989839887,0.0708869550335788
5245,0.64554304264694,0.489382515834833
5246,2.46291645732709,1.6986044554841
5247,-0.495258676095846,-0.563185217395733
5248,-0.712600827132842,-0.700112321614106
5249,-0.105351967903939,-0.140814156335943
5250,-0.0447825579352542,-0.0496223388159861
5251,0.704649460449861,0.423089906266389
5252,-0.368014193620094,-0.350610140723848
5253,0.515829263478586,0.503167659603927
5254,-0.183961410352719,-0.164686664661953
5255,-2.38474507698635,-2.01167303029016
5256,0.370498758419071,0.425787570168144
5257,-0.961688719503864,-1.12436868625735
5258,-2.60268414099452,-2.27981954405417
5259,-0.507077952063276,-0.804700579534943
5260,-0.00430972022126747,-0.00730384395121989
5261,-2.37301247023754,-3.81480902669193
5262,0.483417891249868,0.444482949442038
5263,-0.881638603430289,-0.878173829654101
5264,-0.463999199013478,-0.389969503410979
5265,-0.556391191672048,-0.625386767073382
5266,0.103530215799408,0.112641388921088
5267,0.0435994610555582,0.044363227565143
5268,-1.18966722770987,-1.19053449562819
5269,-1.32806226624795,-1.98252520104401
5270,0.543965576917995,0.481710474211318
5271,0.666756280945927,0.544204421659877
5272,-1.50907542329577,-1.2060487473492
5273,0.205083177917168,0.183095436479025
5274,-0.703422055240983,-1.17744604990512
5275,-2.10943087902824,-2.22294437964999
5276,0.646451340563665,0.714660588189321
5277,-1.28827393843251,-1.358090188927
5278,-0.110592350300568,-0.127207233094697
5279,-2.14332434354646,-4.03259725924853
5280,0.399880263308594,0.323937095111907
5281,-1.50597675346507,-1.10969648749076
5282,-0.314904897822339,-0.373896076970952
5283,1.23576339128993,1.15195096057664
5284,-0.882034859753037,-0.826537583133223
5285,1.48215168256432,0.896809372894085
5286,0.151835784200352,0.194686634028712
5287,-0.0729276921720427,-0.0928529008200484
5288,-1.68653477802759,-2.56883861192317
5289,0.792506993485933,0.879722108048361
5290,1.19872795908449,1.30046353692251
5291,-0.893417145535411,-1.22947991945653
5292,-0.0219525260581207,-0.0223735676746939
5293,0.356538729833125,0.572941790937076
5294,-0.779171703534145,-0.968524718353337
5295,-0.21200003108774,-0.31741437038144
5296,2.20861024700947,1.8615871846708
5297,0.532390452804065,0.402322338715482
5298,0.510144739197929,0.56692045392591
5299,0.250825162729134,0.250803614900676
5300,-1.95854677620511,-3.20067538619129
5301,-0.782520537617836,-0.691679709793359
5302,-2.48772174121699,-2.70405795025656
5303,-1.55536180210847,-2.2249822386462
5304,1.75491022002711,1.43432359331006
5305,0.920799043772202,0.950615210314726
5306,1.29208991362445,0.932878253609042
5307,-0.273298057584431,-0.365413005554821
5308,-1.45093997446441,-2.10006951631958
5309,0.979158351470433,1.06458563819046
5310,-2.73046469647826,-3.07185533189796
5311,-1.37239062970725,-2.15239620571209
5312,-0.616898203216171,-0.659149472796327
5313,-2.24910883128141,-2.72703229771385
5314,-1.52110687743653,-2.49905333190112
5315,0.302513214880591,0.237864578124365
5316,-1.2130469724089,-1.78780798486425
5317,0.150911289153023,0.197010573548661
5318,-0.442020815805078,-0.408483951143084
5319,-0.819131329713027,-0.722198043905786
5320,0.318392901675367,0.206634453254693
5321,-0.791344658090234,-1.04515785680938
5322,2.21480497252043,1.96170764893462
5323,-0.996212223341528,-1.93107310694374
5324,-0.48924222220748,-0.486873724421591
5325,-2.74027673932485,-3.29608177303461
5326,-0.142664763810926,-0.15552112922669
5327,0.324949110786546,0.38984032031159
5328,-0.219476841326982,-0.167311718340012
5329,-0.511743490885741,-0.511772077931931
5330,0.121755326239439,0.152782496121873
5331,0.579192170004028,0.386211367084038
5332,0.358149314046654,0.296124117472223
5333,0.0380892453786602,0.0674985621216982
5334,0.00210047181328947,0.00162513013565689
5335,-1.57880368812466,-1.63873737495382
5336,1.06065300561835,0.788498013140677
5337,-1.79338558222449,-1.52234812186468
5338,0.138956195363008,0.130573033650516
5339,0.653156249054125,0.511149161064659
5340,-0.791484076685506,-1.14795490753906
5341,-0.248358060866175,-0.467704654822502
5342,-0.388429076046874,-0.494141706146486
5343,-1.47837305862702,-1.78331091557693
5344,0.742333057049677,1.64802623057333
5345,-1.30267533851481,-1.1979109780927
5346,-0.34508243213907,-0.306318845948275
5347,-2.30938134502823,-3.39379175689852
5348,-1.95852597868775,-2.31570550296696
5349,0.853616889021062,0.940420951779905
5350,1.69215423663588,1.88363951068277
5351,-0.334505806537744,-0.501176705908071
5352,-0.548452324531392,-0.851238047649311
5353,-1.0716970562711,-1.16096960114597
5354,1.63082736644644,1.37810866241653
5355,-2.06004410062714,-2.61914298878046
5356,1.82236485630446,1.72526125599276
5357,-1.70454358900328,-1.25234737079481
5358,0.962742292052147,0.664703713614786
5359,1.70890116791331,1.06176445581672
5360,0.37698924455192,0.394262715845256
5361,0.327594324966688,0.334234965588393
5362,-0.521467571840537,-0.444326308508672
5363,1.65347235322685,1.30052986478876
5364,-1.2788708810766,-1.70622901655965
5365,-2.00218264687766,-4.55597255898954
5366,0.61538875416593,0.559055924056473
5367,-1.01198139382935,-1.83529487711157
5368,0.250402422627933,0.369360176290225
5369,-0.0431108363906178,-0.0339769110842742
5370,0.0870708248422316,0.0807745593458989
5371,0.520752357903625,0.40573692179503
5372,-1.66200889695378,-1.67968285811499
5373,0.76853429599291,0.727545076496022
5374,-3.12401273968288,-4.99135882150966
5375,-1.33184167373594,-1.41115851716011
5376,1.94868774091203,1.421310730523
5377,0.0643295237980612,0.0523311938200646
5378,-0.176121166675682,-0.182575936359577
5379,1.59657117460556,1.13336573952606
5380,2.37734100862528,1.5330018993659
5381,-0.50066214013443,-0.694573428448555
5382,-0.807459390424751,-0.885917945407408
5383,-1.2535673403549,-1.06910402418725
5384,0.613691184376261,0.536492987733443
5385,1.82268292785919,1.70507723204441
5386,0.848294587755418,0.856413899742588
5387,-2.71476033756834,-4.61068126394831
5388,-0.860969353661725,-1.00442993624317
5389,0.597100634497239,0.483991818675972
5390,0.172987682712588,0.140204107366714
5391,-1.90491652934159,-3.74829513347829
5392,-0.258235920559039,-0.234504095842651
5393,-0.304863176082322,-0.251394072554815
5394,0.910305956792293,0.723598457946185
5395,0.790175105461426,0.827010840230493
5396,0.198534635569008,0.244809815732154
5397,-4.76967621671471,-5.30634407067406
5398,1.42677369996061,1.56813620665067
5399,-0.0279614476752315,-0.0319765223241186
5400,-0.290149227758527,-0.293030564699377
5401,-1.70492798423092,-2.87972692579493
5402,-0.203533130453744,-0.201603863754519
5403,0.180772316953488,0.330034280727522
5404,0.401393800702424,0.374214277384041
5405,-0.28749764179063,-0.242772894604743
5406,1.95047031690077,1.89018401101386
5407,1.08210145188184,0.876663387726806
5408,0.688040424554254,0.536531796175119
5409,-1.79681743763276,-2.52982692685168
5410,-0.19708898780596,-0.161924264207128
5411,-2.56578040453437,-3.68226428334513
5412,1.25526690445833,0.874054122938717
5413,-1.26087390266135,-2.21853253011465
5414,-0.925018548564594,-1.05502117314257
5415,-0.857264864046127,-1.49778727554461
5416,0.0334785838577856,0.0329543809576769
5417,-0.211153391882964,-0.276350124575859
5418,0.44750770989287,0.474742002708632
5419,0.957748734823296,1.15586215138173
5420,0.871198626249877,0.740076930769355
5421,-1.41342664280948,-2.03060449818721
5422,1.79356242216009,1.60680505265242
5423,-2.12795808294003,-2.0104855495856
5424,-2.78835809284372,-2.21088121652272
5425,-0.15870975605909,-0.188605656929672
5426,-0.299760830877741,-0.291288147365817
5427,-1.17031091973087,-1.14640172261193
5428,-1.3342478501375,-0.884050832653736
5429,0.637751651772348,0.74889047199107
5430,0.163451797900502,0.158906637723172
5431,-0.767881914634401,-0.780020792278461
5432,0.945620814767692,0.906737136089426
5433,0.456871635772051,0.781296325310489
5434,0.0886225688774179,0.120315482823508
5435,0.640184898267363,0.619136813317515
5436,-1.21229238735081,-1.59711312852571
5437,1.12573177705407,1.08758377925465
5438,0.203263701798201,0.274883594225877
5439,-3.66233864199352,-4.08315324664956
5440,1.96781414545187,1.47895015256308
5441,-0.241072134589849,-0.220653220001803
5442,0.0826618724990075,0.103175671878224
5443,1.24617468139666,0.737780680692345
5444,-0.819020712524651,-1.15514335973569
5445,-1.10124401133512,-1.3450091765581
5446,0.637784601783086,0.805723666262123
5447,1.28225798478463,1.05163716890496
5448,0.882995298707299,0.750779662941435
5449,0.824008701596627,0.959578951707827
5450,0.843411459999412,0.971837780895184
5451,0.745073303948412,0.735948777695008
5452,-1.26330794366329,-1.73060039828851
5453,1.60944056680668,1.27634283414504
5454,-0.768962583544981,-0.964851707922739
5455,1.41946540413188,1.42538752798276
5456,-0.608426187236363,-0.596861765617031
5457,-1.61258932849514,-3.68802528553044
5458,-2.9068742392369,-3.30308465690195
5459,-0.472926968455302,-0.728410789029354
5460,-1.07768197805365,-1.15060778377716
5461,0.375327518656747,0.364359211417047
5462,-0.0389380659598731,-0.030647261291083
5463,-1.90420582428499,-2.04136713570754
5464,-1.16261696007369,-1.55288056031678
5465,0.39392557052357,0.401828235472416
5466,1.65572712678265,1.39741671903095
5467,-1.13975442856436,-1.17623666378321
5468,2.34275517464001,1.71332270342252
5469,0.333219813999438,0.368856926006087
5470,-0.00414811806658485,-0.0081663019345795
5471,0.894448724714108,0.838847052557945
5472,-0.382040708602584,-0.33318505843872
5473,-3.32174747520398,-9.21070353155636
5474,-1.25703158650779,-1.26920172493748
5475,-0.126896920656446,-0.155641610768224
5476,-2.39109432661359,-3.0257816745303
5477,1.08426149902224,0.871213147823187
5478,-0.448906221711759,-0.460173414783305
5479,-1.27904491628681,-1.07956403845497
5480,-0.965194263042764,-1.24876013158102
5481,-1.12002792918934,-1.2375546506633
5482,2.21769378657949,1.52238538684481
5483,0.881510241651059,0.945981131832233
5484,-0.781257925378417,-0.827681429051627
5485,0.290876167121292,0.231885161396187
5486,-4.00790591972755,-4.04711270622699
5487,0.586241940143661,0.954202327888688
5488,-0.121635059268839,-0.112358583754877
5489,0.292564338066872,0.430308757186886
5490,-1.69167920315891,-3.71254813380021
5491,1.67644131166513,1.43671651646592
5492,-1.71969193036818,-2.1590412917474
5493,0.87422799619941,0.624317001031977
5494,0.919208833017243,0.598419112024651
5495,0.613257122713562,0.832597240823901
5496,0.815533612303279,0.875345239716183
5497,0.279069078772969,0.231565997941151
5498,1.00370362303534,0.807594182713122
5499,-3.87540360733196,-6.33538190157029
5500,-0.20237020469128,-0.236322208349955
5501,-0.313070660328812,-0.319624307742841
5502,-0.560505768145375,-0.479676160287773
5503,-0.121695619117529,-0.0962351041581976
5504,-0.218609658329564,-0.283482108554761
5505,-1.64760598328521,-2.2537468517398
5506,-0.564536670260386,-0.543004081448921
5507,0.723999637916673,0.565081287807918
5508,1.53467927069707,1.83066813794872
5509,0.856618693802789,0.807894837844714
5510,-1.38681775263211,-1.66365354357262
5511,-2.14914290213938,-1.60583108018091
5512,1.50928961831353,1.52503562809899
5513,1.02497422710745,1.08849504288733
5514,0.626704138893811,0.555245854453734
5515,-2.07447864401091,-2.10617388494774
5516,1.07315843804322,0.871463571390653
5517,0.752332433180192,0.653457502257358
5518,-1.58300902094392,-2.50743183615923
5519,-0.0865219114995993,-0.0806369823084268
5520,-3.87586277336894,-4.74078879636143
5521,0.684720349610374,0.522022563612137
5522,-1.17815721669235,-1.12220720894345
5523,-0.919963042802095,-0.842526869004134
5524,-0.136403715240398,-0.13613282041879
5525,1.13803918375972,0.954725203048174
5526,0.480362952016326,0.527340227741111
5527,-0.519129208409288,-0.428507865587594
5528,-0.124461604458901,-0.143823539829633
5529,0.603561959982069,0.567239968986516
5530,1.38303405465986,1.3105189894441
5531,-0.20918663111559,-0.231056203435508
5532,-1.50924855049346,-1.25413726348237
5533,0.503262479840084,0.610833813069281
5534,0.401257343216319,0.282066373963318
5535,-0.269633665055714,-0.421420773674194
5536,0.27297085331583,0.288628819762276
5537,0.133343860197332,0.109892040607984
5538,0.36569142773589,0.336700153124922
5539,-1.33634164533379,-1.50664948442036
5540,1.60909873980391,1.22112982585831
5541,-1.38583890577724,-3.33945333588037
5542,0.286730492219221,0.164499513443434
5543,1.67834152796501,1.50215301537856
5544,0.884207808660421,1.0309299015309
5545,2.17553114418223,1.8691339071812
5546,1.23648421371489,1.02072431648581
5547,0.870281609947542,0.630448398694725
5548,-1.24462297166372,-1.23059963567957
5549,-1.35130111441296,-1.83581535792044
5550,-0.624231345613057,-1.13393307708985
5551,-0.865433245207138,-1.06701198905762
5552,0.974312063097549,1.01817114656723
5553,1.28897683613768,1.7549140263965
5554,0.874796778264477,0.685383973151471
5555,-0.202784235296507,-0.415955876509932
5556,-1.38937734390237,-1.437843785603
5557,-2.48869723493843,-3.34036399545124
5558,1.25909665977193,1.68131873407359
5559,0.558203426329471,0.74523614136459
5560,0.185411453201335,0.155143601282287
5561,-4.61301887177859,-6.87737327517298
5562,0.135212181324946,0.157792123718155
5563,1.17186373551068,0.984131754141246
5564,-2.14072909762385,-2.43897975928803
5565,-0.530552955285174,-0.609859829844681
5566,0.322416197273727,0.442356762498524
5567,-0.611845805592702,-1.02155697383301
5568,2.36875344355334,1.94446927938143
5569,-1.14014133989098,-1.20252011013125
5570,0.0575615812216416,0.0511296266905918
5571,1.6474582704207,1.27363055760072
5572,-1.48425615451913,-1.541792478719
5573,2.4376126734364,1.99141501685423
5574,-1.90629946969816,-3.23539442734754
5575,-0.462730824389893,-0.377945948504606
5576,-2.3590765959614,-2.88226198684581
5577,-3.80604958157018,-4.14429555930313
5578,-1.90708359705368,-2.77857828268893
5579,-1.47482965457498,-1.34502440432313
5580,-3.65935941229716,-4.47559187692071
5581,1.85677253274121,2.08844257995601
5582,-0.770278631244099,-1.1828924293517
5583,-2.11595507288551,-2.55596395462255
5584,1.89585163340487,1.19411147044223
5585,-0.635967576917148,-0.831614133910544
5586,-1.3627145580866,-2.35553401552643
5587,1.21590281988601,1.02860442665868
5588,0.510359518830104,0.427028890964265
5589,-0.712536375716517,-0.81542136542338
5590,-0.860925178930501,-1.11914267206714
5591,1.99188073640182,1.80541654262023
5592,-0.0984942561007074,-0.080967259894953
5593,1.3976232484574,1.02958455356224
5594,-0.255203939539918,-0.180745562176191
5595,0.558487969000553,0.461469838147843
5596,-1.28792707317351,-1.65904452688671
5597,-0.982601172677696,-0.588476622153052
5598,2.37948913403509,2.01576019266923
5599,-2.23683981460768,-2.08537448835627
5600,-0.367456243301904,-0.29367420284598
5601,-0.977761711944701,-0.7745434559649
5602,-1.92325279692543,-2.16368313528807
5603,-1.34562670508277,-1.0959969597652
5604,-0.606648298157269,-0.590073490537911
5605,-0.860050783665775,-0.80737414641923
5606,-0.227291236675812,-0.208574543028451
5607,0.522072290789669,0.55346604640883
5608,-0.0200538983935464,-0.0159816210654853
5609,-1.57637392133975,-1.40923201315539
5610,-3.34784436742307,-3.9258471733027
5611,0.319918266393878,0.239147690551118
5612,0.240685134047969,0.233792632090229
5613,0.516368349252918,0.614205385717859
5614,-1.30570470468879,-1.67899117420212
5615,0.409462778025851,0.387231731870633
5616,-0.470238714522761,-0.6908654305655
5617,0.439896208842821,0.457715442283725
5618,0.255163502696513,0.287579512666156
5619,-0.468589173941508,-0.553710640394911
5620,1.04004346263367,1.40604048918138
5621,-0.598175350427696,-1.02059402271283
5622,-2.01100020094568,-2.78169029755057
5623,1.73622868559257,1.12109382422938
5624,-1.8743724934527,-2.15065848969823
5625,-4.63229211244406,-3.95672141687354
5626,-0.0421610202501545,-0.0522279053689375
5627,-1.21822824368567,-1.11834250642142
5628,-1.99963655640689,-3.84858541609466
5629,-0.442629578115087,-0.559516512915894
5630,-1.33297338351787,-1.91838077480851
5631,-3.57068660189689,-5.19660557537442
5632,-0.499572700416669,-0.728344198641592
5633,-4.76790050707539,-3.81173644934825
5634,0.499359058165087,0.620355938441558
5635,1.3099142097964,1.13659907882321
5636,-1.26540068208432,-1.44486192936084
5637,-0.664140552647062,-0.516106865944395
5638,1.12151708527673,0.807569580984908
5639,-2.04640487313473,-2.53045569539565
5640,-2.31296140939999,-5.03849945212048
5641,-1.33234742032176,-1.47820166493473
5642,0.125285761816543,0.171382661488817
5643,0.769814628114307,1.17708074192388
5644,0.811363642901556,0.868058697722732
5645,-0.167292332876878,-0.180659224108311
5646,-2.13197461156689,-1.99867642423987
5647,0.133130314217115,0.152198045611508
5648,-1.12558103559832,-1.6251999649826
5649,-1.26126768122913,-1.20726809342382
5650,1.00354790296067,1.08965016086684
5651,1.18108883692445,0.908471621984482
5652,0.346802218462959,0.315773330258301
5653,-4.45667732807899,-4.99623693104431
5654,-0.0906866858480602,-0.11101013781188
5655,-5.52246737933171,-7.46572865043439
5656,0.764842013900648,0.732279449773705
5657,1.93703245804764,1.80454286160412
5658,-1.55391170848965,-2.03541163951817
5659,0.57898656796067,0.64232224622263
5660,-3.36428449449032,-5.02711524610875
5661,-2.41045225954704,-3.35785221629308
5662,-0.638369279317768,-0.767589347947829
5663,-0.624428623070947,-0.760979147853384
5664,-0.975827546117813,-1.21611692703923
5665,1.28964212570406,1.30436311714665
5666,0.151141373657296,0.178925364474878
5667,-2.03825025125163,-2.00267478729748
5668,0.794775710758017,1.13940529326904
5669,0.659722624359332,0.992704403804158
5670,-0.211763113387917,-0.253895787290003
5671,0.475564952703931,0.519889794702614
5672,1.89089388553138,1.27557970157102
5673,0.751896408141245,0.877609448493676
5674,-1.05644611147588,-2.13875009935905
5675,-0.715326858171903,-0.544731420822664
5676,-0.747675125595582,-0.615725590764153
5677,1.49772880357791,1.95391947263587
5678,1.02480349145333,1.19843473998304
5679,1.7956460630717,1.91347002901731
5680,-0.765879964078016,-0.892888734013437
5681,-0.0350319679764481,-0.0621466539269903
5682,-1.06985429477979,-1.31906205631242
5683,-1.82854291546759,-2.15449038227907
5684,0.170497455100564,0.204922696387452
5685,0.973013167794471,0.687207527556059
5686,-2.33441173015311,-1.88621154837421
5687,0.0338473329957689,0.0348278585124065
5688,-2.04281560071608,-2.2343102368228
5689,0.320010271249615,0.283285425618676
5690,-0.687845150932506,-1.08765643885857
5691,1.22197952444385,0.935177154208309
5692,0.662312529964128,0.694494932948602
5693,-0.935733116492745,-2.12975412588478
5694,-0.713070646902252,-1.13674978556442
5695,-1.48223435912932,-1.24437027664324
5696,0.178879442714479,0.229695426229011
5697,-1.28608538603441,-1.94107495947524
5698,-1.04475747344716,-1.80440215579028
5699,0.0449804206279407,0.0422818327450483
5700,-1.01483944350028,-1.16483305903723
5701,1.82249384228819,1.97653587449494
5702,2.12025151447981,1.32258855985464
5703,-1.24489333308923,-1.26611511417509
5704,0.437040117414053,0.777233571899817
5705,-0.203019220677216,-0.229757762357615
5706,1.18464987653038,1.04940333489297
5707,0.0721462699689315,0.0840752656386167
5708,-0.639744832424154,-0.774013676993745
5709,2.25825880674619,2.14135190951486
5710,0.939137435340398,0.664600776246759
5711,-1.26806901872014,-1.66886185113946
5712,-0.269927966453885,-0.268478845503476
5713,-0.226267338613478,-0.207800357204827
5714,-1.42737174332232,-1.95500124930477
5715,1.10456209458692,0.835418008539654
5716,-0.36933195725382,-0.528744340730166
5717,-0.329660237663341,-0.346057812356666
5718,1.55632082017081,1.12873140285323
5719,1.44934294873169,1.0920575986899
5720,-0.522199846461459,-0.679172891610821
5721,0.479908797732545,0.603948061230963
5722,-0.0278037194179914,-0.0359953480220864
5723,1.40590952525699,1.05585882038448
5724,-1.57444894080208,-2.21681722179336
5725,-0.151878142757883,-0.17893884149513
5726,0.157772737310346,0.253337686548136
5727,-0.594762195812852,-0.815480943999601
5728,-0.27776271844132,-0.317588418594751
5729,1.55755797763345,1.44971274142006
5730,-1.06133277820872,-1.15732464056174
5731,-4.03416640128765,-5.1216374480086
5732,-1.76491251393927,-3.08380632237235
5733,-1.80658877510423,-1.6419905508203
5734,0.228947807346434,0.205738445828598
5735,0.829950718952983,0.907568644198609
5736,-0.17576220430946,-0.182558439049973
5737,0.65811362333202,0.644187375692617
5738,2.11269510825376,2.378900017945
5739,-1.69606120955823,-1.95899918896716
5740,1.4590909651852,1.08851476404098
5741,0.0525506072694332,0.0691727417251021
5742,-1.76022463825445,-2.35772546568413
5743,-0.449455130935788,-0.515964213986236
5744,0.468256602047417,0.658929941488265
5745,0.499703018622163,0.483338543371467
5746,-0.358277154920063,-0.307869065597182
5747,-1.76882678733651,-1.80616833939905
5748,-0.0905620113481511,-0.0897108368908751
5749,-1.93444153313503,-2.62212888274376
5750,-0.605893292344729,-0.781839020167453
5751,0.533623429844087,0.399686876159772
5752,1.28752576178442,1.4001934399548
5753,0.651247558421832,0.873084873675374
5754,-1.92006960796028,-3.58244678929281
5755,-2.96879410488702,-3.59321229745782
5756,1.10230188299023,1.0009614736058
5757,0.246733274821889,0.37790371754206
5758,1.39136740703715,0.929027077293376
5759,0.515212949448119,0.651570549761025
5760,-0.176840358501033,-0.179283050639096
5761,-1.89548169102029,-1.59638980653349
5762,0.681001676568858,0.548491804747934
5763,-0.0642346703728003,-0.077608708627234
5764,-1.51621511878056,-1.70971015055079
5765,0.930804379657821,0.939096253910106
5766,1.31580118389729,1.30946652374125
5767,0.536034649270748,0.372176505336906
5768,-1.00419729273456,-1.50420191852616
5769,0.677865415171246,0.456934080316377
5770,0.462327452203722,0.417479977048182
5771,0.77013845548589,0.709225294320467
5772,0.111611773574924,0.0965943299847076
5773,-0.853491480362253,-0.846348907811561
5774,-1.87908978211281,-2.41922904677633
5775,-1.19311900627571,-1.77365541920628
5776,-0.424514162858612,-0.562815214685736
5777,-2.52438706095095,-2.50968718925371
5778,-2.78843019189153,-3.84924255304171
5779,-1.3300564167322,-1.35340400454509
5780,0.857915456220527,0.932038204124309
5781,-0.194767074053053,-0.174983184000293
5782,-0.640330623602042,-0.714899669948332
5783,2.28742076272388,1.88228786882925
5784,0.270959337761462,0.184769525561412
5785,-0.454232975369028,-0.598812032623929
5786,0.256425266706101,0.284802865955883
5787,-1.30201130148625,-1.45486278895727
5788,0.232927870050277,0.248111210450166
5789,0.63430097492548,0.838969878251082
5790,1.25534106669548,1.23749596794236
5791,0.334474567201644,0.235571109325514
5792,2.02650282996804,1.9165835917063
5793,-2.03540358930246,-2.42257415948576
5794,1.59738452422993,1.52863054840275
5795,-0.105600948467675,-0.109575078411129
5796,-0.406809266991192,-0.361065477748943
5797,0.24396109557451,0.163965272082391
5798,-0.0914208710178242,-0.0906976592136323
5799,-0.500816748121243,-0.403174293667772
5800,0.292823343825592,0.334301350415252
5801,-0.278245223217138,-0.273310703686864
5802,1.08589777139245,0.826474746220512
5803,-0.248351070478243,-0.379957886099527
5804,-1.85425689043506,-1.68481587839449
5805,0.727384218428039,0.713666262414527
5806,0.460557658957469,0.497253069772219
5807,-0.215362261455049,-0.250493812254409
5808,1.38358427845024,1.94351173481432
5809,-0.163215273034103,-0.164914833304513
5810,-0.00609887480502025,-0.00711987484373222
5811,-1.35019478294526,-1.96218678293419
5812,-1.59843066378228,-1.55765081734973
5813,0.949560102270695,1.10783365504472
5814,-0.832517857496459,-1.07512768442867
5815,-0.846292213310715,-0.86616365270281
5816,1.00687201329222,0.919144403857097
5817,1.41882620520712,1.27232185158452
5818,-0.751291768484165,-0.906348925071602
5819,1.92772297985819,1.55623288587673
5820,-0.770837114226907,-1.12639165897922
5821,-1.49349311817902,-2.38467682215214
5822,-0.656336484186538,-0.495072518005427
5823,-0.395523771725802,-0.426837204254247
5824,0.303920898134336,0.302584428671156
5825,-1.40014904743676,-2.9569626366998
5826,0.100956922026596,0.175279674331619
5827,1.57761427536778,1.65494632588626
5828,0.242089991164882,0.538049879791404
5829,-3.29942856431446,-4.68680708068956
5830,0.0363585927549059,0.0321708189966413
5831,2.31047318757807,1.854810414647
5832,-1.11849442752462,-1.9343415728851
5833,0.75138916666733,0.560640725907036
5834,0.073017320703264,0.0844595098434171
5835,-2.38439098787687,-2.59319248600476
5836,0.253192287922486,0.358379380668051
5837,-5.4310594820062,-4.7899906256201
5838,-0.600585190502193,-1.58639313418589
5839,-1.65922442451147,-2.77446116739893
5840,2.9433281980502,1.96464963032112
5841,-1.68729379261449,-1.30805426602011
5842,-0.157837304206288,-0.180062725190171
5843,-0.629642429477483,-0.465868901039458
5844,0.53123065787681,0.53487024310978
5845,0.00941539084392293,0.00837945373256782
5846,-0.753763513419032,-0.830689797738447
5847,0.570044448777469,0.546167720686786
5848,-0.555125773095599,-0.549235656191196
5849,0.604667532824079,0.683109265342431
5850,0.390894221469831,0.385796749652247
5851,-0.318580437046108,-0.326278786710721
5852,-3.68807763286222,-3.95992326963518
5853,-0.911142577128303,-1.12505776201585
5854,-2.02628291944549,-3.51692522499129
5855,-0.540568994878691,-0.809391036469614
5856,1.07090610668857,0.904718100169736
5857,0.706462899187043,0.442329975076725
5858,-1.2652293085446,-1.98998481552415
5859,-0.336940252955624,-0.323991022100391
5860,-3.27477811715269,-3.55399510909011
5861,0.192449416591127,0.181014407170915
5862,0.22626156504144,0.221855009463031
5863,0.873696526798663,0.653967252100841
5864,-0.85554694300585,-0.772275732289361
5865,-0.754032909999662,-0.967603779477295
5866,-0.205962992766375,-0.24011795416816
5867,-0.113528064632101,-0.155057096224613
5868,-0.828267701524863,-0.929482313391501
5869,-0.730313591702143,-0.756700605611732
5870,1.82057616255867,1.73932241071967
5871,-1.64930042467717,-1.76356083704018
5872,1.01202248013053,0.945202403019039
5873,0.853594654089553,0.689253081780916
5874,-3.74362544174333,-5.18599723502057
5875,-0.0700936026620895,-0.0590347177185633
5876,0.909676640234561,0.590679685717492
5877,-2.34334236062521,-3.770879526214
5878,-0.595955062944192,-1.03745469128157
5879,-0.854834691038648,-1.09644222216853
5880,0.223077586509865,0.205590190624595
5881,-0.646511114445134,-0.694519571004806
5882,-0.595261349281133,-0.544636484510647
5883,-0.821737158151589,-1.04428202782161
5884,-6.094916308926,-6.67022650174526
5885,-0.0754402401851209,-0.0773671236395614
5886,-1.45443429987066,-1.68957356306932
5887,0.689031141945674,0.658575249777443
5888,1.43262803687342,1.14339695646423
5889,-0.20882051896234,-0.218176156927963
5890,-1.13479359081991,-1.17122877847847
5891,-0.917132328951934,-1.287758472703
5892,-0.708612748723475,-0.813407301534763
5893,0.303339021718759,0.574707321086872
5894,-1.34958134916149,-1.2501192039471
5895,-1.46773897534558,-2.00579793053774
5896,-1.82993673862111,-2.81654594352896
5897,-1.34786412034493,-2.24636625587527
5898,-2.01803779205642,-3.26665612067377
5899,0.242236217514863,0.280721967849625
5900,1.11734054089471,1.22709605291411
5901,-0.53700169627658,-0.615317184073159
5902,0.245875237148272,0.361017386423947
5903,-1.89457218065328,-1.91831287192043
5904,1.40600267958949,1.23197806316856
5905,0.642635710755419,0.509093334236203
5906,2.07163323036176,1.49077583860745
5907,0.848187678039972,0.805728073992914
5908,0.699036402224666,1.14155895119805
5909,-0.817738977088978,-0.99960499014173
5910,-1.03849213999939,-1.2795891144156
5911,-2.76679528908129,-4.10288423705044
5912,-1.10608269016129,-1.20592151404899
5913,1.22795716374546,1.22776615765432
5914,0.262082247979131,0.268201949217453
5915,1.5747314758738,1.1479752717826
5916,-0.918780697400692,-1.39290885845317
5917,-0.826548892707925,-1.3685434329391
5918,0.900368412815032,0.624739178624144
5919,1.30795725292002,1.01945871294372
5920,-0.129591342602168,-0.145705300900167
5921,-0.342554558234314,-0.457195263389277
5922,-1.55294991683358,-2.0686758421887
5923,-0.694411816103995,-0.623320984833924
5924,-0.930489284614646,-1.18814552168341
5925,-1.45630736012759,-1.23717541307183
5926,0.461296466655212,0.448618904354572
5927,-0.658541653834574,-0.812273537156446
5928,-0.244168746165802,-0.358910361032997
5929,0.43468974984793,0.422389100045691
5930,0.635395352768909,0.667055596099069
5931,0.616216980999246,0.471144691080268
5932,-0.28369393162431,-0.362656759576385
5933,-0.203086247731878,-0.238898466408753
5934,-0.551523021439047,-0.680148794160166
5935,-2.05787004259358,-2.24477373949103
5936,0.291689870769422,0.272107671985912
5937,1.69984605707459,1.07125022648627
5938,-0.417432972992065,-0.449045684644698
5939,0.598361754174891,0.833813537067791
5940,-0.525517482012772,-0.65568076911336
5941,-0.861087876859012,-0.711480202614317
5942,-0.205853688462216,-0.224061535772123
5943,0.612975413159557,0.606977344174673
5944,0.232427682998444,0.141090136979465
5945,0.944465217163543,0.751297634954132
5946,1.37657285548139,1.34288094698261
5947,1.06908792057509,0.923926021837344
5948,2.75186548916524,2.55381994181022
5949,-1.09036956361311,-1.15980548941549
5950,-1.09968516261452,-1.16406860786871
5951,-0.279852973849906,-0.304674869816672
5952,-2.15962352894142,-2.16689975484283
5953,0.325590617128995,0.437942671417747
5954,1.62693682283406,1.29196424222537
5955,-1.38884352556302,-1.26857129816434
5956,0.127129141929639,0.118058121671472
5957,1.12579274674022,0.782466674229473
5958,-3.68448019149437,-4.73326822951115
5959,-1.66653820895862,-1.50433280403267
5960,-0.573201146261336,-1.08409860230607
5961,-0.514753520626878,-0.558138998578421
5962,0.640122073856995,0.594465728683286
5963,-0.664244650649238,-0.967507468028321
5964,-3.7418281353322,-6.0915959490748
5965,-0.245828435376754,-0.223618330932175
5966,-1.2431725269483,-1.39661388148537
5967,1.21201275721788,0.887655008621979
5968,1.70194831562309,1.06543323487137
5969,1.10706545034879,0.946635734668472
5970,-0.957303627883784,-0.774402712254063
5971,0.595323655485986,0.524217818957185
5972,0.605996166100453,0.475386565709554
5973,-0.81852975586118,-0.601835279600573
5974,1.11745973585291,1.05372784538775
5975,1.30589059392402,0.950405645679121
5976,-0.184353859347387,-0.191652371232895
5977,1.49349665782731,1.38593480696154
5978,0.17348043094765,0.149664600071424
5979,-0.354231201065378,-0.741181011914268
5980,-2.49328639495294,-2.81503255832244
5981,0.0635062002422464,0.0441428456167999
5982,0.25779049471074,0.341273277429996
5983,1.04965247307236,0.759577226893039
5984,1.73353554517204,1.36428768698209
5985,1.1150143737183,0.930085743371907
5986,-1.57805996325222,-1.85900233610495
5987,1.50057000902533,2.07453852654764
5988,-1.14975470550018,-1.39877043466313
5989,-2.46061243736623,-2.3415984002554
5990,0.103519054710523,0.127448151579002
5991,-1.94614789092763,-2.76256223348359
5992,0.31498738029508,0.363088415091596
5993,1.90615379253812,1.23792794572767
5994,1.36082156928742,1.6704804259204
5995,1.61612227323534,1.31254253050373
5996,0.949243972536104,1.11267811628078
5997,1.54296402890589,1.22761757144109
5998,-0.806073261228262,-1.51233180573284
5999,-1.72920279617747,-2.13141672096634
6000,-0.371304434356514,-0.382609549625031
6001,-0.60864805484816,-0.759260620295948
6002,0.366431878172658,0.421805181948315
6003,-2.28925468081905,-3.87169183623033
6004,-0.102085062820328,-0.0997008326229909
6005,-3.40667047050678,-3.29047238531804
6006,-0.506653770562572,-0.497961250651561
6007,0.700959335297428,0.846387766825581
6008,0.832649404367542,0.825950602233655
6009,-0.312495943120298,-0.32078581587204
6010,-0.273770868601757,-0.250814821742252
6011,-1.7431339230087,-2.79402811031903
6012,-1.61954328027825,-2.7622252077785
6013,-0.289299823126473,-0.282879150141224
6014,1.32476508142811,1.10723944073424
6015,-0.0320417262575969,-0.026759302142536
6016,-1.71505318254825,-2.10539565047478
6017,0.99612211203982,0.695352674542451
6018,0.287786821462423,0.233900480128772
6019,-4.45257684231922,-6.51191839938707
6020,-2.431581143024,-2.71129533618839
6021,0.397638411289717,0.450041233093491
6022,1.07983731339802,0.732369376878567
6023,-1.89629016801903,-2.6716974990604
6024,-1.12610665211702,-1.63827922337672
6025,-0.936048812464669,-0.914420455971141
6026,-0.0923901439041264,-0.118541455288038
6027,0.943476935280728,0.864779064539204
6028,0.560084025518429,0.509053372848867
6029,0.977796000720578,0.92122329567098
6030,-1.39225576730242,-1.72929031773477
6031,-0.217634718609967,-0.224732679941269
6032,-0.298345572891245,-0.284586785919532
6033,-3.279057586365,-3.81787852098804
6034,-0.603135087567271,-0.728379958668357
6035,-0.406571821651403,-0.420160547294666
6036,-1.01473629054412,-1.10523036467419
6037,0.580172191920727,0.421035020034212
6038,-1.81053951170739,-2.99381612476523
6039,-0.172866741026329,-0.211152194847311
6040,-0.0335563057627858,-0.0860533564509675
6041,0.855681882797158,0.70963499472803
6042,-1.22685706115495,-1.01059963121912
6043,1.53347012814812,1.11822940533075
6044,1.03538145941465,1.06803052212349
6045,-0.505640951142099,-0.817636346677083
6046,-2.23186320003044,-3.09680317227774
6047,-0.253848101037781,-0.312833935669667
6048,-1.90835674626386,-2.92323064468105
6049,-0.186815580078811,-0.20310029125081
6050,-1.1022980582367,-1.0786728901343
6051,-0.363727830790437,-0.367245021611161
6052,-2.5277633347873,-3.49649857916236
6053,-0.191912707402167,-0.206442460291477
6054,0.387621031781747,0.329483363097709
6055,0.45765046241202,0.503272433452309
6056,0.465538861017754,0.460663237728338
6057,0.257226525879168,0.342809616070014
6058,-1.52786535882788,-3.0228222727168
6059,-0.530213187501707,-0.59240362011355
6060,0.31789047880025,0.268690449870747
6061,-2.60896605153352,-2.86848030265035
6062,1.80628304453176,1.89786190691499
6063,-0.190231351161503,-0.190877598935259
6064,-0.635892865471293,-0.676407702321225
6065,-2.94620160691481,-3.81543603656798
6066,-0.643640928951202,-0.746663181397739
6067,0.918756337008043,0.810945590377296
6068,0.0802907354739072,0.051256308239385
6069,0.293967229565484,0.241648666375372
6070,0.188737622323171,0.242293647426821
6071,2.15148117796191,1.81508141786774
6072,1.67790627966454,1.23473589497855
6073,-0.931986837776497,-1.50095060419677
6074,-0.266635967250123,-0.256489394742635
6075,-4.00060218147853,-4.74346614686199
6076,-3.11266704626566,-3.59740292202085
6077,-0.157990759071184,-0.143422626472867
6078,-2.00993015227249,-3.18775889506007
6079,-0.857097964217196,-2.18817452463796
6080,0.125272410706429,0.115138602132077
6081,-0.441284792093717,-0.468272895233228
6082,1.21515302463832,0.998684638490995
6083,0.224142251554745,0.207215479615033
6084,-0.507885937781171,-0.449654327339985
6085,-0.860394995980788,-0.761533548326272
6086,0.422970297211469,0.477994025435345
6087,-0.639380648775913,-0.900221715319457
6088,0.944513775163129,0.90218169589398
6089,0.279991713491189,0.320978031923571
6090,0.819155865008173,0.680060743412732
6091,-3.42844012061108,-5.34772860520119
6092,0.598077842913814,0.641269774364437
6093,0.229308035519498,0.184862335761901
6094,-1.76354175567874,-1.53072151292416
6095,-2.41904598147498,-2.59917781587839
6096,1.37181125879128,1.1047883990166
6097,-0.0248060902437841,-0.0227785861560206
6098,0.310600318276228,0.422441237880109
6099,0.848479896628076,0.786911818297241
6100,-2.41880646099097,-3.57037958112493
6101,1.78898065872886,1.25429117675761
6102,-0.626674446460651,-1.43468357650666
6103,-1.09753067480072,-1.03821674323574
6104,0.247701851757825,0.245163210221245
6105,1.01373895600487,0.956113964748962
6106,0.332777443181563,0.418102327807107
6107,2.21679597281285,1.54952645259855
6108,-2.55295078060045,-4.01808970760644
6109,-2.09052594634949,-1.76161117038118
6110,-2.79776631771836,-3.05613594493819
6111,1.64874811670146,1.71736298142772
6112,-1.41316681645902,-1.82124513117012
6113,-0.036308453151783,-0.0554124924318603
6114,-0.72870255175331,-1.26414472924517
6115,0.70283877078443,0.496288358595818
6116,-1.3308427708172,-1.72842386186656
6117,0.812115421762371,0.650234453449782
6118,1.92017110739527,1.45090909865092
6119,-0.40296949375919,-0.562191422919616
6120,0.564868560013851,0.357643146310659
6121,0.755663775359712,0.859710154770701
6122,-0.845801558242572,-0.793713946512524
6123,0.330949121067491,0.311885050545492
6124,-1.67628276800394,-1.44913956750038
6125,-1.58400694590318,-1.92659789230519
6126,0.469230263737096,0.444028015998352
6127,-1.39706598278171,-1.83377466697356
6128,0.249540280313316,0.263720535766532
6129,-0.655679009224238,-0.439184277886548
6130,-0.75836809844513,-0.862659925860414
6131,-3.10327492477161,-4.59560493464611
6132,0.113736814250796,0.144586972160085
6133,-0.0522067639364823,-0.0435176764606536
6134,-1.06040686517478,-1.0181775067709
6135,-0.57540859255837,-0.404240756305279
6136,1.79388674486538,1.40041163805361
6137,-0.710484739012608,-0.76193880984678
6138,-0.98308441004778,-1.24073406707849
6139,-0.622480735797436,-1.2435730602566
6140,-3.28499503593255,-3.43950175244425
6141,-1.01611512546345,-0.964420735522828
6142,0.259485878136266,0.223941589585047
6143,-4.03669931506595,-6.22071958164898
6144,-2.26382637209601,-2.65035638021484
6145,-1.659312700164,-1.98375493043217
6146,-0.359513721194118,-0.416074794520538
6147,-0.678449558470483,-0.552743466468113
6148,1.19459599446637,0.818822172765953
6149,1.90314527127282,1.98232875624582
6150,-4.09844208724351,-4.21213816767451
6151,-1.68199863720768,-1.66091354384279
6152,0.107670347703618,0.112959649316725
6153,-0.810700090776522,-0.738452384876
6154,1.0090326546583,0.886012827981003
6155,-0.58447376429907,-0.761540784917236
6156,0.561394166714056,0.485825802133472
6157,0.555615665755953,0.528305791487277
6158,-2.47993934060269,-1.83165249282479
6159,-3.18387803991515,-4.38212575208023
6160,0.109500602367905,0.0972912659554868
6161,0.474632746438792,0.455609028654898
6162,0.79395267724354,0.825517550420138
6163,0.21279606876445,0.228425008791854
6164,-3.33730749703613,-4.86183494642878
6165,0.869487509006342,0.825305377881673
6166,-0.278753908072929,-0.270091836191702
6167,-0.946490231313138,-0.849062125224058
6168,-2.62132265362983,-2.9531226117328
6169,-0.341239179473125,-0.497145003610213
6170,-0.639668806958412,-1.14407715153593
6171,0.587526007516527,0.649874334900685
6172,1.01061936888967,0.848928046735987
6173,-0.369031835404429,-0.356087824772024
6174,0.492899703428056,0.492157837327877
6175,-0.965799683267508,-1.16032329470254
6176,0.829618602232404,0.825432662002807
6177,0.0765434136585695,0.0907701242838858
6178,-1.49629644675754,-2.28043430023187
6179,0.549891069824067,0.427562846868142
6180,-0.682289722790212,-0.765106474414926
6181,1.10871967715448,1.09093601820732
6182,-0.625713857131668,-0.541993733891164
6183,-1.45899730497902,-1.51059737744859
6184,1.4775559399335,1.11589358911413
6185,-0.210944897863897,-0.23615177302014
6186,-1.02094268463317,-1.05866556296658
6187,1.14320823602905,1.27876367990349
6188,-0.575147341750093,-0.703197884687381
6189,-2.52089877001475,-3.39980484911503
6190,-0.749216821087277,-0.92854211790156
6191,-1.68757022925256,-1.65315444482868
6192,0.423610468746687,0.601834469200975
6193,-1.74350919028736,-2.11948424186598
6194,-0.135612493720955,-0.152877156972968
6195,0.17074097810868,0.117004101501347
6196,2.36185497501124,2.50380201763301
6197,-0.36201856650904,-0.450131132905279
6198,1.0453418388583,1.07999100103155
6199,1.43036477587045,1.16928147304914
6200,-0.30765478878207,-0.242289318127395
6201,1.3346372074693,1.07753442001697
6202,2.06760030577326,1.82759058542249
6203,-0.00769090009904553,-0.00891284449950843
6204,0.256369738160167,0.454970351574096
6205,-2.55256854264927,-3.31933356159907
6206,1.3607249647687,1.13013680921742
6207,-1.0591014638566,-1.20464170457702
6208,0.0343257910453484,0.0299591230989262
6209,-2.13845298668611,-3.02146756599176
6210,0.703036450289654,0.423377123511275
6211,0.657587095778471,0.508597588973298
6212,0.798401526885877,0.544172057050849
6213,0.408991284542677,0.438727222717172
6214,1.84432867037912,1.41804801849688
6215,-1.95248743374269,-1.92776443332867
6216,0.1021916028358,0.0910603826657058
6217,-0.132367975921481,-0.147441258668616
6218,-1.52357354239369,-1.45561398378443
6219,-0.692401829224826,-0.872825509549064
6220,-0.762992064333353,-0.864280445584877
6221,0.906087418980822,0.756262601595444
6222,-0.220143325513344,-0.191950743785544
6223,1.23625693251122,0.735512483721174
6224,-1.19150522982681,-1.42143191748348
6225,0.0354157952887819,0.0355750562022005
6226,-2.05209019500805,-1.60667777398209
6227,-1.14263020257397,-1.42972225378756
6228,-1.63554579096396,-1.4451589777962
6229,-1.12966949108078,-1.34784501236738
6230,0.799735727042102,0.78515257470249
6231,-0.184448355084427,-0.224049425561336
6232,-1.23083468352225,-1.10394316196921
6233,1.29168592725934,1.19718271049929
6234,-1.79197994707759,-2.57623203293041
6235,-1.59690734144477,-2.34888076995214
6236,-3.81609722992969,-5.03265475783513
6237,0.147010706376857,0.093747458735983
6238,0.106513728182813,0.158783874730335
6239,0.209017689816567,0.171461246832299
6240,0.690778774213903,0.879346926272519
6241,0.412160755029474,0.368175369444272
6242,-0.410312241726684,-0.361412544884496
6243,-0.651909045307928,-0.522344596930032
6244,-0.0437146271468255,-0.0425727238821876
6245,-0.19356402645221,-0.311304245198344
6246,1.1187416714443,1.26216448778238
6247,-0.445833344817873,-0.539504027052836
6248,0.137445756098956,0.0884644246129964
6249,0.708958185197462,0.979455373501393
6250,-0.178448654226142,-0.245912702458888
6251,-3.43693991123814,-4.31190765025
6252,-0.026155995937699,-0.0229895534599647
6253,-1.16753942734631,-1.2119303113365
6254,-1.47913605048463,-1.59086027573381
6255,-0.633553624457314,-0.550221964502723
6256,-0.508762573375518,-0.496571301272863
6257,0.307901377459384,0.317057551556253
6258,-2.1986862765996,-2.09779981536353
6259,-0.0771123713911537,-0.0907922484317713
6260,1.27104148841396,1.09117639579298
6261,1.06573529640427,1.02114671295802
6262,-1.39270273660982,-1.29856589757491
6263,0.687899100128464,0.560111598456628
6264,-0.828071565734395,-0.851787222414767
6265,0.43891242107968,0.393492703980836
6266,-3.37332456907204,-3.57933497241582
6267,-2.06860753201264,-3.36090417435141
6268,-1.18708681491394,-1.94239234458129
6269,1.38429512940707,1.78064835415396
6270,1.81734000536999,1.59160775980101
6271,-2.83831585674914,-3.54523929970148
6272,-2.04321616499034,-1.86982780488854
6273,-0.299045256111347,-0.252868308771829
6274,-1.34273008697829,-1.12487156537731
6275,-2.29474550576379,-2.18227076895544
6276,-2.16478566947936,-3.29389714207061
6277,-3.02101016317827,-3.83804752431532
6278,-0.820100186684612,-0.731149726645627
6279,0.678006819134884,0.665175059549928
6280,-1.0179613460741,-1.20439878469422
6281,-3.16223587612564,-3.30033079456053
6282,0.873199981055945,0.746128184549863
6283,0.551256662519807,0.763520977490929
6284,0.00387014272965132,0.00344629437269879
6285,-2.54747870926838,-2.59482124869657
6286,-0.205590879166797,-0.200007351750378
6287,0.511382145663978,0.369241826691841
6288,-1.5365461288745,-1.95650664037873
6289,-2.24598853041138,-2.27514162626537
6290,0.224545988326255,0.253103923211356
6291,1.20856665132975,1.34683586192805
6292,-0.45606376613154,-0.443997015643011
6293,-2.318532348932,-2.30564039484911
6294,-0.0581281539540143,-0.0586963968337848
6295,-2.35885366887874,-2.84914894449131
6296,0.163009051731017,0.150757645958761
6297,-0.595701778052654,-1.21015370823117
6298,0.948035436700293,0.885566221963385
6299,-0.344408369662605,-0.35577849731287
6300,1.47308713655717,0.951477259266791
6301,0.136819731294206,0.148280699867584
6302,0.780676529896905,0.800022157058998
6303,0.80775657870744,0.635899177918893
6304,-0.489201448891731,-0.424895674902787
6305,-3.09812410288537,-5.61733923307673
6306,-2.15476026866962,-2.30047946990514
6307,1.15525321806733,1.16835012398495
6308,-2.24369678519319,-3.15221519983628
6309,0.920637990641253,0.788019776297252
6310,-1.02139281842373,-1.22517915760759
6311,-0.493571977071026,-0.435658939484176
6312,0.742543933339516,0.731426714211743
6313,-1.60843922001386,-2.59743946893775
6314,0.13953076113006,0.18963912054474
6315,-0.398588034671218,-0.446079951667523
6316,0.0799586354583713,0.0958346410513457
6317,1.05509948747202,1.27865280259662
6318,-0.579331593154122,-0.719699325284701
6319,-1.71968812869385,-2.01169820659945
6320,-0.583487782841784,-0.607292734069452
6321,-0.505045487344443,-0.561786793833721
6322,-1.84495326626639,-2.76328532318746
6323,-0.499338652915602,-0.577099879418076
6324,0.495105802648238,0.395274450535825
6325,-0.561224843019244,-0.611406869534644
6326,0.571468150428325,0.69408247668869
6327,-0.661045097157387,-0.897496497281873
6328,-0.218444053888222,-0.205304495256261
6329,0.615541929259922,0.50047081633929
6330,-0.901982821210592,-1.84511927816487
6331,0.103512268328515,0.104937829246304
6332,0.489179733412415,0.529706172133721
6333,1.6365244692815,1.40166571715724
6334,-3.55818294969617,-3.66543673385931
6335,-0.191292410186728,-0.369202264173247
6336,0.475400667410246,0.448086191630501
6337,-0.169611291812149,-0.121898411647864
6338,-3.33772225155314,-6.64646353943523
6339,1.54657550827225,1.5516652710813
6340,-2.14185032328177,-2.54688977283531
6341,0.699270121446157,0.552994131216889
6342,0.486373681543157,0.582460718121215
6343,-0.656258925552454,-0.902228366831767
6344,0.597296253549126,0.604018617061368
6345,0.940160349774014,0.80605161246238
6346,0.3963293817405,0.516132380134772
6347,0.106470447483119,0.119487745031775
6348,-1.40273468863876,-1.67236610197305
6349,0.857645404067755,0.564312864331743
6350,-1.04444834892285,-1.64987736960585
6351,0.51710502269693,0.451755339602675
6352,1.04173511928231,0.779420975232442
6353,1.82262871238363,1.64700748912496
6354,0.147364498941446,0.0997218857852862
6355,0.91646400283437,0.685128489700191
6356,0.58961416826756,0.923461854756521
6357,0.29367549593217,0.397695771492303
6358,1.21572959007253,1.06487855767588
6359,-0.165301993149242,-0.138523881001858
6360,0.464968618593975,0.401464650128351
6361,2.20310477596286,1.6805176787888
6362,-0.262503248332805,-0.285632620580399
6363,-1.60109401448162,-2.52478098770677
6364,1.07818431660292,0.726625500713797
6365,-1.90708507310754,-2.0021663068516
6366,0.117734922631795,0.108317358515023
6367,-0.151034323168159,-0.203538723452924
6368,0.630571935254938,0.628021031358251
6369,0.91606395859988,0.841004421571505
6370,0.254899614962966,0.229863303078002
6371,1.88062377487446,1.84840952532668
6372,0.653304370412398,0.541291072232632
6373,1.64916192973766,1.62734050030043
6374,1.74440795452273,1.52061219680754
6375,-0.164059575837681,-0.164839997423523
6376,-1.22415828000263,-1.74105489206419
6377,0.345300480522099,0.232156748431878
6378,1.75945496252982,1.28928609742115
6379,-1.3870889368116,-1.09747652865826
6380,-3.53489315254677,-3.56744522004128
6381,0.113695886879014,0.091424525894216
6382,-0.753738882544328,-0.661859277863976
6383,-1.96558098775869,-2.12817468032714
6384,1.93452196952028,1.80710261115437
6385,-0.332992260350497,-0.345324872134821
6386,-0.115342182838836,-0.132637808684824
6387,-2.90961356301584,-3.2660462532792
6388,-0.0280709357245862,-0.0319688493143813
6389,-3.33909743225979,-4.01132355210451
6390,0.765568805831286,0.569450765687522
6391,1.9740518941629,1.54243388274664
6392,0.0156390798321598,0.0143404907825168
6393,-0.74108665114698,-0.613614898540491
6394,-0.654967224247512,-0.777504807430461
6395,-0.645480130485595,-0.726534228134947
6396,-2.51713180598386,-4.65529596244035
6397,-0.730126309163896,-1.2174367343558
6398,-1.24505009801532,-1.26465578971157
6399,-0.804810551460378,-1.22589378930219
6400,-0.228995161953787,-0.178134154224333
6401,0.41263879382731,0.489748472495773
6402,-0.769801161745168,-0.638692517148571
6403,2.03709375870114,1.57414944618465
6404,0.679948708299145,0.66720940759847
6405,2.00673688065251,1.83533167899904
6406,-0.373831571036908,-0.39048486088125
6407,-1.15943019240046,-1.33184216768361
6408,-2.09536492576305,-1.62634495337759
6409,-1.68895088410919,-2.18963263824453
6410,1.04832424470077,0.613997758995403
6411,-0.893901299008636,-1.4720488437723
6412,1.24123604322479,1.1696078291545
6413,0.757254323479563,0.586118793077279
6414,-1.2296505978833,-1.04046474442722
6415,0.176538521714613,0.212519374702981
6416,0.928529825342672,0.792957844691756
6417,0.628749533769576,0.494741289860975
6418,0.351468984402569,0.382953668457159
6419,-0.554242335866509,-0.709648874632624
6420,0.53040969047259,0.386274243078079
6421,0.656084256017152,0.57981507790379
6422,-1.05546010883794,-1.02640068785689
6423,2.34341937961183,2.45753268685126
6424,-1.16014909403144,-1.540252445522
6425,-0.382383492210507,-0.404183380744976
6426,1.36783841863611,1.10638461483103
6427,0.793106025280601,0.720857572810519
6428,1.9728546441805,1.74131885601076
6429,-1.94356226063642,-2.92148595020948
6430,-0.151422090518156,-0.125951397851338
6431,-0.114855533264939,-0.192001402475086
6432,1.51280533720625,1.22154674414715
6433,-1.53758425728509,-2.7666787879747
6434,-0.837174813508713,-1.41260011464403
6435,1.3367487093063,1.44647721302874
6436,-0.528150832344397,-1.09778887261915
6437,0.667088501201252,0.568943709520619
6438,-1.90500049634754,-2.41842546193711
6439,-0.575080649701517,-0.627381285822516
6440,1.76742568340386,1.70050041239482
6441,-0.00706961827396215,-0.0101131353184465
6442,-1.30989469730804,-0.82763498351998
6443,0.00693874206884377,0.00826445000441185
6444,-0.776676829123859,-0.777607276057962
6445,-1.29702540738647,-0.957471711442415
6446,0.172381920206019,0.252557030475105
6447,0.020348947197804,0.01832253725027
6448,0.301437809600764,0.236147145662134
6449,0.750796076712665,0.594182667044618
6450,0.579451875245588,0.81075105573435
6451,-1.19677513952907,-1.28407233305253
6452,0.3904679365674,0.425127594888778
6453,0.496342178035138,0.613317395340549
6454,-1.49277885227365,-1.71066342382498
6455,-0.872746554440151,-1.01037260115859
6456,-0.326647414777959,-0.327851557463062
6457,-0.527968335415924,-0.482855578310049
6458,1.0416918260735,0.754197963574457
6459,-2.34433579903179,-2.87950874823153
6460,0.448644805543905,0.443852939198352
6461,1.04587592991687,1.12300201518896
6462,-0.369583232052846,-0.435421441399713
6463,-1.01676535685215,-1.27600716057238
6464,-1.65307977075751,-2.46245383344817
6465,0.508645826989983,0.685665844900019
6466,0.300763171333391,0.378894808737132
6467,0.164501820595853,0.150402469753198
6468,-0.769691770574471,-0.768739628627964
6469,0.377016377564147,0.346884148442904
6470,-2.13543570026189,-2.67751268549211
6471,1.85707734908298,1.34488696681334
6472,-0.914416441576212,-1.50818604562911
6473,0.76376547170082,0.707030302308273
6474,1.07956375048875,1.27293594593886
6475,0.138374472415285,0.177417743181725
6476,0.101126377200388,0.12999617649375
6477,-2.17924189593241,-2.00493822382255
6478,-1.16788906675089,-1.78993169666089
6479,0.16089304997797,0.156088899022459
6480,1.08034762853657,1.4628877133345
6481,-1.21659691495522,-1.35464963873243
6482,1.05414842722107,1.08797821867746
6483,-0.970230670235349,-1.87141297516098
6484,-0.0435410352413386,-0.0521389267430599
6485,-0.079351757210864,-0.0886494281600512
6486,0.404601617401499,0.485477578188218
6487,-0.361411786181567,-0.344430270855293
6488,-2.02816134054759,-1.98525515775284
6489,0.147439334875521,0.142951126626589
6490,1.10504622707176,1.12572556386932
6491,-1.12932144924516,-1.68341418798339
6492,0.763870962462144,0.607232468491812
6493,0.102795284913109,0.130965782425468
6494,0.154875739449282,0.322553902858947
6495,-0.154145985207875,-0.151237309498481
6496,1.48167565304077,1.04557259519212
6497,0.87254190706847,0.831220834848261
6498,-3.59921156599752,-3.34747753390245
6499,-0.45062103111793,-0.486499446731969
6500,0.446157863511052,0.388658035204758
6501,-0.110639404853544,-0.126947235726348
6502,-0.189365208660775,-0.176639976019671
6503,-2.20043939919637,-2.30201857002168
6504,-0.289433702218502,-0.416043950909278
6505,-0.356429312186703,-0.451675346642079
6506,0.750238196149242,1.03847511756453
6507,0.209561491260715,0.25727189003363
6508,-1.3528013273391,-1.7891924435924
6509,-0.0257673007371607,-0.0244784956127662
6510,0.578439736790141,0.522602131367095
6511,-0.599114071822631,-0.725144318072449
6512,1.43428967259855,1.09977051539544
6513,-0.872495862418893,-0.926466725960191
6514,-1.24390498437764,-2.35038671788432
6515,0.792318231368607,0.916171101642526
6516,0.484786561829735,0.540096095433693
6517,-2.38329993382688,-2.74336399716964
6518,1.02348146545199,0.781423122848878
6519,1.31840613340605,0.891722083135053
6520,0.862236289084639,0.714875003068522
6521,0.390508268250993,0.386205455379035
6522,-0.874104675241275,-1.29835582431504
6523,0.11928530072769,0.140830403368888
6524,-1.42546352872178,-1.37130055324706
6525,-1.61072377043899,-1.75831657716961
6526,0.394011942940311,0.532075800585926
6527,0.962750318899407,0.740412449098732
6528,0.329034556406223,0.266052695951078
6529,0.306692797074156,0.261010016656113
6530,-0.243340614182994,-0.226961952999496
6531,-1.84267154555114,-3.26028639578204
6532,-0.854410946313719,-0.887450072018795
6533,-1.24363649179058,-1.28096458523411
6534,1.5425693832047,1.09977801617074
6535,1.3909338704867,0.97055925679377
6536,0.871805270882577,0.824138900534515
6537,0.405119196421028,0.314907640468447
6538,-1.47653179046307,-1.59712436599838
6539,1.64155426545616,1.458410492895
6540,-0.512971506649658,-0.724494337893632
6541,1.4440977534475,1.26389893987319
6542,-3.97686938423326,-7.69311711800331
6543,-0.874022883647046,-1.04104759111061
6544,0.836630774959568,0.891134860567478
6545,0.401323167184779,0.377056178097889
6546,1.70403974984037,1.18504990421955
6547,-3.02371727334773,-5.46708104856389
6548,0.527621052495079,0.478263920140517
6549,0.000226215386181384,0.000217998787151879
6550,-0.426301304383284,-0.367006853725584
6551,1.57273103390242,1.5341968012221
6552,0.359476171819729,0.298581266077973
6553,1.08510104188004,1.14596048281507
6554,1.46800439489826,1.35640849167897
6555,-0.892346603073678,-1.41817264085216
6556,-1.22178270188352,-1.46063502745388
6557,0.289730565792331,0.293013389781703
6558,-3.87878173597886,-4.77551574049895
6559,-2.43931662628587,-2.87542624433861
6560,-1.95226610018973,-2.65999607074194
6561,-0.0630635008710911,-0.0606259511947262
6562,-0.486965805012887,-0.486099533833663
6563,-2.72857001812034,-3.79852956883868
6564,0.0929322449570243,0.0960569229577494
6565,-1.66146297361116,-2.23867361817251
6566,0.0609051895411061,0.0693526190779868
6567,0.497000335099527,0.540485082133547
6568,-0.960864940916056,-0.956037715861074
6569,-1.71905134112913,-1.85205428084005
6570,-1.13966508950844,-1.37950124633824
6571,0.0904891819579227,0.117074571609773
6572,-2.82788443988803,-2.97910663233569
6573,-1.99743084109649,-2.3702135986022
6574,0.696590469133402,0.547688493500757
6575,-1.15404640215652,-1.57547568115141
6576,-1.22924288595017,-1.49042415774679
6577,-0.890425392775915,-1.00368175353106
6578,1.21227180232782,1.17899604047207
6579,-1.3030704048193,-1.96615226947203
6580,-0.277333721001044,-0.604084134994842
6581,0.124140792814905,0.104742595600981
6582,1.46057877357555,1.41136112080615
6583,0.642668423051516,0.712539426200334
6584,-0.933456279017338,-0.948193614068885
6585,-1.58508964349274,-2.07127572492388
6586,0.6376603987984,0.498511418315083
6587,0.0165492454959427,0.0178307613019051
6588,0.249726725745108,0.324131532231642
6589,-3.27450276039047,-4.23556680509464
6590,-0.208118860642387,-0.220607492108219
6591,-0.997563436430561,-1.35931706505814
6592,0.678431040378176,0.668584549499617
6593,0.410213409004104,0.36504583464483
6594,1.2947347165047,1.24442332617239
6595,-1.84952240396746,-3.1995289646845
6596,-0.379314987815982,-0.398310481512757
6597,0.473223025989405,0.320368050009412
6598,0.0999121588548541,0.103205553527093
6599,-0.452392473145772,-0.527839807296207
6600,0.604327434271639,0.519539669073303
6601,-0.00903941546659778,-0.00794459508109502
6602,1.41388626789666,1.22553778400604
6603,-2.38205814960549,-2.22248174110881
6604,-0.618817844394953,-0.483312050555949
6605,0.153185782217408,0.153825848742874
6606,0.0907037438185027,0.119292168402837
6607,-2.18269315100296,-2.78877884055731
6608,-0.0102920429551845,-0.00935288567031578
6609,-1.71502074064501,-1.59899973198516
6610,1.27459361183292,0.95889754137003
6611,-3.0233255445041,-2.21366294902297
6612,-0.883503787282337,-0.975069685356309
6613,-0.064497642391698,-0.0600960277171183
6614,-2.23000465034737,-3.8651723475043
6615,-0.871919282053492,-1.74693630042935
6616,-3.0701475601989,-2.88469460297325
6617,0.697091117869237,0.830991741402754
6618,0.30161921237856,0.466594245360512
6619,2.54198835061857,2.15015791426968
6620,0.12682298359412,0.12958677738464
6621,0.127032763228819,0.120849765290247
6622,-0.865648484389136,-1.5514286147027
6623,0.932805283868219,0.832268453647107
6624,-1.00694227748044,-0.964079764636873
6625,-2.3520365165451,-3.35357564889477
6626,-1.4230070253628,-1.53514062209167
6627,-0.442083951917437,-0.33805504257887
6628,1.33291780024184,1.11166216355203
6629,-2.22002683592314,-1.97966560735447
6630,0.472551159542209,0.546594468451504
6631,1.06041285170443,0.909557616890513
6632,-1.38042942705056,-1.36840178838995
6633,0.0103269044884818,0.00923695501920444
6634,-0.350005964239822,-0.318193073798223
6635,-1.93054188408027,-2.48367703885032
6636,-1.31418323943811,-1.60633564464418
6637,0.209298877355885,0.203330456813097
6638,0.71298655366032,0.778907815553072
6639,-1.46521059883278,-1.90050268443597
6640,-0.146150629034045,-0.196229368766964
6641,-0.773145990555299,-1.20141280050831
6642,1.52147436301987,1.52369813701854
6643,-0.0737681047908297,-0.0862029050586654
6644,0.755427870666592,0.675861171299397
6645,-0.423561830225172,-0.416504891412031
6646,1.46343807171561,1.2154625868769
6647,0.302338366542658,0.361822326027412
6648,-1.02471856009826,-1.21426909119204
6649,2.47441134091055,2.19250102710542
6650,-3.22828418992092,-3.67480512345452
6651,2.80897123733684,2.3439635096981
6652,1.18546028257502,0.770903953199504
6653,-0.77329802251111,-1.12040541974188
6654,0.288135579406626,0.377630630514162
6655,-2.3605028341869,-2.63692044586603
6656,-0.186069151443033,-0.259977512216243
6657,0.595320533536763,0.79181222444371
6658,-0.195872446462127,-0.186114132322793
6659,1.93776757131302,1.35434008631742
6660,-0.947736014836709,-1.08491194278022
6661,-0.749172920521873,-0.875434900856701
6662,0.80422284876353,0.887259982713742
6663,-0.940698593489505,-2.12521046140067
6664,0.452365023817292,0.711568475507914
6665,-0.587285361155877,-0.630604693386955
6666,-3.08006851772829,-3.13928781512633
6667,0.295391940414335,0.271487446025803
6668,-0.509596137828906,-0.425962967970477
6669,0.805139603659554,0.640754388246022
6670,-0.787058013859365,-1.29069213677966
6671,1.8991799212181,1.64001042843324
6672,-0.426449626946102,-0.469815337799067
6673,-0.839879353183055,-1.56639669559584
6674,0.302594708904226,0.31870777652894
6675,-3.15503091020688,-3.27211755207646
6676,0.128880144769969,0.138356911050907
6677,0.150571302183476,0.133991184327671
6678,-4.11098854905839,-4.90749840064746
6679,0.429863242921279,0.434042096672896
6680,1.19711305136908,0.860697171211595
6681,0.171219070025501,0.153270625355127
6682,-1.11696903746795,-0.902414610998679
6683,-0.45518970594033,-0.493534142764794
6684,0.401446931157512,0.719919032113152
6685,-3.03577545198461,-3.65404237823769
6686,2.07890510821465,1.26716060125688
6687,1.2092622871986,1.13184597159534
6688,1.24192026150961,0.884859147659095
6689,0.22144281369044,0.274344832794253
6690,-0.316213042439084,-0.322081801977637
6691,-0.0961361856510058,-0.141181899909159
6692,-1.79489684744816,-3.19284385743845
6693,-1.29685445243426,-1.32043144566333
6694,0.338337264333298,0.403792282033394
6695,0.106686652279134,0.0985530076433936
6696,0.543988065346053,0.72426468751151
6697,-0.374393010671614,-0.315991123015263
6698,-1.3847378402782,-1.46994009184017
6699,0.973601920813548,0.686459219003852
6700,-0.443500103829672,-0.482344513938309
6701,-2.65527181389997,-3.18284812398469
6702,0.78311328563328,0.569440683626973
6703,-3.9143284364669,-5.4863127771737
6704,0.73280419613381,0.541133602971264
6705,0.0312063164794824,0.0448279574480729
6706,-1.06404496710664,-1.49937511759941
6707,0.53881099424514,0.65833816995803
6708,-1.11506650709619,-2.04415577134864
6709,-0.210564924587873,-0.235956025774922
6710,0.267153653895567,0.299864627112262
6711,0.618020170365165,0.483448538291445
6712,0.717003639830497,0.738658267811885
6713,-0.130591795756041,-0.164860196599282
6714,-1.28965699282269,-1.41709464148265
6715,-0.0549164394208738,-0.0740807995418187
6716,-2.12910903031751,-2.38674048491573
6717,-0.949970346358178,-1.01420861260457
6718,0.479292130703616,0.423926057660967
6719,-3.92710642715489,-4.19942582728486
6720,0.287823785978722,0.364160450017131
6721,0.237003568880626,0.236509178484806
6722,0.0456490494691945,0.0454275948989355
6723,-1.97029440842233,-3.06349314835683
6724,-0.22171336508041,-0.316467101879187
6725,-1.57479427787661,-2.86612770116503
6726,-1.4180750600549,-1.48788461634066
6727,-0.0504037367850251,-0.03844602436664
6728,0.794901837075733,0.818151041076194
6729,-0.604584202940022,-0.43994268501663
6730,-0.856094429400086,-0.804323564963625
6731,-5.61300738924998,-7.16921616663994
6732,-1.9090056398796,-3.38814448959347
6733,-0.540802371662547,-0.696180003167956
6734,-1.90480398472131,-2.37681842696583
6735,0.562681527451265,0.573056001687407
6736,0.144350126240737,0.138791064304366
6737,0.129466279453587,0.217486855897778
6738,0.782619394137472,1.04272580372253
6739,-0.220576790487311,-0.25080757359079
6740,0.782378564903577,0.761039689343842
6741,-0.572097710067033,-0.544066592135303
6742,-0.43996789830247,-0.642983870391289
6743,1.19526961213237,1.07899903434179
6744,-1.89472606775981,-1.43962875207914
6745,-0.0972861843255475,-0.1022691257133
6746,-3.21614185858723,-3.92849767676412
6747,-1.12646783268681,-1.38051769098458
6748,0.713962903094241,1.382757025035
6749,-0.762284434250662,-0.948593321889069
6750,0.996566684040746,0.935639877172821
6751,1.28765036962535,1.02973853162932
6752,-1.7827848137117,-1.08578082463069
6753,-1.99355864840616,-1.89695442462308
6754,0.86501516400592,0.643694739967249
6755,-1.97206347956176,-1.99672467890637
6756,-1.47160160888944,-1.70037121455273
6757,-0.859700257312028,-1.42106033347245
6758,-1.06859161706788,-1.75815971317232
6759,-0.607493555253097,-0.699132184241039
6760,2.15088352100581,1.33775063432988
6761,-0.52778038606556,-1.41212852212976
6762,1.1422707645332,1.11489827558103
6763,0.613135730656355,0.483567351987575
6764,0.00216294544132191,0.00245159498033874
6765,1.82008338552191,1.30296015636539
6766,-0.62824398574347,-1.04321531671405
6767,0.263116592637121,0.282507560824539
6768,1.5132807430301,1.31786336797564
6769,0.496775465094914,0.482001959144648
6770,0.586780444488388,0.549523958136072
6771,-0.172366164553684,-0.200267350258589
6772,-2.80424409404401,-3.02613011638265
6773,-0.564742905767796,-0.526900018355831
6774,-0.291122735438205,-0.434178862346212
6775,0.531169873592865,0.52506351623156
6776,-0.230105574765666,-0.311127101381401
6777,-1.36119419849411,-1.35052018209899
6778,-0.600609110536449,-1.00949755295995
6779,0.490632651126771,0.683463707239087
6780,1.9499134707204,1.5302514848971
6781,-0.729601502928638,-1.26753561650131
6782,-3.86177634635883,-3.09266450558327
6783,-0.832757241525332,-1.17383757582214
6784,-0.952312933975851,-1.47630336902872
6785,-2.16542510765465,-2.0949758902909
6786,-1.76685037374083,-2.44085320627564
6787,-0.20427627119687,-0.266914080731206
6788,0.0905314621057477,0.114728693147509
6789,0.960877990194317,0.867379305434003
6790,0.543263556383157,0.51859674470497
6791,-0.267194955627671,-0.257678707979623
6792,0.280153883084576,0.318843203528931
6793,0.772868713313165,0.531993746025977
6794,0.153220728526221,0.207529824932727
6795,0.27499700187635,0.254384834898978
6796,0.171945616681866,0.146631666418016
6797,0.199630643288787,0.165815882055018
6798,-0.883004160585537,-1.03634453284547
6799,-0.586979117997257,-0.556514108947503
6800,-0.635508131499766,-0.724851532536586
6801,-2.09641489424145,-4.8498334994107
6802,-4.87324565338324,-5.4605012612491
6803,-1.43520792110825,-1.5831002044301
6804,1.73460679147181,1.248318695279
6805,-2.28930081402066,-2.71827969852068
6806,-0.2317980458678,-0.34507733647076
6807,-0.673708394757162,-0.655348000125488
6808,0.284452046026344,0.333456359857194
6809,-0.00199115490356405,-0.00122280590886197
6810,0.0593171119333895,0.0712158756592382
6811,-0.704732934671146,-0.997995166973728
6812,-1.98800266276065,-1.70658590999088
6813,-0.918629503001838,-1.11397827502973
6814,0.172896067884446,0.227551013092923
6815,-0.359255533792136,-0.60753247230075
6816,-0.327054167516712,-0.232730858863358
6817,-0.0943463353710233,-0.111577092080556
6818,-0.524011634832808,-0.470188483302009
6819,0.0771393794084894,0.0855408223375863
6820,1.31602467887469,0.793676242909654
6821,0.182470995828619,0.206763294161638
6822,-1.44541837740969,-1.21418913101355
6823,-1.210554975429,-1.44371697597099
6824,-0.156039097121995,-0.22963597032598
6825,0.196525365289839,0.154946404876935
6826,1.15842010809956,1.4192793204684
6827,1.02818247087447,1.28951270404685
6828,0.0350559473214704,0.0350407479741096
6829,-1.44807922003916,-1.91414647810811
6830,-2.33120485268257,-2.43632192825192
6831,-0.0317385539423649,-0.0385198624945952
6832,-1.41819238300849,-3.63283599120184
6833,-2.87198636470201,-3.61282123389474
6834,0.974879182911168,0.932152727212141
6835,-0.0331080417435785,-0.0283074751386336
6836,-1.55012391273376,-1.82952507484019
6837,-0.116981050008844,-0.168639079206207
6838,-0.556085555224308,-0.547703252115582
6839,-0.25921439661288,-0.209949619079885
6840,0.395972049189631,0.36319429784666
6841,-2.09004282156092,-1.80377383228855
6842,1.73902031963913,1.50507171424714
6843,0.664268319231857,0.682226332496582
6844,-0.197382502418583,-0.20992897535913
6845,0.889680777931197,0.693831460730046
6846,0.520256093605318,0.530672478786074
6847,-1.69564056610947,-3.26639955218496
6848,-0.479243583080132,-0.343556016061949
6849,-1.87378970305321,-2.69689471222347
6850,0.592071334064082,0.628123224915113
6851,-1.5278487756595,-2.84287604224845
6852,-3.79406924771179,-4.59246821151084
6853,-2.99160985458718,-2.59840051336391
6854,-0.572821925474711,-0.426599883945222
6855,0.922145036214236,0.809255808464851
6856,-0.438273269945418,-0.757432695298045
6857,-0.729540966956485,-0.619956003630378
6858,-3.37603033963537,-3.58096350045612
6859,0.218072742849169,0.204304253963754
6860,0.612192282152353,0.583010659084825
6861,-1.15054706100672,-1.35836698986226
6862,-0.113285861849878,-0.166293049394027
6863,-0.758431981409274,-1.12598669135454
6864,2.27311906118606,1.69458820927663
6865,-2.32019629491426,-3.37367038003114
6866,-0.628098462148091,-0.599106246131006
6867,0.340894679568201,0.30405976402807
6868,-3.0186171013587,-2.94136495117561
6869,-2.01750482630776,-3.02028869260275
6870,-1.59076028723657,-1.90838173733551
6871,0.253484471842932,0.269788088545075
6872,-1.40912551283433,-1.67085400929758
6873,0.390825133604113,0.392337812515596
6874,-0.0695747708075885,-0.0790883110929062
6875,-1.22526191268184,-1.47022169229028
6876,0.513355128642274,0.422715048285704
6877,1.25998244938497,1.45839795169188
6878,2.56907428111005,2.37917793945438
6879,1.08270073348147,0.882392263167824
6880,-1.97749221989879,-1.90398717749796
6881,-5.05617883058417,-7.21014872419512
6882,-0.855252756184505,-0.781970945866882
6883,-1.16908964725822,-1.23406364391114
6884,1.35761700541288,1.19997488032695
6885,0.065527605944546,0.0695821000409961
6886,-0.342913720166999,-0.301531503338075
6887,-0.0978701650499472,-0.114029085362415
6888,-1.40487237926425,-1.19905080341016
6889,0.0260899444152311,0.042747651852109
6890,-1.05669728084322,-0.901433059241834
6891,-0.188711621786532,-0.213784589166631
6892,-0.566518333886663,-0.498120725790882
6893,0.467274187151815,0.50515427205676
6894,-1.19874506765402,-1.23981507930763
6895,-1.68584264634916,-3.48933964012984
6896,-1.45500832925654,-1.53100846556824
6897,-2.44463978162717,-4.57381213377709
6898,-3.26590574204878,-5.44014114642126
6899,-0.800967860949993,-0.950024089879012
6900,-0.90325726378845,-1.87231636647331
6901,-0.0738962640346798,-0.0651695915640113
6902,-0.844223863582862,-1.11534100333628
6903,2.27057902002401,1.39875763639322
6904,-1.0390579869489,-1.42259958513295
6905,-0.594511380046342,-0.449663601514597
6906,1.71759910425632,1.19427244547529
6907,0.533271529481755,0.526410070809189
6908,-0.486788921521855,-0.505839400984675
6909,1.21590264110985,1.00974758503569
6910,-1.38928909358317,-2.1782239716237
6911,-0.18360958193051,-0.162191360036929
6912,0.108750967410352,0.108897208822038
6913,-2.14398571422479,-2.9728310729559
6914,-1.47886725335845,-2.08715739391352
6915,0.954841739773294,0.908584064770419
6916,0.882069467357499,0.718121521588848
6917,-3.90439103997707,-4.30763780950019
6918,-1.05468057740227,-0.919039282807979
6919,-0.928935331518628,-1.04559780093885
6920,0.857176201472792,0.791682620249647
6921,-2.16803050923327,-2.92999890467497
6922,0.494340216201417,0.417256308232412
6923,0.409400493743002,0.475411383758807
6924,-0.734247206289475,-0.98239675000909
6925,1.22239433184522,0.951279436938818
6926,-1.40777124224842,-2.47027684063521
6927,-0.584247950793017,-0.867692430951647
6928,-0.711927484652468,-0.931323533022695
6929,1.12270413466261,1.21584510463141
6930,-0.141548761060556,-0.243322543020945
6931,-0.593742910607722,-0.656135764023392
6932,1.23831927726791,1.32506326193845
6933,0.221532136161201,0.191647506048603
6934,-3.31542336077114,-3.5983957815041
6935,-0.782857952842998,-0.667420238899203
6936,1.33052418805107,1.04298715484643
6937,-0.572456513332166,-0.588990075839552
6938,-0.594027192304581,-0.790156921876052
6939,-0.0309635254849807,-0.0284986890542733
6940,-0.0982330363874572,-0.143774761821757
6941,1.528359006058,1.24745846543456
6942,0.130854641872632,0.119215273067595
6943,-0.925139336263286,-0.871034534009245
6944,-0.380537264100986,-0.368416547713105
6945,-0.346777757212557,-0.383471630824833
6946,-0.0860154245389763,-0.107982007794728
6947,-0.0833959047236306,-0.0951066613866125
6948,1.3262221625955,1.04515396671322
6949,-0.571173037484507,-0.789257637362205
6950,0.144442283309425,0.130129471121441
6951,-2.24671990875824,-3.90656003509241
6952,0.517498038139081,0.762546780385053
6953,-0.726854263136152,-0.692499225075239
6954,-0.481907674778526,-0.433161106240873
6955,0.59749426289062,0.530150468139168
6956,-0.87596716929442,-0.855276238202005
6957,-0.229432250426985,-0.191500639601957
6958,0.187579571393322,0.191935463988473
6959,-0.149457876677071,-0.121819300577944
6960,0.500209797726116,0.795260254875644
6961,0.745499161317715,0.567423505663832
6962,-2.34712494053653,-2.84282438470798
6963,-0.863056243628262,-1.53888224374426
6964,1.31090746212774,1.18926536916272
6965,1.43419133193046,1.04784747489857
6966,-2.45777953274972,-2.71679659586735
6967,-0.0479043093392445,-0.0502318337857783
6968,0.0232403263216223,0.019426545425816
6969,-0.972589737607131,-1.0664771674404
6970,-0.248685181071186,-0.220378845871352
6971,0.451745169109195,0.475314892965645
6972,0.379897671782748,0.46197591452741
6973,-1.10138980989699,-2.11147288916191
6974,-0.221735829832585,-0.276438404180036
6975,0.436110990824052,0.400269903513737
6976,-0.0563201581767785,-0.0635031871121494
6977,-1.43583055012106,-1.62354825875409
6978,0.339408675646368,0.247476994041688
6979,-2.28514714342063,-3.88941659412356
6980,-0.544859093369388,-0.859307230128467
6981,-0.0495656664436857,-0.0605916057410897
6982,-1.40754633288506,-1.39226520720991
6983,0.294373781758282,0.296155423197638
6984,0.558513181568908,0.472739666816951
6985,-0.376987319234652,-0.496482126582395
6986,-2.39096273738058,-1.72463412385526
6987,-3.44248076289096,-6.12965948592174
6988,-0.00299420777108162,-0.00432388626828638
6989,0.654624147569096,0.744261181070897
6990,-1.24238114856566,-1.97300297721342
6991,0.353134362911771,0.332331042675189
6992,-0.0498913099057937,-0.0620790569670942
6993,0.740434910311195,0.71827972659327
6994,-0.462980685002414,-0.40092924336001
6995,-1.17462325878027,-2.44001661890969
6996,0.95624502200095,0.563320986868702
6997,-0.851632435997141,-1.26958088135341
6998,-1.66800105250282,-2.77938695746375
6999,-0.117561998292392,-0.102086142379228
7000,-1.74941139770066,-3.16226577099403
7001,0.0257987694935568,0.0227892946426269
7002,-0.800167600378847,-1.04784287044833
7003,-0.485587699898616,-0.803651646113812
7004,-1.22498010853254,-1.49562211330459
7005,1.10560246946905,1.17604505391976
7006,-0.896926993397291,-0.898611096531827
7007,-1.29371237525941,-1.61144711677869
7008,-2.90973894734986,-4.48877812352824
7009,0.132166328956784,0.127636599197003
7010,-0.491628096959238,-0.456661279296709
7011,1.35979120219937,1.04220964126897
7012,-0.53703060959684,-0.601907227120998
7013,-0.429199350819311,-0.626717757134785
7014,-1.28389704946491,-1.6780108531534
7015,1.10762110317114,0.842643049558718
7016,0.158390084031585,0.165329807974908
7017,0.611890349874389,0.512578206329913
7018,-1.90759844434085,-2.06474604320984
7019,-1.62498672756362,-3.12196965418694
7020,-1.76012804429208,-2.78526583739194
7021,-1.44294466866054,-1.26395831007572
7022,-0.395746518256119,-0.444761765959095
7023,-2.40330901785161,-2.27513555203067
7024,-0.704758189154102,-0.996770997054258
7025,-1.08881030455448,-0.918295074798436
7026,0.0414075184028365,0.0374604605696862
7027,-0.759596151998159,-0.620944167421688
7028,-0.502576274301859,-0.672745584445908
7029,1.80405657691052,1.23470967554562
7030,-1.4553723703441,-2.04496075918246
7031,-0.0777391717076808,-0.108916023131631
7032,-1.6096885255055,-3.41791989697027
7033,0.424494316788998,0.464995641096384
7034,0.48675131638402,0.472204757326701
7035,-0.880804503166303,-1.3971047104346
7036,-0.619447675850845,-0.632206525486315
7037,1.62111225712211,1.0202131004362
7038,-0.725516179780683,-0.732660676781517
7039,1.06924987878172,1.05935589584429
7040,-1.25905109602159,-1.58021377793868
7041,1.01540178385186,0.81511667008101
7042,0.782807245440729,1.0532018320064
7043,-3.48239626080811,-6.12679809324367
7044,-0.228992377606801,-0.253248782355661
7045,-0.258154377502371,-0.169792604253024
7046,0.0280793463586966,0.0272617606600808
7047,0.141846366823072,0.120479804990023
7048,-1.26070655793426,-1.26862805679439
7049,-0.404165180699694,-0.487368875069909
7050,-1.02843037406384,-1.23278848204069
7051,-3.3928965545256,-3.95658674934259
7052,0.695911780020366,0.64025575394096
7053,1.41829194848355,1.30716158215166
7054,0.0508522846924004,0.0676359874031661
7055,-0.376699386447814,-0.418623221952959
7056,-0.13739774683423,-0.117957286768592
7057,-1.7846265831616,-1.96267955044904
7058,0.955700000155464,0.757627842556551
7059,-0.526779825480737,-0.392183151408547
7060,-1.31209667907129,-2.24157887495334
7061,1.14570083614253,1.1246501516149
7062,-2.42286695951319,-2.33406634580478
7063,-0.367313007736153,-0.359484473237476
7064,0.527669843093115,0.516704416369904
7065,-2.2176364963691,-2.42753779104226
7066,-2.56873071406089,-3.10688452321702
7067,0.608676313794825,0.389713921003752
7068,-2.29667036555076,-3.20541647825131
7069,-0.249881738034961,-0.227953881915352
7070,-1.09962041565966,-1.32158190977305
7071,1.70078895308655,1.17549353969342
7072,1.35760167783,0.900826994611232
7073,1.26681549566444,1.0970561509284
7074,0.512047651270079,0.282115888901688
7075,-1.64300248807016,-2.56549803763589
7076,0.370994578445184,0.30378809419966
7077,-2.0050044020328,-2.47039842532795
7078,-0.712191270048807,-1.07776921615021
7079,0.938878446069506,0.673037874400882
7080,0.479502314839845,0.366135688206076
7081,0.728547897079288,0.73038679272733
7082,-0.844923384018939,-0.925492509996795
7083,0.167828001021227,0.133083452903198
7084,-0.766833139968542,-0.768897325739514
7085,-0.995683365236436,-1.03112345494852
7086,0.470737888390925,0.579006316994347
7087,-2.50039005849331,-3.02233560938966
7088,0.168623814710081,0.149769874286094
7089,-1.79144438270897,-1.80939591989817
7090,-1.57906736764073,-2.13219437950278
7091,0.595658327725857,0.512177810999303
7092,-1.23007215056258,-2.0561762986786
7093,0.632309364257492,0.60271470641931
7094,-1.47893461025726,-2.74403834602027
7095,-0.489563861818287,-0.404523515867787
7096,-0.776864946276752,-0.88328647021546
7097,-2.56655753095479,-2.83850297974802
7098,-1.0404857125155,-1.31523604573011
7099,-1.06216258274374,-1.25313198113459
7100,1.27671751376303,0.827495642912855
7101,-0.588248762762307,-0.57371553309989
7102,1.32817819222472,1.24996977789871
7103,-0.631514314519242,-0.98487858598331
7104,-1.25421206234238,-1.160820520078
7105,0.13964022474179,0.117589816512099
7106,-1.03713090925289,-1.24190709675892
7107,-1.49468192321867,-1.255859069161
7108,-0.620255639364556,-0.714034127321167
7109,0.67696734486936,0.656657804820804
7110,-1.69624334195987,-1.76078051097526
7111,0.375587941269171,0.334984342639891
7112,0.506014919191278,0.479306550150318
7113,-1.77409124681599,-3.03816579663716
7114,0.676990071069172,0.432077044742514
7115,1.55929952267951,1.18479316503171
7116,2.310808368143,2.05908215769857
7117,-2.33076200498905,-2.43809101519459
7118,-0.379214396493582,-0.528337536031909
7119,-1.40331963070712,-2.10330317552328
7120,-0.820141302895974,-0.731703762738817
7121,0.320078856330722,0.325204315157393
7122,-0.164652717771841,-0.119046828370928
7123,0.100274372549116,0.126786514733764
7124,-1.37832675196475,-1.87267640070443
7125,-0.284174788786882,-0.348865150017175
7126,-1.16863651238088,-1.22894875184163
7127,-1.39228180037735,-1.83345645299843
7128,-0.147887276507143,-0.130829743306695
7129,-0.634754449151101,-0.8729562831606
7130,-0.903744901499793,-0.855092176026843
7131,-1.10357858994262,-1.40315727030165
7132,-0.279727730322828,-0.327863784253689
7133,-0.573335133677292,-0.648330184999325
7134,0.863376471750546,0.760771756549222
7135,-2.56001785305933,-2.48650333977735
7136,-0.720530694771258,-0.852061364602894
7137,-1.92994861129169,-2.25269266902533
7138,-1.39822972255202,-1.64413753624203
7139,0.514571403364421,0.431670063955535
7140,0.575834985135626,0.681238258520817
7141,1.3103261266691,1.19919671907351
7142,1.34754399408741,1.34771624893582
7143,-0.895987758615852,-0.868982280552383
7144,-1.22272586608299,-1.46393827735006
7145,-0.109208425459269,-0.105129671347202
7146,-0.107442446651072,-0.0870656907638913
7147,-1.96190771867033,-2.81293196697634
7148,-0.128769297602899,-0.127337907347331
7149,-1.73005039455462,-1.64230798518181
7150,-0.422777767821063,-0.582988307745137
7151,1.69832614148816,2.00515677965097
7152,-0.997193834546302,-0.830822342367338
7153,0.745261969645302,0.753927072327345
7154,-0.594509350734069,-0.782848376561815
7155,2.97271067768718,2.38876334793142
7156,1.16489600199212,0.708026429806117
7157,-0.956421602336454,-0.959275058307418
7158,-5.26069062373326,-5.28870530674478
7159,0.195607626483252,0.208216185724827
7160,0.568013330071323,0.62102215738933
7161,-3.38864603896191,-4.39625797587805
7162,-2.74250643087475,-2.93920210119872
7163,-2.66992322679644,-2.32966835731356
7164,-0.214002917498867,-0.195830289713997
7165,-0.480422527473806,-0.495288378714958
7166,0.838098879382698,0.577571445603676
7167,1.05169952731301,0.988047293921302
7168,-0.747086100858276,-1.33156378383421
7169,0.631070101386681,0.636430720470292
7170,-0.638726473135547,-0.68256900618703
7171,0.745493997947478,0.72805424162002
7172,-1.78689491600464,-1.65346326417113
7173,-0.0595314608064441,-0.0673934949321213
7174,0.577720077009252,0.438345879677601
7175,0.796117762216092,0.820898807074777
7176,-0.146107382303156,-0.185747582889148
7177,1.88588153054913,1.59784970948003
7178,-1.90970803930066,-3.38299177796279
7179,-0.642886769460396,-0.657665865200991
7180,-0.101879895698186,-0.0930566471188568
7181,1.04596499258519,1.28089445434197
7182,1.80625542214587,1.15307539286052
7183,1.25257665880007,0.993599909240182
7184,-2.33250275932147,-2.04410999005766
7185,1.16217084022506,1.01921529891165
7186,-0.423687440615279,-0.507117859023475
7187,-0.11501983733013,-0.123560906464746
7188,-1.87563207743642,-1.65224795903022
7189,-4.28495792852241,-3.75993337463031
7190,-0.225188543758897,-0.285846053055247
7191,-0.0578087245103662,-0.0599434049537585
7192,-1.45518908794015,-1.64878784982004
7193,1.25308101857081,1.18288637534224
7194,-1.24655238716548,-1.31808631920221
7195,-1.35244637051757,-2.26461237607125
7196,-2.12888512137919,-1.8024413573667
7197,0.534844123261275,0.50704333478045
7198,-1.68364919485998,-2.2508993210525
7199,0.228775263383179,0.284370151105584
7200,-1.50165792597066,-1.47174904097197
7201,-1.36816666261567,-1.21560204431443
7202,0.205055342411658,0.200354324984262
7203,-1.34982770213043,-1.22103415856631
7204,1.25113424623138,1.11889299024971
7205,-0.90804538286057,-1.08775156782523
7206,-1.16958651696708,-1.27863869250751
7207,-2.60758451455292,-3.56436877683823
7208,0.776715885772763,0.636367183214904
7209,-0.246246295089437,-0.217123502143751
7210,2.01754333210362,1.6667270809533
7211,0.0598372201394241,0.0552602923865994
7212,-1.70700539862506,-2.26480452671634
7213,1.18298717926661,0.941474147462861
7214,0.359585376785301,0.476831848496514
7215,1.2967579730014,0.979353013482133
7216,-0.366043488901123,-0.466132456017518
7217,0.257762218700574,0.254218142674402
7218,1.12281089310508,0.81819463000839
7219,1.26282603174206,1.73514354442064
7220,1.83947971042396,1.09973629769527
7221,0.593898816955777,0.459303996188232
7222,-1.16935836833471,-1.64155273612177
7223,-0.888998730425304,-1.36140634198677
7224,2.76915628809373,2.40770288187674
7225,-1.88536372559745,-2.38547210618007
7226,1.14264423729301,0.862887874755989
7227,-1.7039505275019,-1.57483294793077
7228,-1.97324387771193,-2.29661732423867
7229,-0.22936708293686,-0.244716815482723
7230,0.216356442298297,0.22451938405122
7231,-0.53797394493797,-0.771317622354895
7232,-1.93436302514623,-1.60561522591491
7233,-2.57055606716677,-2.54262279487188
7234,-0.766136016375266,-0.706774247570517
7235,-0.967123768574412,-0.768820825691462
7236,-0.070813339365125,-0.0661724271225845
7237,-0.711013675743595,-0.832446193827719
7238,-3.88068093330765,-7.26938541044708
7239,1.91404084030517,1.81996634928601
7240,-0.102054119474671,-0.125413978321754
7241,0.222212660724063,0.207026437120423
7242,0.0807443995240937,0.077798146467829
7243,1.4541580773386,1.0704583032895
7244,1.76491469734309,1.46618938814756
7245,0.0896555913872633,0.0939209228361735
7246,-1.50048930512033,-1.46069718162328
7247,0.527489466855107,0.570518623182188
7248,1.73220580780285,1.28235921546373
7249,-1.63101015623033,-1.93810934014727
7250,-3.56233525525251,-3.74534535272717
7251,-0.38106835218334,-0.452838407039398
7252,0.465139461059076,0.362487004933113
7253,0.0264564506478914,0.0313165533037728
7254,-1.72848808230913,-2.07143336942595
7255,-0.610198996515896,-1.117444745166
7256,-1.85922396883748,-1.33951297317498
7257,0.209260807545686,0.213927953988749
7258,1.7211776174578,1.1046992067926
7259,1.41375040206162,1.74972875484116
7260,0.224571266695057,0.237143651425976
7261,-1.53295460539484,-2.656563095793
7262,-1.37044019228086,-1.43056916580736
7263,-0.819165414810329,-1.02120866655395
7264,1.87402472779219,1.48276405846459
7265,-0.230193268916374,-0.194035471681505
7266,0.443433833472552,0.420978045600992
7267,-1.17751718303648,-1.68888945926803
7268,0.804260238689744,0.656575847942344
7269,-0.00890419440873094,-0.00812309025387708
7270,0.336435964506875,0.481990152205525
7271,-1.28722275393374,-1.36053181993047
7272,-0.659181463605651,-0.713172310397863
7273,-0.520220245604803,-0.574905263341334
7274,0.13043233213062,0.147137941322619
7275,0.337409483515859,0.360453257629861
7276,1.64444764062242,1.00244803271739
7277,0.455743633057754,0.534357853930227
7278,-2.22107630040555,-2.3692545188098
7279,-1.23256918634722,-2.50004645719303
7280,-1.16989747154459,-1.35291841615991
7281,-2.54606586781501,-2.44177409723553
7282,-0.609085149426656,-0.79983506086263
7283,-0.974389460061979,-1.0394980611631
7284,0.0722926915879688,0.0766981615443477
7285,-0.802470639183697,-0.796910750015774
7286,0.89599790887847,0.850176566510153
7287,-1.33357280869693,-1.21057166863734
7288,0.746810457512442,0.839265633184318
7289,0.571662209059737,0.515744600068385
7290,1.22795196197727,1.08659140196594
7291,-1.08566550713166,-1.1046746499486
7292,1.25960410376584,1.15376831935885
7293,0.364565075009706,0.361353756040096
7294,-1.14671785811262,-1.08213090348482
7295,1.19496545038683,1.35699410740671
7296,-0.827864349113382,-1.0480077819136
7297,1.04332663410655,1.26220867800364
7298,-3.09937964891051,-4.23137076551396
7299,-3.2802904844957,-4.61024051082327
7300,1.26034291850414,1.04680114913946
7301,-1.00834478389335,-0.837926921803461
7302,-1.3048928127383,-1.48566432833085
7303,1.56954736510453,1.38788596601246
7304,-1.60444307119356,-2.29201836609848
7305,-1.33075623099465,-2.16553096025461
7306,-0.812402407821226,-1.10046277848498
7307,-1.13733943412752,-1.81961367459838
7308,0.687027908982455,0.632861835481477
7309,1.42746246632769,0.850548333635249
7310,-0.898734195653187,-1.72202335741537
7311,0.536732829239596,0.355945715982138
7312,-0.894163149859749,-0.67440178987198
7313,0.278832213850626,0.248226150085726
7314,0.630002833096369,0.667857483925649
7315,0.579588395089327,0.566060130657114
7316,-0.642631056498701,-0.544792707016726
7317,-0.222280706804859,-0.224706824389018
7318,0.687865381594477,0.626520956654215
7319,-1.39435641697273,-2.41689853198712
7320,-2.65389458017224,-3.09857366528756
7321,-3.29096563159422,-3.45899090837552
7322,-1.07540463070702,-1.59012201590871
7323,0.19207846216899,0.179129028454107
7324,-2.7623035102868,-2.9565910379732
7325,-3.52529238037481,-4.42607129333574
7326,-1.59004383856624,-1.66361137346838
7327,-0.33728794533504,-0.373088339618966
7328,1.05005256261086,0.806315964070321
7329,-0.883629253765057,-0.892841533499944
7330,-0.0518244635430382,-0.0547731377683717
7331,-0.00958848700163838,-0.0123457559629519
7332,1.16150146322786,0.817900957974692
7333,-0.0276572991884137,-0.0258917614743113
7334,-1.44066362229291,-1.48590064060969
7335,0.545285414221037,0.583966316441762
7336,0.0568782949631213,0.0498451241049252
7337,-0.296864988644029,-0.24184071354471
7338,-1.35767384576966,-1.77844207607492
7339,0.0685885657936074,0.0666264197403954
7340,-1.10046385219308,-1.76836648338362
7341,-1.2059802278969,-2.35082544751683
7342,0.975880235406496,0.784079143029413
7343,0.799990703578505,0.842293897377668
7344,-3.95017642749898,-4.53559865483877
7345,1.13199719252114,0.91536354391185
7346,0.972571001852707,1.29748466043257
7347,0.911901454198237,1.03844090392077
7348,-2.1080592586718,-2.34733313908441
7349,0.475887064310423,0.487426211915072
7350,-1.55224868959043,-2.28937443533853
7351,0.182933623301372,0.225230922366473
7352,0.85589730078106,0.682919478030895
7353,1.51111603113548,1.25138397424768
7354,-2.23664025674866,-3.13379897311962
7355,-1.96935458325195,-1.93199550484517
7356,0.412862757568485,0.347701608523093
7357,1.22114325736269,1.31121892657231
7358,-0.272627893183591,-0.296968104033392
7359,-0.563294676498097,-0.609394290560216
7360,0.374523864295874,0.357448687690052
7361,-0.539603342234471,-0.808196527073101
7362,1.02866090587206,0.744168648795519
7363,1.08327607331145,0.938867658610229
7364,-0.334247394487371,-0.447154100565548
7365,-2.53571821449098,-2.90744891008893
7366,0.0444139760775602,0.0428025371778822
7367,-1.44392682129629,-1.85043860141175
7368,-0.532008493289411,-0.49658120243301
7369,0.198399735528391,0.276788582383397
7370,-0.145698844401263,-0.133483955623146
7371,-1.8972135116519,-2.35890107641472
7372,-1.47401964614596,-1.40049768395263
7373,-0.709506131702018,-0.79347588854855
7374,1.21038975715215,1.11785290965064
7375,-0.838696204117888,-0.904131360872707
7376,-0.78484947474436,-0.965100554601922
7377,-0.364982580594366,-0.243486685414718
7378,-1.34001123922905,-1.55918697830618
7379,-0.407071306898821,-0.422555726444242
7380,1.42694772930069,1.54006602804864
7381,0.511927519087571,0.59186524419649
7382,0.530233598335933,0.550324117388931
7383,1.33633514215564,1.43558693709002
7384,-2.52226647084493,-3.04628061745015
7385,-0.979824996147133,-0.89858639424497
7386,-0.235030661107818,-0.305867280480236
7387,-0.355779086833527,-0.492551743763062
7388,1.12665101570592,1.04552960379802
7389,-2.29819020752269,-4.19787907259379
7390,0.881259114055225,0.772586463776573
7391,0.899995345947329,0.655422354810223
7392,-0.772275452625752,-1.33566360103272
7393,0.391121667278478,0.31452110567672
7394,-2.42655977286425,-3.43312916509185
7395,0.432379132414109,0.594909244996206
7396,0.78531159619265,0.818972581166137
7397,-0.613037073670531,-0.75975615638719
7398,-1.54218117766281,-2.21717075643841
7399,0.608831241753912,0.652844837670663
7400,-2.89381681522378,-4.29551840840683
7401,-1.67710341629616,-1.75589517058783
7402,1.36455125106839,1.4470150738717
7403,-1.19012382077001,-1.00491258306855
7404,-1.16228767089488,-1.46487326183094
7405,-1.72515387806249,-2.41119243097621
7406,-0.575628545042147,-0.55754610571664
7407,-1.96588692022918,-3.43723686082144
7408,0.370906122900548,0.443208131183338
7409,-0.90664913497491,-1.08735412412322
7410,-1.4508921217155,-1.44016872792775
7411,-1.68215591095996,-2.35513791233295
7412,0.823138657521954,0.58760895186479
7413,-3.25086616065269,-3.95388711041745
7414,0.129535798775708,0.12675648126625
7415,1.4536770406243,1.2602642971376
7416,1.76263176754909,1.40165959476746
7417,-1.84233503247709,-3.21757007826467
7418,-1.51836929627994,-2.60157419607063
7419,-2.61915895725586,-3.29001257196526
7420,-1.38924130884777,-1.80692084128979
7421,-0.794228421188311,-0.803277050083783
7422,-0.331322547573281,-0.685491672904149
7423,-0.171527593725705,-0.214423535321567
7424,2.04264597777905,1.98586817632534
7425,-1.75983951227161,-1.68105700243795
7426,1.6800786798875,1.16103108072811
7427,-1.81618508915434,-2.80629928323668
7428,-0.734707998688382,-1.18404271089346
7429,-1.02614232550908,-1.381990389719
7430,-1.21615286705099,-2.15565089628927
7431,-0.386728926224021,-0.483137580543273
7432,-1.27259395525797,-1.39434531795985
7433,-0.299240122142074,-0.388157306816374
7434,-0.169308807318779,-0.169343091360029
7435,-0.292328250847649,-0.416239818852858
7436,1.83853987946703,1.03216793162242
7437,1.07782892877092,0.878044883215723
7438,0.948206189251004,0.944277763429444
7439,0.864498011515949,1.02539207284092
7440,1.10525182274877,1.04579157568937
7441,1.15683536344766,0.832622087423766
7442,-0.179346526258006,-0.172257269747142
7443,1.08769141165487,0.960854455747839
7444,-2.71541469702754,-3.56843804623247
7445,0.648839113706073,0.658130780115241
7446,-0.44770502573279,-0.48030503639719
7447,0.230200613136269,0.225054643305763
7448,-0.422761995512767,-0.390928890469409
7449,-3.62790822551206,-4.85697879526024
7450,1.88666733544372,2.02580066420807
7451,-0.605726980492567,-1.14396853366211
7452,-1.47298679688597,-2.62508347917397
7453,-3.04037806173922,-3.66134225453729
7454,-1.74773787440401,-2.23423252917071
7455,1.80362065264001,1.48156770408114
7456,-4.2977035081589,-5.39941924541115
7457,-0.071356502822069,-0.0484377007173117
7458,-1.96262912372213,-3.18195258723323
7459,-0.394342886040352,-0.512551235529288
7460,-1.1502086254405,-1.19677621093217
7461,-0.846090654963766,-1.16476829826804
7462,-3.01566935980458,-3.35183134204857
7463,-0.0681285684436176,-0.0635947245922594
7464,0.59652586440954,0.851641720045004
7465,-0.050717103617767,-0.033474318412295
7466,-1.35037571000008,-2.51918393903953
7467,-0.0138279662141385,-0.0160652174918555
7468,-0.172895491609839,-0.275304894682247
7469,-1.47517306718259,-3.2205666876011
7470,0.905075816685871,0.885259628530968
7471,1.32855010042245,1.02852140055861
7472,0.385556593503182,0.306132562208048
7473,-1.2007345384921,-1.78218759580422
7474,-2.1909321631249,-2.82436236066206
7475,-0.223178717479168,-0.213186433679719
7476,0.274579586669621,0.215125419576057
7477,0.478416327093481,0.494805708659391
7478,-0.0967593170052243,-0.0937902998966063
7479,0.137488855380348,0.296950981368592
7480,-0.234863967887073,-0.339476809566961
7481,-1.06642767043167,-0.950949477166404
7482,-0.0273720402284973,-0.0361705453691284
7483,0.451183676956601,0.374944797269407
7484,-0.443834219819444,-0.570340556474798
7485,0.370570172662711,0.374405644816874
7486,-0.953701521015389,-2.13147441595405
7487,-1.31111719848995,-1.28146984273403
7488,1.38177718901623,1.13882689390014
7489,1.25329781775931,0.722018398907416
7490,1.36311391827223,1.221663048016
7491,0.235565467980636,0.247264296802025
7492,-1.22678204718699,-1.09772051245582
7493,-2.08854118225447,-3.30373433907163
7494,1.29860611450085,1.13046528340125
7495,-1.64398521046328,-2.34058580350174
7496,-1.39061520313866,-1.60008854344592
7497,0.134140996849571,0.120403515158831
7498,0.814693678498886,0.766267294764691
7499,-0.436630073135727,-0.892289518268182
7500,2.97997909549277,2.60066925054727
7501,0.851051056941672,0.658923488970972
7502,0.17151295314149,0.124450988577886
7503,-0.502584417918882,-0.813213894429841
7504,-0.709437652020484,-0.73247924682915
7505,-2.86982309916461,-4.67583665190229
7506,-0.484953785618031,-0.477472651852229
7507,0.210182515217133,0.239953138326049
7508,1.68163866597727,1.47834297474092
7509,-0.608778190014654,-0.521200517998451
7510,-0.821383192507722,-0.77413708744317
7511,0.908022900874286,0.755760210299418
7512,0.130316976790343,0.130050424926522
7513,0.0316400055890284,0.052879662599459
7514,-1.08134786313085,-1.20132232807259
7515,-0.925588120723298,-0.940349107761816
7516,0.977201196527114,0.836827821722848
7517,-0.683566267396482,-0.840403076226008
7518,0.197889462993771,0.193048626850435
7519,-0.173277466691418,-0.18147553750677
7520,0.28640462347216,0.266815111692873
7521,-0.0707719753026966,-0.0718378857784623
7522,-5.71788020576691,-5.00915069216655
7523,-0.262757418122861,-0.225593326161933
7524,0.109481053968923,0.0950727507386302
7525,1.20614716323678,1.03595327686974
7526,-0.655540316582384,-0.696776578712614
7527,0.0355693406084139,0.0313817353929776
7528,-0.101534924386431,-0.0861265095282483
7529,2.96200630356735,1.88003584405909
7530,-2.03115777726865,-2.08109724953857
7531,0.794618144402867,0.624526349296378
7532,-0.0710026685068202,-0.065396658254107
7533,0.195813745231591,0.241157760214415
7534,0.957911422041506,0.794669190023772
7535,-0.568946993096011,-0.766908320593693
7536,-2.6938499231181,-1.96392627753055
7537,0.772173382979467,0.65231784300655
7538,0.556556083522556,0.584600706693442
7539,0.811595676639447,0.692826902129893
7540,0.757922793118102,0.821910661433025
7541,-2.8711805277055,-4.9823763204015
7542,0.469351713601882,0.54594948869336
7543,-0.060399710603101,-0.0580894543153181
7544,0.0249345430577117,0.0395957298059208
7545,0.48621737870257,0.468174929808843
7546,-0.16695673330759,-0.229778276501701
7547,-0.649964672241699,-0.977562741657361
7548,1.68674495739598,1.52700185901459
7549,-0.184850235488457,-0.315832011524244
7550,0.151550206256348,0.149225241983816
7551,1.61332609769644,1.75377789860832
7552,-0.204684494312185,-0.229296871024557
7553,0.635450738729137,0.737406586960796
7554,1.14922902046638,0.956430153055963
7555,0.602402748803463,0.469104279280805
7556,-0.676404059697576,-0.88146310304188
7557,-0.0230152531940812,-0.023440934999653
7558,-0.0760385651516271,-0.0649238346458385
7559,-0.0284195462857829,-0.0321903022874233
7560,-1.86465795376295,-2.2242850721523
7561,0.711223075566768,0.748427328179432
7562,-0.087876588973764,-0.0699550273531867
7563,-2.99957761915563,-3.31814261061607
7564,-0.110670275196434,-0.102882645758724
7565,-1.26903903148312,-1.70572533627933
7566,1.65944420140484,1.11030268195365
7567,-0.0182564837153847,-0.0231713752836901
7568,0.455685659247585,0.545976605321098
7569,-0.77926673949525,-0.913274898067862
7570,0.96673201422684,0.883592291126594
7571,-0.0141252339661734,-0.012786442776156
7572,-0.965113051190201,-1.90361073276436
7573,-0.687871968371903,-0.939605503247106
7574,0.298254740059202,0.256840605199084
7575,0.711873430077808,0.748199675485691
7576,-2.43010257740799,-3.69151214012442
7577,-2.1496075652623,-2.89309107041094
7578,0.475376766328734,0.433522728512262
7579,1.66393279958945,1.45981094663783
7580,-1.41952375706393,-2.3271150886864
7581,1.81905352445502,1.59379667146582
7582,1.42706004973478,1.38666180283683
7583,1.09974677197438,1.19408307158266
7584,1.11757354532096,0.823698733497609
7585,1.56250912383292,1.46731844318642
7586,-3.13920766008358,-2.91992683798194
7587,-2.04826112333962,-3.77699719789248
7588,-1.46647531800012,-1.84917154564435
7589,0.866795810201611,0.871867162667702
7590,-4.93304674929074,-5.49665418932201
7591,-0.787639966184729,-0.930161551185323
7592,-1.52075457424768,-1.81432152583027
7593,-0.0805278604511265,-0.0994402124866721
7594,-0.953881936050721,-1.15037472508264
7595,0.255870202955845,0.31289484481851
7596,-0.40537478230253,-0.490368078525804
7597,0.234270911361277,0.222939484652882
7598,0.978315127154322,0.834049094184147
7599,1.31723099644183,1.72072271710741
7600,-0.135646092665015,-0.123428005865291
7601,0.282856221249566,0.281077112045625
7602,-0.158726876157691,-0.19931436298017
7603,0.666553686276158,0.692876161690986
7604,2.56338014224267,1.85671111741109
7605,-0.137657489182557,-0.163678303127678
7606,1.61044658413898,1.38007058685319
7607,0.422012873717009,0.458055926823664
7608,-0.500256368255139,-0.588555286362483
7609,-2.35484695840707,-3.95991717883486
7610,-1.05010344500636,-1.23753736406365
7611,1.39777439395498,1.06889502767066
7612,-1.39848604123203,-1.55190395662838
7613,-1.92135924886338,-2.88001572813924
7614,-0.0823311393006183,-0.0599130105425386
7615,0.000117636814187552,0.000103657263169668
7616,-1.52778537077289,-1.43666951943692
7617,-0.557424258959215,-0.739071540567907
7618,0.660166645422178,0.601949482901219
7619,0.986361622067643,0.758546104223883
7620,0.747911930635131,0.684701302387868
7621,-0.031682739933307,-0.0491193914973976
7622,-1.38478435277983,-2.09623112933551
7623,-4.42719778667754,-6.89524248032976
7624,-0.66680785804515,-0.593238965042758
7625,1.74451765827426,2.0325242239831
7626,0.520737623523658,0.53454507876135
7627,-1.00333088677847,-0.821727918865465
7628,0.961817974579453,0.659521584020376
7629,0.508839789512514,0.487563460133435
7630,-0.386427536639417,-0.408144104799885
7631,-1.97021926029844,-2.22035666504173
7632,-0.114638727914884,-0.214025052376619
7633,1.57864531474771,1.17448259416362
7634,0.853879506938288,0.750851079223336
7635,-1.60240703535326,-1.39842196476173
7636,-0.123351243726653,-0.160998969334028
7637,-0.502721647681549,-0.609712730210081
7638,0.333434465207421,0.302259681961045
7639,-1.6827345610439,-2.94215316712509
7640,-0.495476787185303,-0.710361815793138
7641,-1.64926055412088,-2.03767031309823
7642,-1.05806047092328,-1.32619974407953
7643,-0.000209626809207132,-0.000186528156824508
7644,0.880882325971874,0.606933795386922
7645,-0.303808864909003,-0.417397592200099
7646,0.318654770826162,0.250881724983148
7647,-0.579279267308286,-0.628309869157077
7648,0.277317385969887,0.335918486192813
7649,-1.1351086203728,-2.19669993927578
7650,-1.70736321121654,-1.21830094383153
7651,1.91318470962636,1.58680117228013
7652,-0.501122321497509,-0.431035431764941
7653,-0.301464516663377,-0.322549815429483
7654,-0.448005133591375,-0.347456511561431
7655,1.22929250578351,1.20343832766379
7656,-3.52171058633854,-3.12085059393448
7657,0.445356322961115,0.295892237232063
7658,-3.49659559633137,-3.21971676887303
7659,0.474067614658754,0.721115031410089
7660,-1.21000572470003,-1.2808803677757
7661,1.52856873686297,1.27983566004889
7662,-0.0462946063937382,-0.0388294822694976
7663,-0.2753773217089,-0.270965592279481
7664,-1.69132195399319,-1.91780615827344
7665,0.571651825071438,0.429087121478169
7666,0.00172005693866382,0.00303827660778481
7667,1.12720833924616,1.07999264677106
7668,-0.244728596914871,-0.26474559982597
7669,-1.31686331556788,-1.69447393396965
7670,-0.954122932259885,-1.25157322326801
7671,-0.425679857904476,-0.503823738978814
7672,-2.23400899293694,-3.61650351189435
7673,1.00035390607406,1.19686737093189
7674,-1.43954737228992,-1.76934314591478
7675,-0.0949044934247607,-0.0895070538998033
7676,-1.22571840885476,-1.87355891232939
7677,1.36569565745672,1.08023262559524
7678,-3.0146263398969,-4.61086719786859
7679,0.0378517129266424,0.0577657079761107
7680,-1.2635947326181,-1.91013416002519
7681,-1.21990840436415,-0.881979288237512
7682,-0.450433318710016,-0.466996654637215
7683,0.049021073310589,0.0549726696779891
7684,-0.524488262558242,-0.661874076102992
7685,0.231930976393861,0.240480663846735
7686,-1.29690663818534,-1.41869523946989
7687,-1.114775423763,-1.84814519523771
7688,1.12116765073268,1.36992661492807
7689,-0.860104633204715,-0.994447504154396
7690,1.06089770275097,0.964253476183778
7691,-1.13181016481157,-1.32668402279803
7692,0.724185804199975,0.609333382347693
7693,-1.4955736287053,-2.15353611098888
7694,-3.20782015158935,-5.52085323595965
7695,-2.78161899919025,-3.77519017822209
7696,-0.388225989503131,-0.535842316129287
7697,-2.51143248426372,-2.92070703593188
7698,0.299175735608245,0.376589025739714
7699,1.64301120228575,1.51065871891073
7700,-0.922433932363939,-1.35321662428767
7701,0.689024493285221,0.717671557469126
7702,-2.54632774716924,-3.25518903104825
7703,0.776563432662129,0.605227393229653
7704,0.248304881063872,0.270920800112566
7705,1.81171010293535,1.82668341680093
7706,0.248774471423408,0.247433642201945
7707,-1.15622693094285,-0.827937819334591
7708,0.730229027759472,0.492502086529644
7709,-0.102714020222222,-0.135398157863519
7710,0.112142127648508,0.0907068558693649
7711,-2.52426686209238,-4.28856569800175
7712,1.25369129854975,1.3003342332039
7713,0.755775392714737,0.937943726764229
7714,-1.56207086764285,-2.10252055485695
7715,-0.469103774061569,-0.686800850128136
7716,0.926923402537508,0.802689594246951
7717,0.167539191023264,0.198171838448946
7718,-0.863577426547885,-0.835818390177133
7719,-1.08117216966843,-1.04634479201665
7720,-2.85108651721931,-2.91598246557908
7721,-1.92365953955535,-2.09455226458271
7722,-3.18993718134252,-3.67328125034336
7723,0.193031895532159,0.286127576948379
7724,0.097523604552141,0.108265229698336
7725,-0.451489639518236,-0.537069559154292
7726,-0.339151611396247,-0.296189089237649
7727,-2.80795209733112,-3.06039866944521
7728,-1.10015389524292,-1.14049307180469
7729,-0.974404259868344,-1.4425256563789
7730,-2.63328605082305,-3.66353386103266
7731,1.93518924921772,1.67194053714013
7732,-0.868168674262441,-1.10811092357677
7733,-0.254851620369532,-0.509669917667407
7734,1.61606195539614,1.18684624949986
7735,-1.20585127973707,-1.24737069067384
7736,0.376949773771163,0.407466123197218
7737,-0.320442289367861,-0.292346140155642
7738,-1.52856156875145,-1.67535803446364
7739,0.648271164490884,0.485048602668955
7740,-1.87661872341148,-2.33735810720596
7741,-0.820836127274941,-1.16046426479652
7742,-0.643791543883732,-0.955439010222577
7743,-0.66729348033981,-0.607787686104109
7744,-1.89116899119823,-3.6352868977815
7745,-3.20759524733266,-5.14897563547754
7746,-1.12128625550399,-2.21502665192267
7747,-1.46757777294933,-1.51694229083842
7748,-0.963033255145559,-2.09624883164225
7749,0.968904845662494,1.03179479451895
7750,-1.89922483068148,-1.34880775849258
7751,-0.685182543819055,-0.650354096454311
7752,-0.257240151101575,-0.240803986928738
7753,-1.44113248402455,-1.61551911953655
7754,-0.364584385781775,-0.326467202916737
7755,0.012351431211746,0.00974174993445472
7756,0.774041473453279,0.603426879447874
7757,0.744514718365305,0.646435765199044
7758,-2.97526290537551,-4.2560178759729
7759,-0.92559428211801,-1.36535402183251
7760,1.84834414108516,1.73158110859577
7761,1.00900680174666,0.805489672387586
7762,0.809370471598153,0.59996387217607
7763,0.900970075261848,0.963595812940052
7764,1.16041873685873,0.77753685602626
7765,-1.00577057996459,-0.812289501353191
7766,-4.75447896329095,-6.9223136840344
7767,0.105166557511512,0.0885475437481033
7768,-0.140662124568458,-0.144274055591945
7769,-2.63376897574821,-2.70294874032722
7770,1.41021128736662,1.25213082469572
7771,0.818425280720752,0.922388735431347
7772,1.01427779558811,0.760506287089174
7773,-1.14007535785638,-1.41337147719745
7774,0.281250026009042,0.255899124876997
7775,-0.134058393582186,-0.130759481881916
7776,-1.66050420257578,-1.31306910392466
7777,-0.991199205159866,-0.87329386715614
7778,0.664385196387176,0.56987288717533
7779,0.18333832541967,0.190038101462303
7780,-1.91546906079184,-2.60472531740275
7781,-3.14357006684918,-3.66788625234099
7782,-0.448952276295811,-0.394979967431917
7783,0.262398354282027,0.231130215276903
7784,-0.144137681752112,-0.133151449392475
7785,2.11164371343557,1.71771880334298
7786,-0.38447157456178,-0.640961905456042
7787,0.93259490095168,0.845535062582161
7788,-0.980225367824307,-2.54051141205195
7789,-0.36697853282575,-0.422833617006266
7790,-0.0473479380514797,-0.0914484308963519
7791,0.363267397040917,0.401528026525356
7792,-0.489948239473196,-0.50560985759925
7793,0.0400941603138225,0.0365626345696329
7794,0.00906610299009093,0.0110304535223346
7795,0.0462864599366996,0.0397821097613305
7796,1.2124488393987,0.835397272683663
7797,-0.55900595948089,-0.802522425784034
7798,-3.72362263807482,-4.65020265628816
7799,-0.951899791348741,-1.02664113227195
7800,0.18467490356268,0.171244692282362
7801,-1.49392936605739,-1.71991747363031
7802,0.416699144983464,0.339684301722768
7803,-1.24845792034318,-1.48146619873724
7804,2.33071484817049,1.5244880842189
7805,-0.928192259740205,-1.06048327314254
7806,0.130814577299093,0.146323114827733
7807,-0.709581893715278,-0.654535222674065
7808,0.349184599483525,0.399784619930446
7809,1.24412956737586,1.11302096292037
7810,-1.08158487354338,-0.839212699425987
7811,0.87981301880294,1.05611569960297
7812,0.534618219575174,0.5210864474133
7813,0.916321951478463,0.777843800293176
7814,-0.0257350002643603,-0.028232541343074
7815,-0.564848373539,-0.430546204133635
7816,1.32132851521602,1.00543315219784
7817,-0.976277477453811,-1.34811171897171
7818,-0.208674715594287,-0.158748514858565
7819,-0.970944930159261,-1.65541230998554
7820,0.068923342400304,0.0571641458604787
7821,-0.110552066462527,-0.140637806320819
7822,0.184980600855021,0.210343327464272
7823,-2.19757338417374,-2.59504330777845
7824,-1.19887044135001,-0.938258019799721
7825,-3.44000451609233,-4.62605144460131
7826,-1.68937262825215,-2.01261870133104
7827,-1.21372376106214,-2.78506323857003
7828,0.152360412131565,0.157401733644823
7829,0.526120206468245,0.56402181567336
7830,-0.581499711836779,-0.902522971399097
7831,0.719996780166151,0.469345631283945
7832,0.4441503351396,0.437361416200894
7833,-0.00194279411244917,-0.00263307356494582
7834,-1.50013801619174,-2.05066356473836
7835,0.598296097376414,0.461464116662919
7836,1.3634143851548,0.971392936313043
7837,-0.835153482649635,-1.02355154534296
7838,-0.755916200348546,-1.21341657458256
7839,0.0163908997798613,0.0202613001297433
7840,1.33808867992112,1.46667804756442
7841,-0.121942839105067,-0.104885001719582
7842,0.589864168164121,0.637130553976849
7843,1.99559676440582,2.09167210610302
7844,-3.2442708584299,-3.96136203023456
7845,-1.83725723384193,-2.11180082903167
7846,-0.629544517608572,-0.852796323315579
7847,-0.519280922329078,-0.693636299893865
7848,0.818857670847281,0.753462376911375
7849,-1.70688431502698,-1.35744959803821
7850,-0.772839908583103,-1.03905863123312
7851,-0.33865884030523,-0.375965801502535
7852,-0.824160685245915,-0.763524671935634
7853,1.1123749958206,1.07811526123757
7854,-1.05966851460053,-1.15612487564549
7855,-0.672426647203223,-1.1342633235615
7856,0.367680084148701,0.381847343222535
7857,-0.157520621920986,-0.228869663193113
7858,0.184522075797887,0.153532554691081
7859,-0.0914871180227797,-0.0935263518872006
7860,-2.32468839749177,-2.4441669539678
7861,-1.20059589738183,-1.17019643981582
7862,1.5520210613186,1.57130932854672
7863,1.17184149698016,1.25670966016204
7864,-3.19555570935292,-3.74007520485161
7865,-2.23402118087033,-2.41331762775939
7866,1.98609390539884,1.93887208516733
7867,-1.24823904180443,-1.34797794665243
7868,1.61304688497522,1.47444330116132
7869,-0.879501538161509,-1.2197815760862
7870,-1.47364744489125,-2.15760128510526
7871,-1.64052930999206,-1.35516431797794
7872,1.33466114208714,1.51289974273737
7873,0.813618697681849,0.708559348480587
7874,-1.3636671339003,-1.23818831348273
7875,-1.91578998331288,-1.79188149128649
7876,0.610786095616589,0.42432829617728
7877,-1.17101585499624,-1.27610790847967
7878,-1.67705792598061,-2.88173968183292
7879,-0.864262278107667,-1.05315891883486
7880,0.96552191390076,0.96166428883843
7881,-0.973357925012096,-1.05068835884069
7882,-1.64186209918663,-2.16084194521229
7883,0.306186156035375,0.254321970202271
7884,-1.27092592892674,-1.45742075610214
7885,-0.180365267830466,-0.196684492214987
7886,0.622718125634576,0.662119158331311
7887,-2.34700381838279,-2.92355723247473
7888,-1.4354530742012,-1.72922720048418
7889,-1.45301796985448,-1.90680058697755
7890,1.2203247775966,1.43525747012388
7891,-1.61118497141954,-1.99805263325047
7892,-2.43693029504354,-2.55425776926197
7893,1.20935745677905,0.963097762264991
7894,-1.39413172956815,-1.99062146969793
7895,2.48991328426688,2.61677533297049
7896,1.60425498496799,1.01210317382095
7897,-0.258111231743584,-0.207677346278716
7898,0.258260994998594,0.447441385296277
7899,-1.17685961820935,-1.38426057243541
7900,-0.0247414622087805,-0.0251178802542656
7901,-0.745746863631734,-0.620111210156843
7902,-4.47836551874088,-5.71671591107726
7903,1.28720160180027,1.22184334101653
7904,-1.20597936907979,-1.25023852521167
7905,-0.368377876023146,-0.322502631202576
7906,0.174846718814867,0.276194344815169
7907,0.450995384086245,0.428394421161509
7908,-1.57919536871445,-1.87534690700703
7909,-0.719263823058894,-0.824559888377923
7910,0.918247551470338,0.763722721727868
7911,-0.434811962647554,-0.371792061952067
7912,1.22552233737734,0.81637433698266
7913,-0.605774565176211,-0.614275677200502
7914,-0.671457365778325,-0.84195160673465
7915,-0.530588684342017,-0.501170153613331
7916,-0.192946401100879,-0.229479813619275
7917,0.860432248922917,0.879144815075177
7918,0.821279823343852,0.72666913978557
7919,0.343636421919957,0.277382050092017
7920,0.104915420293433,0.111476342901531
7921,-5.90307596465537,-6.51822899392988
7922,-0.788030756309055,-0.891891612981468
7923,0.873072289868482,1.07720511860531
7924,-0.24474721634974,-0.405613724257932
7925,-2.17196583204739,-3.94124964351602
7926,0.234185501901615,0.38627587736725
7927,-0.916417942729653,-0.834207089794209
7928,-0.613354850723226,-0.763172806275895
7929,-0.0291205584042757,-0.0300824358755844
7930,-0.513791785253213,-0.739072948027757
7931,0.724456108428562,0.690098395711687
7932,-2.77741028043045,-4.02366400998676
7933,0.115848054844949,0.0865129976623893
7934,-0.843364905314831,-1.80060520886553
7935,0.0683926026693103,0.0650103964544123
7936,1.52510892388017,1.37311945375293
7937,0.549924132603337,0.506466653237415
7938,1.62715065411119,1.43101362647627
7939,0.499402856602459,0.382932957507831
7940,-0.0511584217217874,-0.0862102557303998
7941,0.241124599191553,0.427168304581436
7942,1.72410371596524,1.16773714662327
7943,0.641694969128783,0.679962101040159
7944,1.74916473736461,1.16564961668967
7945,1.50669071894327,1.32881849493858
7946,0.482559860276244,0.514442295226471
7947,0.539445116794818,0.636753962962644
7948,-0.862357773233667,-0.944151053612532
7949,-0.892577396950455,-0.912919923306392
7950,-1.20470057935014,-0.924546807548966
7951,-1.7175779838531,-1.94955110434075
7952,0.964322533584507,0.947011664259396
7953,0.910140786526371,0.905640299181582
7954,1.62169058203581,1.47527203121756
7955,-0.231365939222366,-0.241790727657797
7956,0.0350419430683558,0.0399391966668423
7957,0.682556214997185,0.826572107414253
7958,1.37852319892122,1.35780267039298
7959,0.176670758232447,0.187107426474203
7960,0.44000872038419,0.451429135012542
7961,0.406001609179117,0.405042554509242
7962,-2.31845428028196,-3.97986842020529
7963,0.510547180547983,0.403948465393585
7964,1.51037103904763,1.05014506597986
7965,0.669809391061395,0.630970657498794
7966,1.05817568280918,0.888485622065909
7967,1.20408708987382,1.34554764342349
7968,1.11237097969663,1.09698442551752
7969,1.16915249213747,0.835157449308665
7970,-0.633254093329966,-0.668913469219368
7971,1.56927515479489,1.69505320771538
7972,-1.25330945626124,-1.23606609557328
7973,0.946768617024673,0.920271585074255
7974,-1.51378089018851,-2.27378369862019
7975,1.42939430537369,1.24807652885852
7976,-1.46145320637358,-2.0194649157466
7977,-0.689238007845529,-1.29534930514103
7978,0.445172586830313,0.392678754287222
7979,0.099168359186316,0.0937970756368086
7980,1.44809503555686,1.01538818828295
7981,-0.378458584848958,-0.672125798216747
7982,-0.545345268804209,-0.554934058318875
7983,-0.298726991842473,-0.256989541420526
7984,-0.0404583736867635,-0.0374208578173898
7985,0.656602623939178,0.805214013594392
7986,-0.287208516399905,-0.361695305993657
7987,-0.903431552612478,-0.757032341513668
7988,-0.541918464424455,-0.65676325236434
7989,0.604660900434706,0.755607348433223
7990,-1.55543088275663,-1.61990991431519
7991,0.851405610065517,1.11134307382275
7992,-2.05965342714482,-2.34194203204956
7993,-0.149708075452784,-0.140085317609913
7994,-2.81520407250765,-4.30002275415954
7995,-0.764083229954742,-1.46705379970606
7996,-0.860143927234426,-1.51657313291782
7997,-0.878635882966504,-0.871009499483548
7998,0.213572526813772,0.205450756805551
7999,0.050380329407682,0.0542412669134201
8000,2.02529597367184,1.80579734149383
8001,1.06385199628191,1.14915567369761
8002,-3.2555093251528,-2.81719819557696
8003,-2.42389029809474,-2.19551047916397
8004,-0.0473447171774702,-0.0561243546730354
8005,1.21110518927385,1.17213052205364
8006,-0.886763934344971,-0.910697328558617
8007,-2.26882870487101,-2.60958659437283
8008,0.631394554185183,0.664942756091776
8009,1.12931685611898,0.747960048122056
8010,-0.183893953385113,-0.156401327679995
8011,1.73419284061976,1.40684670630936
8012,-0.977309825942688,-0.713424766336998
8013,-0.406419832676585,-0.355460621876103
8014,-0.353159755822985,-0.338594740342447
8015,-0.896152442128954,-1.03134312368695
8016,-1.47568218906947,-1.02978510684483
8017,-1.37981763199035,-2.07050719142819
8018,-1.67692174669489,-1.72483029776369
8019,0.848925149726316,0.839270813005955
8020,0.193512743591117,0.26719675048243
8021,0.615631441037817,0.437921715592461
8022,0.0466090190894935,0.0448301202679187
8023,-1.65461124062299,-0.954416224628587
8024,0.347654420727629,0.329287402560083
8025,-1.43753953437022,-1.6899212310271
8026,-2.26231854562445,-2.18014356395819
8027,0.974959022092128,0.91686669427649
8028,-0.541265599699551,-0.516867384554259
8029,0.285579140380569,0.353491680962056
8030,-0.136840820589294,-0.185646189940173
8031,1.26045557451404,0.997795591478412
8032,0.508232111406288,0.502331716646983
8033,0.260292985395911,0.222791476675111
8034,-1.11959800089052,-2.15944867049579
8035,1.84789749777422,1.68968012200133
8036,-0.500691114456594,-0.451072664049137
8037,0.208086438043167,0.157626989165538
8038,-1.00159574531954,-1.31392845909611
8039,-2.08026256011968,-2.27071393781991
8040,-1.12501658357993,-1.01916189197368
8041,-1.03030473967643,-1.0997203472429
8042,0.579429207274196,0.528201785941031
8043,-0.768302006346341,-0.645097782105338
8044,-0.712293276065272,-0.85414627632495
8045,0.871471936486462,0.782356896946676
8046,1.05327791998986,1.00931285104487
8047,-2.29960429485455,-2.14598311714837
8048,0.0886725790533503,0.107598976559124
8049,-2.14951806780384,-2.31817755993869
8050,0.23167569195844,0.307421082422811
8051,0.543464918592575,0.493428979632723
8052,-0.921156049875373,-1.03524411742848
8053,-0.0858489091575647,-0.139118100684715
8054,1.45362917396053,1.06906530371562
8055,1.46962137555871,1.20865319002964
8056,-1.11895624368574,-1.51579680240459
8057,-3.48583379230396,-6.60656653424586
8058,0.177782108105828,0.210961452590602
8059,-1.35928653103883,-2.01532299071379
8060,0.559370532846094,0.556357037940297
8061,-0.432410807840177,-0.463185847003531
8062,-0.230136874405531,-0.229010856020031
8063,-0.664674234068572,-0.750566413961685
8064,-0.957583809181736,-1.12036056121592
8065,-2.21154877730693,-2.33534122861209
8066,-0.6391983071286,-0.771207169124995
8067,0.873243682568831,0.77723032264808
8068,-0.27900871265685,-0.253029091161834
8069,-0.732391672645018,-0.864588248350901
8070,2.22584628507297,1.93988589381791
8071,1.25659593875638,0.885021926569242
8072,-0.52710124722603,-0.394242484768121
8073,0.879837274435274,0.796827078159968
8074,-2.7237045171147,-2.3234142360354
8075,0.425198610672083,0.441187657032991
8076,-1.59147102902173,-2.18075519847957
8077,-0.866572289621493,-1.0316667148373
8078,-1.36713783131365,-1.47489095801537
8079,-3.9696988097454,-7.06537211038295
8080,0.672924482997761,0.708213860064262
8081,-2.30313282305663,-2.14273038973169
8082,-1.55081800688449,-1.81740178207017
8083,-0.701162112238183,-1.40692089516238
8084,0.926726671229596,0.859702536310082
8085,-0.176338256014092,-0.140085282451105
8086,0.249291793970669,0.225895870457113
8087,-1.15831385393326,-2.61917323624774
8088,-0.727766380147826,-0.676096313348784
8089,-1.63496586649257,-1.54814769143084
8090,0.664347893787803,0.725523114382076
8091,0.19230251719342,0.16586754864956
8092,-0.773649369734978,-1.03442868276535
8093,0.00586322209718838,0.0049551213343508
8094,0.756555985520702,0.72916229589066
8095,0.567002675797518,0.566759181211083
8096,0.93594285651108,1.01565078648532
8097,0.790451391515292,0.846843338518133
8098,-3.1545189044471,-2.95193101657039
8099,-0.394497458228904,-0.430634973875815
8100,-2.34544942208141,-1.81354019042048
8101,1.09431379886579,0.754148540434121
8102,-0.101753361897079,-0.0738188915115099
8103,-0.850279606875936,-1.26367898686685
8104,-0.721287819037566,-0.87872457046071
8105,-1.04469602479879,-1.08481454082863
8106,1.9914590796754,1.27241317594017
8107,-0.0632566532231903,-0.0749310271246952
8108,2.45896749945197,1.76209690809107
8109,-1.01039881240766,-1.29349842757568
8110,1.26204626980146,1.31987683559748
8111,0.966793425241732,1.22497434413246
8112,-0.548829738932535,-0.536482114348224
8113,-0.369860324537236,-0.35715985450644
8114,-1.43224943499115,-1.8855738496644
8115,-0.462776812422992,-0.437496205371627
8116,0.751777480480627,0.588872562004893
8117,-0.61038468551097,-0.734073455422264
8118,0.809332054883008,0.862241718321058
8119,0.319697073570367,0.251699931121267
8120,-2.68499560657181,-4.25322359447402
8121,0.723342880217318,0.563007249549813
8122,0.978165553589214,0.734517738210049
8123,-1.44104408276697,-1.23410347021421
8124,-0.153405473151333,-0.123556995388598
8125,0.443569858868759,0.55223295401788
8126,-0.771616511829468,-0.644621255812734
8127,0.973665085110314,0.687656880982386
8128,1.42777746119223,1.44311379200381
8129,-1.58065099211075,-1.83361390200456
8130,-0.546095798963358,-0.590290152524737
8131,-0.813519129338912,-1.10746248537858
8132,1.60022625947678,1.51018462972938
8133,0.358413473395935,0.276087033341564
8134,0.537206686401101,0.390717735110332
8135,0.51973166287403,0.673320181975937
8136,-2.06787872774611,-1.80616745961865
8137,0.828651496624343,0.560489949445204
8138,-2.04731008487463,-2.55434016336013
8139,0.0303435543947158,0.042605689618308
8140,-1.14724416141027,-1.22074013070427
8141,-2.83914649696197,-3.24097366577533
8142,1.305464142544,1.18987273417096
8143,-1.05652742570966,-1.0687499879024
8144,-2.16458643102876,-2.03359190888417
8145,-0.93443261684723,-1.43027634268971
8146,-2.31321351562899,-2.9380891695819
8147,-1.91308583125671,-1.59385690732785
8148,0.464717940057853,0.466987806101016
8149,-2.87716563327283,-3.96668086177353
8150,-1.28291710676223,-2.35651436049634
8151,1.95894853959808,1.62239602844953
8152,-3.18600298726279,-3.40628323520893
8153,0.685309487051555,0.603653808409708
8154,-2.03205677211539,-1.81740143824601
8155,0.925410998276441,0.787913847233068
8156,-2.07937494173576,-1.74663706408994
8157,-0.342769430224367,-0.265262042607201
8158,1.21805806300326,1.17483148769125
8159,0.966211090299341,0.927655561362232
8160,-0.538157617812936,-0.530022998353318
8161,-0.680242743303646,-0.681972306468404
8162,0.401250264705866,0.609930232642457
8163,-0.0390966307151807,-0.042068283972803
8164,1.26201802668071,1.52748284518295
8165,1.8467003380713,1.69538347605278
8166,0.307365452526714,0.23111775340484
8167,-1.01746652187049,-1.07854417419723
8168,0.49401911304819,0.447598248309625
8169,-2.5360455771012,-2.7649055282285
8170,-0.393878588558494,-0.328069449330434
8171,0.523920726806153,0.485603518539909
8172,0.818259851458802,0.852067730881905
8173,-1.02974333038997,-1.42001940583297
8174,0.456371979868352,0.329122738672553
8175,-2.24365489663254,-2.45904710354361
8176,1.31290610139604,0.783648010221309
8177,-2.98463479961429,-3.54852962541441
8178,1.1804409905639,1.05291885514109
8179,-1.08166545748721,-1.16664556256121
8180,-2.38357399677047,-3.09805529551957
8181,1.22891471707487,0.941377616942567
8182,-1.09516045239452,-1.27023079396398
8183,-3.3311858432903,-4.55359924330622
8184,-0.607040422574955,-0.658568974788439
8185,0.204194007893703,0.188710926131732
8186,0.496381729092796,0.61548331203986
8187,-1.65108110947854,-2.05194567132242
8188,0.412329602837269,0.299774686428399
8189,-0.904370447499152,-1.55060527504606
8190,-0.282878431623948,-0.407843861954776
8191,0.709268934607535,0.843570138553787
8192,0.544872116608327,1.14758169812716
8193,0.351730716750287,0.301540796791254
8194,0.681867596889381,0.639741140041982
8195,1.90770733642278,1.94087033776668
8196,0.140395148889102,0.183666118188638
8197,1.46116470413231,1.16483121672009
8198,-3.70903359950737,-4.92309715374639
8199,-0.297512051585237,-0.26525352131615
8200,0.538873155864377,0.347395118400306
8201,0.920407091932436,0.8836402053906
8202,1.29110880993653,1.19609682720368
8203,2.57676705715631,1.87104826298448
8204,0.492474866095334,0.392117044051837
8205,-0.898707242475834,-1.35294957790374
8206,-3.15158265627793,-4.35762817925133
8207,0.10479845771967,0.0800020866441499
8208,-1.22114588459544,-1.3849643268153
8209,-2.26593604338867,-2.54702551538351
8210,-0.454354809623454,-0.528760933755675
8211,-2.10317680802028,-2.39878426436532
8212,-1.22492750946537,-1.22349754157573
8213,-1.90206344182742,-4.46336573413886
8214,0.271401608913858,0.269130340690835
8215,0.507941206807249,0.50176944339567
8216,-2.03804412649123,-2.06016174486093
8217,-0.904730979156433,-0.740842432827509
8218,1.23066815417453,0.99205366172642
8219,0.420723276670648,0.652952693268748
8220,-0.638841297924583,-0.566491387464366
8221,-0.857056351754037,-1.27560849438371
8222,-0.77192505393438,-0.56730113340529
8223,-2.14889279550607,-2.58326943643199
8224,1.21183592502188,0.857746663920004
8225,-3.02933505420397,-2.42398918303888
8226,-1.67109475155455,-1.9773468343636
8227,-0.777337323239352,-0.81586421835077
8228,0.7504491524656,0.839044365161061
8229,-1.03957525472995,-1.07931487626104
8230,-1.09941177437827,-1.34805356330448
8231,0.989762428477773,1.13466746608957
8232,0.459759009544655,0.404100569668573
8233,-3.72759220389626,-3.03747816228303
8234,-0.418160079065236,-0.530181379635166
8235,1.59624305946524,1.70870122718297
8236,-0.268799769869751,-0.225641739300642
8237,0.328695444783999,0.502728893273404
8238,-0.694564081142657,-0.71286714754776
8239,-0.353440524537136,-0.431897518930388
8240,0.216592988756706,0.265947867678475
8241,0.939025626169317,0.927712592031852
8242,0.424682300851768,0.40902116216962
8243,0.0376714785345672,0.036736640089086
8244,-0.550096488982272,-0.603255920565573
8245,-2.31080855513694,-3.34152633459516
8246,-1.85135042568222,-1.32292887949724
8247,-0.642766337851262,-0.452703165856767
8248,-0.682350228799299,-0.638173883669525
8249,-4.03954439489174,-6.05119827784664
8250,0.92182823371252,0.89954365525755
8251,-1.65886599580585,-1.70246970484881
8252,-0.558283509198423,-0.728595645312045
8253,-0.110820628892188,-0.117401039624347
8254,-0.907839676890761,-0.939886657457411
8255,-0.212182949264745,-0.276524098377842
8256,2.5683315978424,2.45303320886327
8257,0.43360246577912,0.592241939037928
8258,-0.316991307422515,-0.399081509476463
8259,-0.530551145811395,-0.840067336821631
8260,-1.56863863945755,-1.78748574625991
8261,1.85186524322154,1.25815819481049
8262,-0.33925053111535,-0.332365057581086
8263,-1.89537367563697,-1.99573847709463
8264,-0.77628635841764,-0.641852801622915
8265,2.15811073567356,1.64438793577285
8266,-2.8810306112067,-3.49090097484095
8267,-0.972087802015153,-0.838421937971691
8268,-1.78729469923022,-2.42067772023151
8269,-1.57038850620455,-1.50458479610725
8270,0.448637029738967,0.983219212148473
8271,0.651098261612132,0.678102113863107
8272,-2.64636700944389,-2.74036288645337
8273,0.268833105335518,0.288011557391172
8274,0.184592127623658,0.163486635482185
8275,-2.27793039951921,-2.1318625945229
8276,-0.925198395799423,-0.870947616930503
8277,1.41728751151791,1.14402656234834
8278,0.107883206560199,0.100937232811025
8279,0.182804429094425,0.117302432651717
8280,-0.278317477206734,-0.356818323430503
8281,-0.867738107902689,-0.623858040900944
8282,-3.34843712040437,-3.41148306303347
8283,0.757055780735229,0.734593433044451
8284,1.17652698755667,0.929060858341507
8285,0.95846581933487,0.796943923287594
8286,1.44171153388486,1.51047127294738
8287,-0.214051744436826,-0.202240498415756
8288,0.23826657510579,0.272960095585917
8289,-0.592794123257685,-1.08865966088848
8290,0.00202831183843531,0.00243179642080668
8291,0.816332342339512,0.94105117935973
8292,0.191886872335412,0.183611887629288
8293,-1.13775113433514,-1.42289987025384
8294,1.56054670458466,1.2944357377576
8295,0.34853939034803,0.343645104029546
8296,-1.22795929595767,-2.04904422052862
8297,0.58465518806598,0.89719365456932
8298,-1.23797627573385,-1.92535232524342
8299,-2.09923873375468,-3.03165830766313
8300,-1.74769582891004,-2.41947370515938
8301,-2.67447498990916,-2.69666979856348
8302,0.666627158044214,0.620064263607292
8303,-0.441834732382428,-0.436543049699042
8304,0.0796016444377473,0.0900174427465801
8305,1.53490652624622,1.72299499496985
8306,-0.686016151439763,-0.971341877991565
8307,-0.310968875353946,-0.325292142126926
8308,0.398381900338978,0.343358981803263
8309,0.370633343037722,0.486916634784715
8310,-2.61687001849074,-3.61505314241097
8311,-0.647972841580742,-0.779214521609885
8312,-0.473875166495331,-0.50756228333096
8313,-1.65946798078508,-2.28143292668044
8314,1.38418071561374,1.24645391613999
8315,-2.82119141630046,-3.41710335200513
8316,-0.711508444179018,-1.1689494232255
8317,0.846189913644615,0.708698906563002
8318,-4.76107459996324,-6.0531150912867
8319,1.67049862951272,1.70301426205024
8320,0.828441565242575,0.673610061967376
8321,-1.7174982460137,-1.82117506354421
8322,-1.29159245511615,-2.10129156512459
8323,1.29557583510909,1.38947330231092
8324,-0.19283052474545,-0.143096005123732
8325,-1.40222233116238,-2.61884601969051
8326,0.0761350185518862,0.0701283654207595
8327,-0.504944523780126,-0.58474083042149
8328,-1.39278251821936,-2.15965843590032
8329,0.349077884513596,0.374954883726761
8330,-0.293522771862447,-0.278285499317248
8331,0.274632233641163,0.213618070610737
8332,1.40139340267064,1.23324924875261
8333,-1.41107665565999,-1.65913555218817
8334,-0.915531116158871,-1.26713895652175
8335,0.900223013725038,0.998146529986789
8336,-0.458557123069931,-0.559502289459578
8337,-0.75144188469871,-0.784534010337401
8338,1.56687071762075,0.975438496396837
8339,0.852311211831399,0.971797184910062
8340,0.038395759408174,0.0395055983805897
8341,-5.85258398259057,-7.20627814290144
8342,-0.64255018602946,-1.03011953210082
8343,-0.857788859421444,-0.943401956457674
8344,-0.68779738759212,-0.786998947233861
8345,0.0551684364468393,0.049601595354458
8346,1.43066743433566,1.10942159038573
8347,-0.417673172678668,-0.402423508687831
8348,1.54382190868125,1.7748349313439
8349,-1.3483689217017,-1.13739811280882
8350,0.0382011869193561,0.0539492841157613
8351,-0.926632904558665,-1.73383911683078
8352,0.455549870838039,0.419190860986884
8353,-0.623401526930951,-0.900559002754205
8354,-2.88789440308109,-3.56511205018288
8355,-1.78252187932841,-2.12220551402587
8356,0.312006875502317,0.329668949875802
8357,-0.905139517553661,-1.04351164497833
8358,-4.04711743316868,-5.78644297288379
8359,-0.481667185224309,-0.795563899695635
8360,0.967007870965867,0.613965499474169
8361,1.49675411707672,1.33396650602876
8362,0.298773914117896,0.302488594227679
8363,-0.563623769872857,-0.659230096942437
8364,-0.846487389481562,-0.889243239486574
8365,-0.793323527835538,-0.991151133298063
8366,0.918077294346745,0.934893734586856
8367,-4.2814261630905,-5.35158746113611
8368,0.369772073933156,0.440817142918896
8369,0.137856678220965,0.143468679840196
8370,-0.707917095242062,-0.645926864336474
8371,-0.408974250338735,-0.358381144684712
8372,0.303033889786755,0.205631692272266
8373,-0.432133836812768,-0.50751105729351
8374,-0.926398573244807,-0.977686801135263
8375,-1.27667258858161,-1.8113710980973
8376,0.229746766778335,0.240507386317073
8377,2.37072551612626,2.21171424294286
8378,0.446570583294295,0.315276983898932
8379,1.52696723783068,1.35718894469077
8380,-1.57159987621852,-2.14556720134188
8381,-0.35906322801697,-0.34266229714129
8382,-0.967571535612937,-1.2645302351614
8383,-0.882829517191196,-0.934003284394004
8384,-0.0188789516898849,-0.0266381360622863
8385,0.946685830534131,0.817399844046616
8386,0.0991138269122485,0.120208375029306
8387,1.28079850225129,1.01752034514804
8388,-0.940283022851841,-1.1371771301755
8389,0.330813300141132,0.272987324386881
8390,-0.855186846380695,-0.916259810730083
8391,-0.642192430666323,-1.07619715111345
8392,-2.79533786996549,-4.00501636099118
8393,0.913158889478107,0.954400938488138
8394,1.04785436683856,0.863847447902587
8395,0.123548773740449,0.105850834581571
8396,0.618507041641836,0.420669361365853
8397,-3.03499741042798,-3.92680018143325
8398,0.920909574101016,1.08963203326514
8399,-1.89147824868616,-2.20084493532384
8400,-0.132950447239505,-0.120787895309739
8401,-0.585876741233735,-0.856116800243486
8402,-0.594071839727238,-0.608152085702515
8403,-0.102488737189501,-0.0997900940994657
8404,-0.967774860728504,-1.25770746962414
8405,0.0244322826312905,0.0202635187463283
8406,0.899442064263652,0.836078600171987
8407,1.5964983881091,1.30015001960905
8408,0.473215404023219,0.417024673201237
8409,-1.54078337271803,-1.07211296934439
8410,-0.719493990187886,-0.733570772033395
8411,1.19386965630587,1.323908054728
8412,-0.54536155998799,-0.513962645450762
8413,0.654666803359358,0.63510249339796
8414,0.589791457030928,0.540385437591242
8415,-1.60904971422331,-2.52098081351819
8416,-0.416538242446618,-0.492507280229335
8417,1.04548550955793,0.923842611518386
8418,-1.57712974841044,-1.47159135003055
8419,-0.567571746026375,-0.703006354408913
8420,-1.0435840714704,-1.51848774718904
8421,-0.801783437527574,-0.678609581684345
8422,-1.3042949298043,-1.69022553123619
8423,-0.36767942587513,-0.349721726848915
8424,-2.01958171418536,-2.02048749197152
8425,-0.570909785115669,-0.656000857377134
8426,-0.0910404608337623,-0.101461825566268
8427,-1.73950636189409,-2.50029316606379
8428,-2.59864491261821,-2.38327071037224
8429,-0.542965306073974,-0.750771285743588
8430,-0.670244153990882,-0.656216656609118
8431,-0.199481921555772,-0.167606212847275
8432,-0.714705200259228,-0.75883829917885
8433,1.32410709080187,1.43712931778587
8434,-0.369971220046408,-0.589369190686631
8435,-2.92001400398334,-3.87910223969133
8436,-0.0730953239392486,-0.0974076865055457
8437,-0.926452631345205,-0.898299564815951
8438,0.607006970285116,0.5687610390289
8439,-0.411192514638704,-0.622333964273598
8440,0.581370931449149,0.764264248564098
8441,0.000404382669896915,0.00051643394696238
8442,-2.8460652323156,-3.83763955559958
8443,-0.534637341056388,-0.813299656303128
8444,-0.778688514555419,-0.764768422787007
8445,-0.468390463881339,-0.545904929456365
8446,-1.81634354273116,-2.16116887735889
8447,-3.98533139062477,-4.43568201841736
8448,0.646815220324629,0.557095439695017
8449,-0.47870348752709,-0.51662398517802
8450,-0.528422471865604,-0.430990402046249
8451,1.26148340425525,1.03472723664273
8452,1.27372727880433,1.15109304985022
8453,-0.182450362618401,-0.267691555973445
8454,-0.785069451144356,-0.663883052911716
8455,-0.842367515313306,-0.978457744225926
8456,1.11987689379593,0.892782365989285
8457,-1.71302450264698,-2.20757197650459
8458,-0.392905241837082,-0.38492394869702
8459,0.748824126511892,0.736504570068023
8460,-0.823140298792471,-0.794438512065552
8461,2.0643397466867,2.13338275563288
8462,-0.811444878112019,-1.03888306476086
8463,-1.56145569068982,-2.08055878007664
8464,-0.788685824346579,-0.756076653089172
8465,1.04924226129527,0.920280184448349
8466,1.4808341029219,1.1299873277681
8467,-2.89434970366365,-2.40327982466933
8468,0.479117031662562,0.744511407660627
8469,-0.0559171747746806,-0.066100460591129
8470,-0.377284083792767,-0.403273013945285
8471,0.446678291683508,0.408199105146374
8472,0.983942327814335,0.902986190325089
8473,-1.23583136137671,-1.20761367651983
8474,-0.0515025254126677,-0.0562273773546604
8475,-1.19693533818878,-1.49867830597913
8476,0.756224835696801,0.978066130434045
8477,-1.65195256004255,-1.73345845406465
8478,0.124172506588229,0.126110355610137
8479,0.819766634390701,0.857683010658474
8480,-0.613092204211902,-0.812697991145674
8481,1.33592247838668,0.965364186595455
8482,-0.138678359513551,-0.109240726220048
8483,-1.93123152201156,-1.97676659352312
8484,1.9710001956021,1.55789587440086
8485,1.4900073503148,1.55841427818492
8486,-0.0159123274712269,-0.0139631104636906
8487,1.69758789502786,1.61801461662214
8488,-0.904856013910857,-0.944313704170108
8489,-1.81071675071252,-1.96246758354844
8490,-1.15416412379913,-1.41173819349662
8491,1.89085049827404,1.25013503749726
8492,-1.7665752947955,-3.52780468303369
8493,1.11059216229693,1.2157934981899
8494,-0.266209262671143,-0.180160721255231
8495,0.678355739779196,0.74245859688986
8496,-0.847359497979497,-0.740961386815043
8497,0.66783723315829,0.534261300245181
8498,-0.927678775404333,-0.938548230160651
8499,-0.274375544099566,-0.544020655315354
8500,-1.08293474402212,-1.4494140681653
8501,0.443526811339385,0.443870673172506
8502,0.189667429710591,0.165076419459617
8503,0.0388225230670257,0.0387124157542697
8504,0.913328685948658,1.10637948498434
8505,-0.336652035169283,-0.303855646596866
8506,0.318662124877978,0.255202613171022
8507,-2.76948689565484,-3.53272632179196
8508,-0.0898338231981382,-0.207818199411278
8509,1.04661001408854,0.836114732121102
8510,-2.24021852742616,-3.9057285699662
8511,-1.58266396810832,-2.4972237444188
8512,1.99104141077793,1.31514566078513
8513,-2.1554004121126,-2.39826087229556
8514,0.278392604778844,0.302309382403275
8515,-2.68527526665968,-2.57008573379837
8516,-0.162666267757558,-0.153413804527249
8517,-1.29718125888351,-2.54148482281585
8518,0.782015868502008,0.654754163448344
8519,-1.13254483350016,-1.12938142364446
8520,-1.89574666452572,-1.89826584156687
8521,-0.29023563860993,-0.308575131319642
8522,-1.26465802322619,-1.33249753335955
8523,-1.03187326017944,-1.17030453533049
8524,-0.871405950861565,-1.01342319583391
8525,-3.89701632830592,-4.92962223363647
8526,-1.55533614746211,-1.52100243090613
8527,0.262613752085797,0.268719355620722
8528,-2.31001278759866,-2.62442345803068
8529,0.386377715042845,0.444915500390489
8530,0.474189756018866,0.452658547594086
8531,-0.651219976992458,-0.587734074081744
8532,-3.33808479068339,-2.59510193503502
8533,0.260892821872167,0.22927922034175
8534,0.858086172536799,0.737370609135125
8535,-0.804286949565838,-0.813513064411431
8536,1.27683317057204,0.778693524527082
8537,-1.28678063995269,-1.2033862124878
8538,-3.43146226547239,-3.96640069962585
8539,-1.11820464748332,-1.46363215428649
8540,0.677903200682664,0.738418798815349
8541,-0.372421472027642,-0.348654815671036
8542,-0.414860657949153,-0.465299450652864
8543,0.594220089168476,0.604087418288223
8544,-1.97474035512881,-2.22137582772297
8545,1.29864222750735,1.11306346057409
8546,-3.12686960106786,-3.74312527744532
8547,-0.602828917736935,-1.04650767010136
8548,-0.456311134518052,-0.699563940423927
8549,1.15134793656284,0.900624712102056
8550,0.798676786432147,0.812389106992848
8551,-0.659769249710663,-0.896476173338151
8552,-1.48423166919534,-1.39475783875145
8553,-1.00764436365997,-1.17050310146935
8554,0.899680008201534,0.937881597986539
8555,1.03938699486497,0.99215443124398
8556,-1.12778063363523,-1.2182175533163
8557,-0.221864690226405,-0.257964458288019
8558,1.11146109775934,1.125071196737
8559,-3.43718169202659,-3.6455446753845
8560,-0.897738262669332,-1.08366622446278
8561,-2.63354427325856,-3.21685547018068
8562,1.20726473092374,1.46104189350396
8563,0.725433469172466,0.618368206487733
8564,0.297203287107156,0.248525002568837
8565,-2.01117962673314,-2.11306004929345
8566,-0.219034812345477,-0.223735141227677
8567,2.22691335032904,1.45846444253897
8568,0.685120743171336,0.603999178450036
8569,-0.838393843504741,-0.873151608574579
8570,1.58974341844915,1.58262317482983
8571,0.16279423613657,0.164680362281108
8572,1.05925850041407,0.825153802033438
8573,0.170788471223913,0.132927190631774
8574,-0.502255120942819,-0.751309514538451
8575,-0.722876088031118,-0.702037162530702
8576,-1.93716198114929,-3.25988273737545
8577,0.933394662078776,1.35681200667169
8578,-0.516887047094198,-0.558184756060019
8579,-0.371644622168225,-0.376857717375727
8580,-1.52049913166912,-1.39062206449176
8581,-2.12459529341069,-1.7493002745554
8582,-0.846007524943958,-1.16103997095762
8583,-0.523017682330525,-0.700511926901087
8584,-0.255139795735827,-0.253322424807673
8585,-0.0894703644741033,-0.111432786068326
8586,-1.01154417462088,-1.30081424908182
8587,0.839140593864917,0.737895221211676
8588,-1.8643949412266,-4.67643168698059
8589,-0.744298814172223,-0.726305316748922
8590,-0.477035807085325,-0.421074657908642
8591,-2.53592235595747,-3.56535062540096
8592,-0.839818953813612,-1.04005341138255
8593,0.290880943744244,0.249481216030147
8594,0.923288325748744,0.810972233108785
8595,-0.98339474076085,-1.66792856097566
8596,0.337252066540137,0.264768716867506
8597,-2.58117698971688,-3.31747871137765
8598,0.58237456649987,0.911078065508667
8599,-1.43350487505214,-1.77064129530906
8600,-2.56166689007848,-4.18676832013524
8601,-0.784494524121213,-0.853687779273517
8602,0.0823200307608555,0.0924304998584346
8603,0.929539491828267,0.618223486722418
8604,-0.39294935476922,-0.403903967848189
8605,-1.43090917105468,-1.62782273510505
8606,-0.553171423932701,-0.63938203203985
8607,0.778410243165559,0.826175485718805
8608,0.994737262952997,0.660045153124589
8609,0.254432822511576,0.203022036720886
8610,0.879070235715452,1.01563098127731
8611,-0.375316442202945,-0.316928520361154
8612,-1.0847522695307,-1.2333265839536
8613,0.776616852916067,0.605241335820126
8614,-2.56307069648768,-3.21328193875354
8615,1.06903110201935,1.24943902620791
8616,1.30243981351424,1.09459988891834
8617,-0.27340362260666,-0.206485906683722
8618,-0.841828677102386,-1.14025452952005
8619,0.304152017671861,0.209497852408068
8620,-0.0638320548684347,-0.0920672004665618
8621,0.122423303120204,0.116759566985577
8622,-0.169927358206529,-0.256441312878833
8623,-0.785522358161298,-1.05440442330728
8624,0.614443087100617,0.654644000640187
8625,0.742823958674064,0.732100077670171
8626,0.596101203213304,0.508700597511145
8627,0.331786391946089,0.262778266456814
8628,0.916493583302043,0.857616356291891
8629,1.12095805933576,1.06094109754065
8630,-3.88747055925238,-7.0672811872323
8631,2.07006353921609,1.68002253432655
8632,0.567697775108853,0.420986095101957
8633,-0.216435594287869,-0.227539060048196
8634,-3.00971968842063,-3.00306777941972
8635,-1.62567302585172,-2.14345860291335
8636,0.759313045810682,0.746803789617673
8637,-1.41585018768484,-1.58831283286289
8638,0.836671355645778,0.690549384950105
8639,0.404634368221068,0.269361651992446
8640,0.0255248174712384,0.0251972023420493
8641,-2.31493952893909,-2.25083595202607
8642,0.350548062499843,0.308447317800529
8643,-0.0245004258201774,-0.0197173345195089
8644,0.933186685349937,0.919846395651422
8645,-2.07411557008779,-2.865482890437
8646,1.31162775546358,1.32427782429738
8647,-2.3943351269631,-2.88226910186178
8648,0.75189716090963,0.588666707268257
8649,-2.41076695492978,-4.32369471776738
8650,0.985323265750448,0.68812476547157
8651,-0.0857532898323041,-0.0837634063585569
8652,-0.159612279643688,-0.178587956806278
8653,0.840406383062781,0.640495908239367
8654,-0.402968028726822,-0.477079790886664
8655,-1.15755148373399,-1.48218790442025
8656,0.915167148183956,1.27475340508546
8657,1.3133245891162,1.20071015358875
8658,1.82400250284603,1.22500798704247
8659,-1.34423829274545,-1.77207291128453
8660,0.998699602037826,1.12642105391615
8661,-1.20607944723719,-1.25557221155024
8662,-0.43329303969944,-0.541586288020753
8663,-3.13107130938525,-4.24401078096238
8664,0.474253052723567,0.569923797154815
8665,1.54557240813517,1.28395534565534
8666,-1.59610897678449,-1.73904722900506
8667,-3.07804264803258,-5.00358364049304
8668,-1.53430014815159,-2.35174452833437
8669,1.61955672736386,1.74275606905318
8670,0.383814062324889,0.432008776724004
8671,-0.731879732949204,-0.57463782926787
8672,0.831054013076679,0.895981572089673
8673,1.6629598644374,1.62152378703331
8674,-2.25397084313714,-4.10871652681945
8675,-0.575470354531213,-0.592389273828
8676,-2.32005100807172,-3.75807979705103
8677,-1.17347054102345,-1.50745157989245
8678,-1.72531577794055,-1.47469931327821
8679,0.842067507953924,0.909080133047555
8680,-0.314217081555135,-0.312575816168765
8681,-0.915873472311269,-1.07034821516576
8682,-0.143447658562544,-0.156776810366704
8683,-0.362427090509998,-0.320408172831334
8684,-0.415823157330955,-0.430976441528983
8685,0.240131245587499,0.203954763015245
8686,-4.93257292320096,-5.878460896107
8687,-2.3798737342006,-2.53457688288528
8688,0.01292794788896,0.0135513453181314
8689,-1.85023557800456,-1.53996282780334
8690,0.18200650827842,0.182477449798901
8691,-0.348743049504,-0.332666124668263
8692,-2.33746468562942,-3.0593511300282
8693,1.11646209562859,1.2534317725356
8694,0.498656609317228,0.430434503943533
8695,0.249260505238021,0.225441129754954
8696,-0.694963392924111,-0.656783577621921
8697,0.770396767056611,0.73316258567242
8698,2.05230209111912,1.24109069218293
8699,-0.68755113107782,-0.715422176696627
8700,-0.20094846921002,-0.206408744377053
8701,-0.820479911429445,-0.68857771552553
8702,1.21450451380401,1.11499010675052
8703,0.867284948697442,0.833301810488843
8704,-2.0676233214765,-4.17322662377173
8705,1.04707098101738,0.969333344486126
8706,-1.93129614204388,-3.20775115550549
8707,-1.53112414164536,-2.13481546825624
8708,-0.968079714000748,-0.870747076959961
8709,-1.08965723517859,-1.19850889976903
8710,1.78573534735764,1.78804489461741
8711,-1.09954679435791,-1.67270707264212
8712,-0.385030627086646,-0.29204587879878
8713,-1.47215025376148,-3.06175408884188
8714,-4.0177208438491,-5.0427518720971
8715,0.356320064564351,0.311318111613389
8716,0.771431610069867,0.944487632704271
8717,-0.685461941344254,-0.81259057675531
8718,0.945677494403666,0.630375429639937
8719,0.327368975242983,0.207131416333038
8720,1.16788721724297,0.988006792242478
8721,0.257598547559119,0.259673729687994
8722,-0.825427319181565,-0.939961656771945
8723,0.228035063311734,0.194735387357969
8724,-0.973653296423965,-0.986515512483909
8725,0.107499188375468,0.107026505289413
8726,1.69532170586649,1.212441929564
8727,-1.04699217253316,-1.62386778594379
8728,-0.739202342298173,-0.574657040179191
8729,-0.67304975249864,-0.673771824659232
8730,-0.106428438966873,-0.100725457295547
8731,-1.62097935110844,-1.90862606224612
8732,-1.84167800168422,-2.14298495497666
8733,-0.511087037290041,-0.54553230994545
8734,0.307716376337874,0.478026239633935
8735,1.10929503521455,0.904497863875495
8736,-0.50223873749848,-0.49303316717043
8737,0.0401381378676325,0.0343113274309703
8738,-1.20465788488537,-1.33577892675
8739,0.164249541669471,0.279039627607484
8740,0.903958199891209,0.809180485560189
8741,0.682395192904659,0.405839270924575
8742,-1.73535246900174,-1.69226580056205
8743,0.413697879524111,0.514642039318808
8744,1.86489936283659,1.6490476663591
8745,-0.595588964642906,-0.532981202302709
8746,0.474165575910771,0.378755177553417
8747,-1.68134063685938,-1.93738273407335
8748,-2.28745596402602,-3.83579663991161
8749,-0.75106658529824,-1.09558050769173
8750,-0.295511134357827,-0.246639859671826
8751,-2.70942060948134,-3.8798678286986
8752,-1.34357315494427,-1.93492685103079
8753,0.573522898479452,0.563912751202132
8754,1.10186422666412,0.894487575818742
8755,0.0530604855071861,0.0694624912635487
8756,1.15142919990781,0.957171311819158
8757,-3.52728518163596,-4.12520868128931
8758,-3.02789387591078,-3.53505688844541
8759,-3.10774732246053,-3.09375309687835
8760,0.00876968755883609,0.0109221539691193
8761,1.327784577453,0.949508555026766
8762,-1.06763695947253,-1.00551072998264
8763,-0.964930711193228,-1.22151925041812
8764,-1.46862503946592,-1.7777994725104
8765,0.887306524078583,0.820021290920476
8766,-0.737272344396414,-0.690140312113651
8767,0.150154882438666,0.110133087800596
8768,0.36144961537621,0.318693814013529
8769,1.19550305172851,1.43625266207756
8770,-0.355054799356412,-0.360323908587332
8771,0.0850097662429023,0.0855175754064154
8772,1.40589885037493,1.37357103907676
8773,-4.18501980632384,-3.77941586547956
8774,0.200123151219252,0.149955357273601
8775,-1.39286840740854,-1.78447269581041
8776,-0.304156622524573,-0.416961439248033
8777,-1.74791065730282,-2.22200056342039
8778,0.236777257668704,0.257352969960632
8779,0.84532628337194,0.857160576029065
8780,0.274008215026601,0.354897619230911
8781,0.840563346648285,0.685054585026502
8782,-0.662186093907211,-0.689189063019945
8783,2.24009802108145,1.86590908253726
8784,-0.2863938994853,-0.327601232425597
8785,-0.609445206196886,-0.655955790777182
8786,1.36636702029202,1.35395904205426
8787,1.09129927683311,0.879043763011267
8788,-0.790176857999978,-0.880969615953552
8789,-2.65577174348689,-3.19562401766106
8790,-2.77815341662019,-3.73366762416994
8791,0.839353609695609,0.581240938453989
8792,-0.168762257961387,-0.158777692730615
8793,0.0524020928456827,0.0528078707941728
8794,-0.856597709797771,-1.27896832583986
8795,-0.432142931345146,-0.446650900712335
8796,-1.81268986250022,-1.59999848426144
8797,0.183172203509653,0.206408543144956
8798,-1.13453743513166,-1.03976146360502
8799,0.140552506005395,0.153660988832409
8800,0.81005410442568,0.709786905830178
8801,0.473318280518863,0.487211254458234
8802,-0.512862025141434,-0.626680729195913
8803,0.249704804719696,0.166573637346538
8804,-1.40573556915184,-1.20498316904464
8805,1.62835827764076,1.2258129077646
8806,0.421175783178698,0.317109908386079
8807,-0.537573597434313,-0.448093662853044
8808,-2.10967442163872,-2.21660014433059
8809,-1.13025618507088,-2.01626941630956
8810,-0.0124295439780305,-0.0164493449439193
8811,0.13845162875295,0.0988858316763309
8812,-0.821866196896392,-1.01672568161677
8813,-0.442478233187071,-0.552987402298361
8814,1.18755719100055,1.17199655867745
8815,0.353184223132911,0.384205740524439
8816,-0.599584689035952,-1.32190168720482
8817,0.612003167462527,0.670140373499052
8818,0.936612323467326,0.939425262469981
8819,0.93982124647627,0.699855919707115
8820,1.09139852737121,1.44242715832356
8821,1.33143176294719,1.0878791331754
8822,-1.51565678178511,-2.16637107478307
8823,-3.66434326774407,-3.63921199756823
8824,1.50554981602401,1.10700554949672
8825,-0.0917879841331227,-0.0993164597238884
8826,1.12794678929014,1.02982169774941
8827,0.403446091428671,0.389532454989716
8828,-1.88087636056182,-2.04458377040669
8829,0.470150235821342,0.517971684960271
8830,0.889331955239736,1.5482469772881
8831,0.40074059300233,0.370507549131694
8832,1.27634880235766,1.09733378039181
8833,-1.06636262395278,-1.40758238395368
8834,-0.635210882512923,-1.13194793744936
8835,-1.23337491516,-1.72308048096934
8836,-0.812988353642897,-0.874066226474686
8837,0.920798360452976,0.854243318693908
8838,-2.96288869317588,-4.26350835514
8839,2.37888393629606,2.46634203259366
8840,-2.00975688565765,-1.87068939711249
8841,0.487322127861983,0.380659216837526
8842,-2.49217808953943,-3.22117774535052
8843,-1.89644101838471,-2.24329583980183
8844,0.368107640323965,0.290368654891523
8845,2.53801918080762,2.21605851913944
8846,-0.838315595554294,-0.755376371246191
8847,0.296163481807535,0.261837781283328
8848,0.137222407215294,0.112447517818883
8849,-1.57208703227989,-1.28297591161432
8850,-0.421691836782292,-0.400622521959962
8851,-3.52240586257865,-4.72572921977543
8852,0.403665496894952,0.4006719979506
8853,-2.39440326903521,-2.01691927429873
8854,-0.281276058692847,-0.310224040121321
8855,0.812366750611813,0.680593122265177
8856,1.00058008956801,0.995215093337914
8857,-1.46607032026418,-2.05636448149137
8858,-0.325663835105903,-0.459523476878097
8859,0.690030924136868,0.450935347771922
8860,0.26863586478786,0.250022663185202
8861,0.846139322735307,0.81998553284571
8862,-0.315617320453853,-0.304119096562518
8863,-1.9694280303171,-2.07108287681264
8864,-0.547727072548864,-0.47454531467584
8865,0.548682351199716,0.616272421649382
8866,-1.69920016200698,-2.59805436665736
8867,-1.69405997608368,-2.3834564758856
8868,-1.12295775268792,-1.32513047035296
8869,1.11594205299014,1.16567990861565
8870,-0.943039475721247,-0.974705074921921
8871,1.08640290134058,0.810864746940603
8872,0.878795247734865,1.03800021142738
8873,-1.00681892034192,-0.875594750446012
8874,-0.513593109146057,-0.387448197829673
8875,-0.334326982291912,-0.33920250831521
8876,-1.53401688485868,-1.87616966392219
8877,-0.599523372692603,-0.789742165925312
8878,0.847255421080314,0.764151513301402
8879,-0.183622034563276,-0.228331776705498
8880,-1.74332115756167,-1.70266028725833
8881,-2.30912948291445,-2.05000356302084
8882,0.375886733621155,0.376949530079101
8883,-0.108706848176632,-0.154010816714224
8884,-2.29986569987235,-2.88267973223113
8885,-0.424922238981918,-0.454730104303356
8886,-0.840063698514901,-1.15556385859484
8887,0.596649757009975,0.531033527108597
8888,1.11526784993534,0.955704601327931
8889,-0.595400320065091,-0.629273421741469
8890,0.746060544980874,0.625724936698605
8891,0.484056180698675,0.354854115591677
8892,0.234875979853923,0.335641061145822
8893,-1.56315683084036,-2.94624034102283
8894,-0.79482455837711,-0.859776902631496
8895,0.855686324339654,1.08932115676541
8896,-1.01489748446068,-2.26247512898852
8897,-0.822466452148496,-0.757100079601737
8898,1.37884848449091,0.958758888994255
8899,0.217406627869669,0.23626430285531
8900,0.037505874410069,0.0349383497276521
8901,-0.173747677494544,-0.169476403582176
8902,-0.412602294599223,-0.476982404187326
8903,-0.264000147785366,-0.31268568803194
8904,-1.20360476484692,-1.73031591344926
8905,0.349500152150306,0.311735743695665
8906,-1.48793867957653,-1.83988554193445
8907,-1.03477929291388,-0.917773787961755
8908,0.832060994892436,0.872498520340532
8909,0.482211146704283,0.581122919303738
8910,0.0556562157850985,0.0647697917392988
8911,-0.632823113566271,-1.13901761802064
8912,0.61573918699143,0.546647773274545
8913,-1.12367842004613,-0.799222407651002
8914,-0.174384212809168,-0.180667076578622
8915,0.730649605274532,0.742683827416839
8916,-0.0099440621492883,-0.00932188999305524
8917,0.414844048341099,0.487281060853637
8918,-0.249501813293328,-0.177602606301501
8919,0.638355956829868,0.504503596473698
8920,-2.72053392225208,-3.86151030222465
8921,-0.275286503472216,-0.297049284374485
8922,0.0952783889008108,0.111406843802414
8923,-0.434165122297519,-0.556869382260526
8924,-2.15759460712782,-3.80667749194716
8925,-3.99774076791544,-4.93022944994302
8926,0.677503427700951,0.569315935022415
8927,-2.47451453969063,-3.14627259713936
8928,0.403747979779179,0.310109824038739
8929,-4.05577445455342,-6.23489280907798
8930,0.201546358658996,0.213423377299675
8931,0.0144055687914363,0.0157181055715922
8932,0.71744232100373,0.744084519792685
8933,-0.964176671895765,-0.696827638175479
8934,0.734126850881692,0.621531771845292
8935,-0.378940731774945,-0.48585370265749
8936,-0.762989060725258,-1.04791034604641
8937,1.17113087539756,0.996185245690791
8938,-1.44274232274132,-1.21341229303347
8939,0.25943511082794,0.426943397160373
8940,0.229092342353337,0.239805930643014
8941,-0.758815953982513,-0.871084600629589
8942,-0.319661567208857,-0.36262890553061
8943,1.02846657062853,0.894675085470784
8944,-1.48712219195042,-1.16049548613134
8945,0.345482772075822,0.611665963416038
8946,-1.18418362958107,-1.37782242371508
8947,0.0377384824835039,0.0384999689321427
8948,-0.181728763290505,-0.207606959434747
8949,-2.20154411918503,-2.79955281710546
8950,-0.646460656828715,-0.72401667962067
8951,0.960171209560255,0.63126536289784
8952,-2.97786140673358,-3.07543479348888
8953,-0.501021296709218,-0.513258517906809
8954,-0.842278042441357,-1.22417962955863
8955,1.08144769923589,0.924377728993824
8956,-0.563787391465203,-0.679577280666195
8957,1.44726479080411,1.76660177901781
8958,-1.19053886294964,-1.09393492147704
8959,-0.373584634622519,-0.31281449743743
8960,-1.26711138066215,-1.60243568942703
8961,0.622007116098961,0.65826901456286
8962,-2.25341470875037,-3.14096539721364
8963,-1.8339765577602,-3.20095387283751
8964,0.477456517205404,0.432863462019778
8965,-0.16811622345152,-0.167094755122998
8966,-2.30963309788874,-2.45205690935579
8967,-1.41496136996662,-1.34687585846485
8968,-0.145716502301645,-0.19835120260524
8969,-0.776394139142567,-1.02462017990822
8970,-1.2602564442983,-1.4189627142342
8971,-1.16717132008257,-1.69762817588818
8972,0.094671242522376,0.0689464012866386
8973,0.705161482557642,0.690976174235346
8974,0.997027104800447,0.672208920766661
8975,0.847322901248554,0.773171750311166
8976,-1.16383251140238,-1.15368553678028
8977,1.12861474229265,1.1161290323889
8978,0.00486658421914498,0.00643982241085746
8979,0.417755572846199,0.379744585117984
8980,-2.01994164343497,-2.25362621659734
8981,1.14308006115427,1.01093989030085
8982,-0.242530501577251,-0.497828495496706
8983,-2.12047184741754,-2.15774338945225
8984,1.03465673493185,0.729695659668944
8985,-2.00293611501338,-2.4769539931639
8986,1.17413932027542,0.945537769537446
8987,1.6803370977304,1.34555261762605
8988,-0.455727674778316,-0.39198544913508
8989,-1.62465699342121,-2.47460778166905
8990,-2.3416263508228,-2.33280084872263
8991,-0.465311849341257,-0.423496027325324
8992,0.0716900201725995,0.0663342691346815
8993,-0.989058972454808,-1.59920805290024
8994,-1.98171464491629,-2.85952487976332
8995,0.328789434537972,0.313690654080447
8996,1.56987026261498,1.23637251741144
8997,1.46411719751004,1.53852473468976
8998,-2.86143487992014,-3.08586479490788
8999,-1.18224331961831,-2.19938563882176
9000,-1.68744136518096,-1.63709670848581
9001,-0.0990216997158215,-0.0797400508510534
9002,-0.793070607012075,-0.646788449551763
9003,0.725915891172267,0.696170610070325
9004,-0.663231997047877,-1.11154208716021
9005,0.306665085348729,0.246977657798595
9006,-1.88426052696926,-1.65919120462402
9007,-0.61469407049522,-0.563301262383951
9008,-0.363763543338124,-0.468291662511646
9009,-0.84194261356071,-1.37429624706024
9010,0.999122343974304,1.17831220650046
9011,0.486395858184298,0.475761533812405
9012,0.400813337211075,0.413665650178608
9013,-0.113780074122856,-0.150203212916345
9014,-1.05947919231581,-1.1667779172362
9015,0.291037237897506,0.296853008567993
9016,0.567081614014614,0.5016822289862
9017,-1.67593757984924,-1.54416327815756
9018,-2.17856211496622,-2.65026831076039
9019,-1.59209394942133,-1.815827566221
9020,-0.710484059605026,-0.570840772894105
9021,-0.748832394111436,-0.67928327432798
9022,-2.24281788484627,-4.60877412477146
9023,0.818831458857011,0.791184655557515
9024,0.950454746353835,0.911263461736469
9025,-1.47473133234207,-1.33887738364752
9026,1.69341564674471,1.47686347656573
9027,-0.0538022331370982,-0.0571124877116104
9028,-0.681715168696152,-0.528924674902269
9029,1.31850371100804,0.92289125134337
9030,0.880695405244439,0.895009755538617
9031,0.919206222158083,0.683808780601119
9032,2.16598959857797,2.39177648942819
9033,-1.77279635228152,-1.75466488839404
9034,-0.141701510518418,-0.115613370687745
9035,-0.582593051208107,-0.561736720816142
9036,-0.0826579423373529,-0.0928610220143189
9037,0.160716736094006,0.14640209278931
9038,-2.03355230743091,-2.71346989558328
9039,2.54266826976373,1.83055249499188
9040,-0.720374126810866,-0.650170964520477
9041,0.196152503165069,0.187856401355411
9042,-2.08959070025772,-3.47936485321769
9043,0.622618928015716,0.349369201819724
9044,-2.28353339643211,-2.19999971691197
9045,-1.9621826186073,-3.86303377921239
9046,0.9561313197108,0.722648227431208
9047,-2.62773287648471,-3.68935849188639
9048,0.12069519836537,0.155484140800675
9049,1.02949077160674,0.849881007754759
9050,-1.32162194186333,-2.30797021738203
9051,-1.25878634741212,-1.03548960013957
9052,1.60700609318194,1.44644982891355
9053,-0.629078878721757,-1.08262537336056
9054,-1.76508348791292,-2.03282900740632
9055,-0.526348699734646,-0.710170292071807
9056,-2.37668782388261,-2.73208929900571
9057,-2.20160914803073,-1.81162917498177
9058,-1.08119867433222,-1.16857786990396
9059,1.54327751724178,1.17735378142627
9060,-0.612060498589208,-0.566307228183786
9061,-0.392825251802291,-0.636633967619334
9062,1.93667961515087,1.51681080050988
9063,-1.89117606074545,-2.77755993789882
9064,1.3004542864036,1.49839943669483
9065,-0.704078390986605,-1.13550098330853
9066,0.856165663579305,0.574233014497668
9067,1.03045958994067,1.31933319072546
9068,0.530950774173176,0.475712331887915
9069,-0.539703524092488,-0.668339437347195
9070,-0.0422309762291986,-0.0465469371316885
9071,-1.33337897801624,-1.17447105880556
9072,0.57544135481227,0.493802211303228
9073,-0.130874115588963,-0.128476752195267
9074,0.610111721574193,0.515323986084606
9075,1.05757812737591,0.842237870643447
9076,-0.601582377548233,-0.839720554499518
9077,0.0791297680066447,0.0526575554758314
9078,0.952585837938972,0.818243862037948
9079,-2.6563293513022,-3.91222580886032
9080,2.34347969117088,1.83282686130623
9081,-1.68027780569892,-1.42363605721397
9082,1.16833273033308,1.1739971581955
9083,-0.121752432579287,-0.17275274073849
9084,0.0491108069244608,0.0541315366364459
9085,-0.71208675315034,-0.728454108684339
9086,0.744495104241887,0.942756031547983
9087,0.862700279782767,0.578385291747657
9088,0.0744876816010739,0.0654802294000481
9089,0.0168366759549029,0.0199780820697732
9090,1.28827419478051,0.95726658282913
9091,-2.65813978204957,-3.82901253973858
9092,1.95422844495464,2.26744147865272
9093,0.0901093593210577,0.181304400514341
9094,-2.54348044616003,-2.94685810805408
9095,1.13159156241238,0.940925332365898
9096,-2.12298684997482,-2.27958994166682
9097,-2.28248956394517,-2.42280428946815
9098,0.011814380017391,0.0220268874137051
9099,-2.24693082535722,-3.48701173723112
9100,-3.60662482015002,-3.52139529156147
9101,-0.423403053400485,-0.546166936476633
9102,0.64057008310125,0.679908305515096
9103,1.16193330691245,1.20128073508779
9104,-1.42477400628864,-2.32393771861793
9105,-1.09752357467992,-1.15479990104909
9106,1.28440345298195,1.28502018014634
9107,0.765571744941047,0.57972921882965
9108,-1.19574441590208,-1.70682775098771
9109,0.737816310299313,0.951017877025591
9110,-0.109066973102523,-0.104828956211308
9111,0.18375066305838,0.199603270818807
9112,0.594089088571021,0.835690063913445
9113,-1.3967205178657,-1.49003411153639
9114,-0.205404904045357,-0.211463159068594
9115,-0.0331442248948705,-0.0359353092054982
9116,0.697489029112446,0.665735484283287
9117,1.25445056494463,1.27042867936599
9118,-0.833045328978158,-0.832526460554434
9119,-0.104191008865075,-0.113145109489711
9120,-0.158255055021203,-0.153593863041356
9121,-3.58333522293966,-4.85256999344139
9122,-2.47427318653176,-2.57932760663382
9123,1.77234088761421,1.26173678496139
9124,0.959983484937364,0.945826189053102
9125,-0.124919525588777,-0.165612195611113
9126,1.10535071080147,0.828381265440975
9127,0.662634094005229,0.518488839972621
9128,1.27181277837956,1.00256327033664
9129,1.96369524887532,1.33044838700943
9130,-0.914271092029722,-1.59368996980013
9131,-0.734243936486085,-0.896111264860629
9132,-1.64511877383329,-1.36798947461401
9133,0.773725668924551,0.684315594677361
9134,-2.45646503628366,-2.98708006355116
9135,0.0067721254905851,0.00654701708485259
9136,-0.255212824403759,-0.438250955297507
9137,0.183065263253797,0.157123875542618
9138,-2.63320928274802,-3.93097762208569
9139,0.767749798880648,0.570225300821264
9140,0.437884326978135,0.397774783782362
9141,0.338552109913495,0.267428823292689
9142,-0.42976436655431,-0.366169036242018
9143,-0.967163388288926,-1.32787259497373
9144,0.677636891091359,0.634759765353236
9145,-0.0840916475382299,-0.094526380348208
9146,-2.15735387198271,-2.15794467178814
9147,-0.0830719473437427,-0.0887239165796118
9148,0.0307126781485712,0.0244548127592088
9149,0.616869179774403,0.61539036485872
9150,0.545852707547007,0.663301451584075
9151,0.948353256794145,1.06079372656627
9152,-1.96748679207073,-2.10257678846464
9153,0.0598627852133585,0.0493526267346743
9154,-1.28325575044819,-1.16764047024468
9155,-5.50579536407197,-6.57074251356849
9156,-1.24431308623267,-1.72208950707833
9157,0.512867569246669,0.337460073395995
9158,-0.953992259284539,-0.881081257259955
9159,-2.18096799539747,-2.07942688212529
9160,0.294437874518439,0.456063590145682
9161,-1.07378901394916,-1.2395927834991
9162,0.149630066433538,0.0968945639105866
9163,-0.406462796275081,-0.408596570450416
9164,0.225832147384583,0.151037522330163
9165,0.217456789129059,0.227830737043024
9166,-1.73422215457777,-1.61284980266798
9167,0.802318667182517,0.85012748930424
9168,1.73811855601992,1.4425917070557
9169,-1.26829827007592,-2.15959897595855
9170,0.927041382364608,0.647198798233844
9171,-0.226303747079524,-0.217183527030454
9172,-0.0929367516113776,-0.100862678129018
9173,0.0551073917376533,0.0385052293893008
9174,0.400829774589098,0.503882864451402
9175,0.0983118287690782,0.0931057413853021
9176,0.394312081725728,0.312841422798268
9177,1.33423316397018,1.35356740710065
9178,1.25234148229941,0.96998505963693
9179,1.08613676664046,0.7663912357891
9180,-1.22449583779155,-1.39781743714104
9181,0.791349168694834,0.744037873286841
9182,-1.15330405017379,-1.23996283166507
9183,-2.14186387318011,-2.27085052739601
9184,-1.93811465743802,-2.6024448388096
9185,0.753524764890328,0.599977721741854
9186,-1.23534996927011,-1.92257771959425
9187,0.522175981433698,0.457381645294014
9188,-1.13721794450556,-1.32463897032785
9189,0.636905950944084,0.633057780757265
9190,0.977645992241914,0.802231636920832
9191,-1.16253107124956,-1.20154988022979
9192,0.549117580835884,0.820214518243744
9193,-0.946216286136989,-1.05334935141955
9194,-1.85941291954118,-3.45805326793196
9195,-0.0142154701692815,-0.0164932796980938
9196,-0.986365345133445,-0.772662798641273
9197,1.014949369466,0.795234123712865
9198,-1.91325997952622,-2.6607136349293
9199,1.02939706823062,0.975231486678642
9200,0.095189280428351,0.0973376175437029
9201,-0.432294470175774,-0.360906086073114
9202,0.827545371963189,0.795178702294935
9203,2.03426581846001,1.47067214512006
9204,-3.67620180918723,-4.08676296668072
9205,1.97620416979161,1.29767939154983
9206,1.09450904702634,1.17342207504232
9207,-0.89572321879422,-1.18732952423237
9208,-0.0245623511251152,-0.0153134000236452
9209,1.37441484562093,1.31408203377418
9210,-1.18630176415143,-2.39553848704475
9211,1.36113409982881,1.06856504473036
9212,-2.75555007059562,-5.81066949292322
9213,0.124797475811342,0.145783832468247
9214,1.59897751314526,1.47542176791309
9215,0.109848263418727,0.11896766937423
9216,-0.225933796302148,-0.338402185828767
9217,0.704443761671139,0.512274871097719
9218,-2.02068417361615,-1.47851540127162
9219,-2.35590822779366,-2.56510576327437
9220,-1.95002070603619,-4.0435585595586
9221,1.79822114130197,1.82025191239727
9222,0.607226411470211,0.780417010805188
9223,-0.0876140774797207,-0.0731276705047051
9224,1.52626534882665,1.59514957725442
9225,-0.459788417114388,-0.390608473229974
9226,0.242484520676081,0.299062605292903
9227,1.11807808555473,1.15633706391604
9228,-2.47800120237526,-3.00212083596241
9229,-0.192682928014658,-0.256754157359351
9230,-2.15654599583853,-2.06739612980609
9231,1.31156221335952,1.05908048194628
9232,-4.577490678368,-4.83392559895955
9233,0.027603247356098,0.0293196625318586
9234,1.16562294364325,1.01066171438384
9235,-0.42313578337332,-0.58791471461854
9236,-0.982514280109729,-1.91734495058588
9237,0.93016272817515,0.799459580202073
9238,-2.61792013734272,-2.93446047702388
9239,-2.10873217228108,-1.74236487954638
9240,-0.834874137883156,-1.30602345178533
9241,-1.59393212470628,-1.60936643301229
9242,0.619152871487356,0.670548920676355
9243,-0.696573968724444,-0.858381277817165
9244,0.136487807985154,0.174465168300719
9245,-0.779088048929,-0.813709583553726
9246,-0.875291211704226,-1.03810157634193
9247,-1.63260816780741,-1.7412151597339
9248,-0.993017907627121,-1.53836208557326
9249,-1.19522380786125,-1.24215362682984
9250,1.11862284975877,1.09880915566388
9251,-0.581961040940502,-0.73868674186607
9252,1.55333604513395,1.70694353668093
9253,-0.846747744957204,-0.922699169956056
9254,-0.463071658738661,-0.699299236397798
9255,1.27905456283387,0.95302845753639
9256,0.925356809280523,0.781536312051911
9257,0.52015298940348,0.400195953623501
9258,-2.4590213737382,-3.14736524081241
9259,0.0113349973865318,0.0109614262146761
9260,0.170940614581332,0.100251690461882
9261,-2.89764533125254,-3.63813735208433
9262,1.69593696517505,1.22889680683949
9263,1.65212764056776,1.39789002699131
9264,-3.07074451737865,-2.73483399526136
9265,-3.5397821770989,-6.68222726098931
9266,2.07429788038817,1.08371726284734
9267,1.30952452104397,0.954386251689622
9268,0.470555954026735,0.557046445072753
9269,-3.17050536999661,-4.46325234814768
9270,-0.303344315919536,-0.203464784461979
9271,0.427003643017246,0.449231036513706
9272,-1.21734479944606,-1.2366597149589
9273,-1.14506421809714,-2.65726358596073
9274,-0.100385205716086,-0.129293678863491
9275,0.940950284198737,0.605265808721099
9276,0.178987622396568,0.158427565453109
9277,0.205181944619176,0.282653275396621
9278,-1.00004793975399,-1.91906393051696
9279,0.790685930912755,0.70951097185681
9280,0.0134400799025802,0.0137380587677218
9281,-1.0559613713867,-1.07240918490277
9282,-0.687377381554759,-0.698993320933854
9283,-1.4977648293015,-1.91123587633597
9284,-0.238590854185311,-0.162066462666457
9285,-1.61802110056901,-1.77176507332081
9286,-1.26819216095817,-1.6052885343959
9287,-2.67054099058791,-4.93883021490508
9288,0.601533203611882,0.415012766671002
9289,0.788668045657189,0.862058165520088
9290,-1.43574878091403,-1.62113577487408
9291,-1.45876190866862,-1.58722402681488
9292,-2.59359256409738,-2.84648151874514
9293,1.12923579834593,0.93004668643501
9294,1.11053786427459,1.27386544298138
9295,-3.97992314020381,-4.07916710791404
9296,-0.419026973539757,-0.45481221238421
9297,0.414911559162535,0.545007714706893
9298,0.758960546161984,0.779159815917365
9299,1.46511317604074,1.84073433867941
9300,-1.36173252238851,-2.31254960100898
9301,-1.35782713259305,-1.91854745245739
9302,0.567745992633268,0.814761033996809
9303,-0.0592536486030115,-0.0668984066468213
9304,0.402515803394475,0.435371430793713
9305,-1.88986222779099,-2.10336919812546
9306,-0.608432936383876,-0.581104273536914
9307,0.695584998795708,0.598876501474106
9308,-0.766699809060655,-1.24593023859792
9309,1.01970199776845,0.731454410929309
9310,-0.507950328916089,-0.81700867438603
9311,-1.21481100531243,-2.27827559409771
9312,2.54817501488239,2.14382180301518
9313,-1.60057010126333,-1.65106841480908
9314,0.628421228933689,0.781268267566663
9315,-3.17767826880152,-5.47214028926894
9316,1.01606970985851,0.831120799078975
9317,-0.938726523294961,-1.25084685265453
9318,-1.22135793885509,-1.21172801813867
9319,-0.897784556943283,-1.07824866054242
9320,0.0311235336503741,0.0380343629902554
9321,-0.00262276221709132,-0.0023854084423315
9322,-0.421680835654104,-0.416513388918091
9323,1.4074886288408,0.938638455800483
9324,0.0614317342134761,0.0476250567039635
9325,0.413498469837644,0.400564693475512
9326,-0.523686717457069,-0.723657383659278
9327,0.111424922776998,0.112422552183183
9328,0.056907666857779,0.0698327240007497
9329,0.475449084288,0.68309208890757
9330,-1.07249719056994,-1.72774900202076
9331,0.670454661385007,0.463253706317672
9332,-1.92375805696179,-3.21073850753668
9333,-0.277199498578098,-0.282359942239345
9334,-0.102021558474003,-0.0968287499218298
9335,0.859609894395894,0.58052655445174
9336,-1.1755144462318,-0.828311922570116
9337,0.183559892784655,0.188850236021103
9338,1.82131578121905,1.25449027919762
9339,-1.87841154852337,-2.09817675102377
9340,-1.15243318737392,-1.77620476969147
9341,-3.20057146100154,-3.63187084900687
9342,-0.942533045157301,-1.57128352763792
9343,1.11324893311942,0.857959202529455
9344,-0.972417655676005,-0.902270366673227
9345,0.685435034171777,0.534962520533734
9346,-0.0404003285654198,-0.0426331522668478
9347,0.55420636119485,0.509798036305093
9348,-1.28719328726398,-1.37742388297049
9349,-1.3746577987454,-1.37435351618439
9350,1.09968410249792,0.937116030359484
9351,-2.13727714596627,-2.13856803185478
9352,-1.01829909513794,-0.980857268990567
9353,-3.51950968793612,-4.83647733346591
9354,-1.7220859783691,-1.86630901663837
9355,-1.06947252961933,-1.21486231413905
9356,2.55593169147199,1.73154681064592
9357,-1.30373612695555,-1.36604301808508
9358,-2.13267496150557,-2.09778634429087
9359,1.2181344024982,1.34809016867104
9360,0.602881236865174,0.513366294124428
9361,-0.729950649018999,-0.76083110899409
9362,2.10988830598486,1.69034582364282
9363,1.69051727879285,1.65807082480205
9364,1.63399550251384,1.97509807251538
9365,-0.369116374666779,-0.461128221426919
9366,-0.383480207411506,-0.463090474721905
9367,1.66355036585753,1.5498828256672
9368,-0.305843193162287,-0.308629819698245
9369,0.53449769682884,0.485575431137236
9370,-0.51867261335031,-0.73647571180478
9371,0.622411783081048,0.705464754537247
9372,-0.900448802816922,-1.46917258756269
9373,-1.1531054577223,-1.8767902475075
9374,-0.22927758468371,-0.173881626518844
9375,-0.464825456798005,-0.452394968578015
9376,0.274638994348035,0.273115503028411
9377,-0.824806762562142,-0.817433014768706
9378,-0.78051008788872,-0.769304555678682
9379,-0.679132127527493,-0.728515136021833
9380,-0.402528315149223,-0.465265720397435
9381,-0.0576112603447129,-0.0811483955799178
9382,0.708060804604536,0.497952810532144
9383,-1.0875859346586,-1.02122135652821
9384,-0.533251422606074,-0.660629542246803
9385,0.714638829993862,0.580768179607701
9386,0.22786276617043,0.182129239001699
9387,1.03357166858395,1.96520057386224
9388,-2.34677423003162,-4.01087951056195
9389,2.17028285691313,1.97420985649759
9390,-0.311219634592177,-0.433343728000128
9391,0.294666590300387,0.320392558332617
9392,-1.48792392191477,-1.69870626759228
9393,-0.935006283065076,-1.5597121218548
9394,-2.7784918398355,-5.54844319852457
9395,-0.759678550184609,-0.666096387859566
9396,0.830014771276925,0.637219244226578
9397,-2.72574506365664,-2.99603697492447
9398,-1.09624231654319,-1.28117506597768
9399,-1.76456196714211,-2.3278430503371
9400,-0.796153716807741,-1.52657574318217
9401,0.618891732148213,0.506652928325968
9402,-2.25056066841251,-3.22102816578077
9403,0.928681793412312,0.928503351549071
9404,-1.51274599922846,-1.94607117619936
9405,0.763809006519436,0.6143166168388
9406,-0.602678891355064,-0.809325754150934
9407,1.96720172766744,1.75436187763134
9408,0.551281296545348,0.526841615691539
9409,-0.137621791369773,-0.166343373698073
9410,-0.220737764530813,-0.262784088165265
9411,1.54996932399005,1.40755794494718
9412,-1.02729194592251,-0.875558825467848
9413,0.344514947652109,0.277645058643443
9414,-0.986189321213151,-0.902881683813118
9415,0.266196915875847,0.356911749890446
9416,-1.48132173141159,-2.14910080574914
9417,-1.11725549729239,-1.49359819344487
9418,-0.642838379143044,-0.755574406299383
9419,-2.16569153201538,-2.69781394489088
9420,0.520516022550857,0.441706624065954
9421,-1.73563058882768,-1.64253131785028
9422,-0.915280689368212,-1.44518880710352
9423,-3.3396458526393,-3.55066116725587
9424,-0.389822642660168,-0.814709715626491
9425,-1.20890983605493,-1.11891282315854
9426,0.961167052922297,0.839521234809706
9427,1.83179410165375,1.89258541974407
9428,0.150201287322166,0.107561423224551
9429,-1.62608625355036,-1.73197669550928
9430,-0.909049044617989,-0.9052618229153
9431,0.283244566866795,0.286519822736385
9432,-1.42379719048019,-1.71870053757293
9433,1.20783749758972,1.12953373213896
9434,0.569370965881152,0.42411000350032
9435,-1.33189534229782,-1.83120633656586
9436,-1.7583191010986,-1.8678524147347
9437,-0.429238420866344,-0.65272206604071
9438,0.215237841146392,0.223911771020633
9439,-1.59208050394396,-1.78808943203388
9440,0.380322369352131,0.423793448874149
9441,0.350339604289018,0.432047316833047
9442,-2.11274033977365,-2.40587545693087
9443,-0.30408144476127,-0.254803287781375
9444,-0.398810492657111,-0.462209448282158
9445,-3.15825766605356,-2.85872471216431
9446,-0.512534541315331,-0.63462132010728
9447,0.954764598955666,0.709469318553513
9448,0.817273690654578,0.796452313084221
9449,0.073258613143206,0.0817859215924945
9450,0.946264059877781,0.822873387644075
9451,-0.753605151528041,-0.716632406248856
9452,1.97555289602397,1.79715665751326
9453,-0.566410016875279,-0.426074447349929
9454,-0.166494909501836,-0.208943069937928
9455,-2.39913993469371,-2.1556893840321
9456,2.07745764959592,2.03874697358898
9457,-0.748999702964671,-0.916268635568983
9458,1.82293431715042,1.65683043479108
9459,1.18794879670053,1.19051907110156
9460,-0.28335025529099,-0.290697460968256
9461,-0.19127907186014,-0.345120346238968
9462,1.00154421256436,0.780444723650556
9463,2.13762677718884,1.66061418977148
9464,-0.86449663060469,-0.874267072518355
9465,0.00611646641353628,0.00582266180049733
9466,-3.54032052593513,-4.85921023789211
9467,0.862590209338064,0.606312870103607
9468,-0.691580110138725,-0.96883278647407
9469,-2.2847587741484,-2.86941254193027
9470,-2.18795637392869,-2.49839996276139
9471,0.290774205509345,0.239429679640427
9472,0.82965123297574,0.797388559874711
9473,0.532318257342797,0.67577743708654
9474,-1.00784752476836,-0.702208732258039
9475,1.33439235085893,1.19881020304251
9476,-1.54920764528523,-1.85059853244394
9477,-0.260844268174908,-0.356891381901748
9478,-3.02301693591033,-4.41858936838008
9479,-0.62186798576499,-0.931913586007787
9480,0.291133693167486,0.273686132197781
9481,-0.0732434905552639,-0.072220504257217
9482,0.970787339299398,1.10708128131882
9483,-0.918000174714767,-0.622187009498854
9484,-0.087686585152491,-0.0775452225582272
9485,-1.96322120290791,-1.64749461760403
9486,0.627892052723973,0.3314254249964
9487,-0.598447051741405,-0.69021607395983
9488,-3.75715436270587,-4.65315188912154
9489,0.42926018667887,0.447180799835181
9490,0.380970108785181,0.384470188299047
9491,0.856200620890118,0.896005551327187
9492,-1.56456421543269,-1.60948856480489
9493,-0.182725183288486,-0.223214516270898
9494,-0.202892866633414,-0.169425945750067
9495,-4.69371058007577,-6.3382363650004
9496,0.839767524176003,0.843759889027947
9497,-2.37057496224225,-2.89524986794766
9498,0.786083263584452,0.946289195058513
9499,-1.60002433467053,-2.21271264795999
9500,0.0312184969374176,0.0225451020953648
9501,1.80695050167366,1.25664649200494
9502,-0.477791601727141,-0.727427957085087
9503,-2.09299074041425,-3.34235914804641
9504,0.18454834544359,0.191720298866837
9505,-0.361798872762609,-0.358266816832759
9506,-0.395046656292332,-0.393362415076787
9507,-1.84491826223733,-1.73999030355638
9508,-1.4226327245733,-1.95453096787868
9509,0.976023407527589,0.759673962396553
9510,-0.669586448312975,-0.767591963117075
9511,-2.80756661232794,-2.23822337151004
9512,0.209210725858076,0.217099305165173
9513,-1.63653816229653,-1.21278042403332
9514,-0.8032375055495,-0.883386284914051
9515,0.300358041754667,0.275796591382455
9516,-0.305091399764055,-0.363460311568344
9517,-0.830858533304041,-1.28647743771368
9518,-0.760177627795558,-1.49137218346094
9519,-0.32736237687446,-0.336872658612773
9520,0.632112297589087,0.493832725514412
9521,0.971428746587613,0.934376599539545
9522,-0.734164586183033,-0.85341254579848
9523,0.0941081667174943,0.117217328984025
9524,0.0153146100488352,0.0197328961265193
9525,-3.06441368472908,-3.45451982550365
9526,-0.441209135742796,-0.708208937213031
9527,-0.99545837312557,-1.5012354649224
9528,-6.51104526166083,-6.30883536030572
9529,-1.88285864784567,-2.89865833636267
9530,-1.75712342279946,-2.174472555617
9531,-1.38862472114924,-1.10641635403569
9532,-1.93440434191345,-2.24036141513271
9533,-2.92303822197828,-3.738193809225
9534,-0.746736564268401,-0.950131280452228
9535,-5.18557584664076,-5.41193999421958
9536,-0.285003180466405,-0.398130090160696
9537,0.876765416852548,0.946782082703994
9538,-0.8539976533739,-0.883407026196698
9539,-0.782902923707919,-0.7250269335267
9540,-0.401876675369139,-0.391738642644043
9541,0.040025813731476,0.04540406750087
9542,0.578789764638015,0.628570713697937
9543,-1.16474585262265,-1.72147958421376
9544,0.0759697466733373,0.0964855484131437
9545,0.504507418148275,0.582625302909138
9546,0.305180705128388,0.28204197100084
9547,-0.12596814895417,-0.12299769383799
9548,-1.07363630788884,-1.30743589032864
9549,0.880465804108825,1.09505966411716
9550,-2.88829592865521,-3.28510114251699
9551,0.712358904790348,0.687576546373203
9552,1.03967537331413,0.905715571048237
9553,-1.60805325136525,-2.32548991303606
9554,0.397680776503602,0.441892179030599
9555,0.670821768129697,0.556270536257514
9556,0.173609205431782,0.228163297773144
9557,-0.422311677280022,-0.449290767640521
9558,-1.65823588685693,-2.50323313413109
9559,-1.74299670406603,-2.65299290659837
9560,0.491205032509549,0.419972716786147
9561,-0.462900105822545,-0.563248077897874
9562,-1.37724090257136,-1.71445467431424
9563,0.327866695070044,0.276690100740317
9564,0.0756202304344387,0.0817416414321692
9565,-0.328463796588701,-0.386115806821104
9566,-0.800993995252017,-1.08080494358709
9567,-1.57859681250653,-2.09741341028233
9568,-0.468252117825876,-0.521977681433867
9569,-0.83439261638471,-0.699994506531519
9570,1.12882332763739,0.861920710258446
9571,1.11266343455541,0.980738629736437
9572,0.116275017245456,0.166318385838853
9573,-2.14264148243052,-3.72286243585087
9574,0.000355730571976078,0.000501415267077927
9575,-0.0732336733663176,-0.122818525763531
9576,-4.35377813159669,-5.98876549015987
9577,0.615648957548994,0.40480326721438
9578,-1.27866766419558,-1.23072633331847
9579,1.33275804318048,1.4024198050327
9580,0.634903992365091,0.454377114912962
9581,0.141316396821399,0.159087381663089
9582,0.943314039481697,0.734268359116792
9583,-2.18923401838285,-2.37898733438787
9584,1.38862399646263,1.11772003354688
9585,-0.273190757503929,-0.333595093574771
9586,-0.648504442424326,-0.509384005298744
9587,-6.5128122244615,-6.34900781801932
9588,0.393343397690316,0.400580862218279
9589,-0.0364714543389051,-0.0481421260864959
9590,-0.13004426979295,-0.162779138400158
9591,-5.89763088565259,-6.4823031684792
9592,0.0417347447847449,0.0350882134535397
9593,-2.0119940918611,-3.20666378285918
9594,0.666950542879334,0.58328569645964
9595,-1.65779647004191,-2.41845815157779
9596,-0.141965128461467,-0.144426175043821
9597,-2.26871027590781,-1.86287885097188
9598,-0.0378625396101563,-0.0372983104240952
9599,0.033678492184508,0.0453223550014809
9600,0.817285540516722,0.758131091545873
9601,1.16440099848962,1.29799438317523
9602,1.70680389085209,1.50640389828421
9603,-0.0453950541435299,-0.0494898284958629
9604,-2.41587529779389,-2.96961370083456
9605,-2.9096784651114,-3.05385788847183
9606,-2.77540361042588,-3.06912230268288
9607,-0.443602678118477,-0.523017084875545
9608,1.40300193283775,1.2340320508535
9609,-0.760630243834396,-0.91231003062081
9610,-1.96335517127414,-2.74257083355673
9611,-2.06248881420211,-2.26652869009832
9612,-1.52341873020294,-1.57433595807267
9613,1.01683657832398,0.801147729833697
9614,1.13992665558052,0.850184476397096
9615,-0.792960044603805,-0.963887721321551
9616,0.404427427186948,0.361619008993156
9617,0.616653905823091,0.638778234206689
9618,-4.76803724903521,-4.3866898212595
9619,0.215099914538937,0.23658167435
9620,-1.26762453348292,-1.81071125643557
9621,0.186147515602776,0.220181241879157
9622,0.592367085303256,0.437701318828305
9623,-1.37651632864609,-2.51396256903184
9624,-0.284468373846631,-0.436579232678972
9625,0.233308181150183,0.198439093714839
9626,-0.659174799918126,-0.773736829745324
9627,0.330104334684439,0.298025199187906
9628,-1.50106608066029,-1.96371192243793
9629,-1.35533021360114,-2.02581692582075
9630,-0.921616696142508,-0.83493208332209
9631,-1.4113279045856,-1.53450995660295
9632,-1.04083664137799,-2.87898664912448
9633,1.1386480367823,1.33696861432778
9634,1.24332816386385,1.50255607666782
9635,0.741331869203817,0.728209427799527
9636,0.0787659931650851,0.0782825393519838
9637,1.03257132075962,0.900404882120572
9638,-1.53871840146315,-2.31723859741731
9639,1.15790271614114,0.77788017006787
9640,-0.703756521892031,-0.682045233719265
9641,1.0984301340343,1.67846274358695
9642,-1.04672244589478,-1.13160380385472
9643,0.305993011220132,0.273953537306135
9644,1.53403622439544,1.10441671278259
9645,-0.726081329442363,-0.802341206664863
9646,0.607352578162846,0.4385454417137
9647,0.2154293645684,0.218825155357438
9648,1.29247019820052,0.92221654571752
9649,-0.0900043344322055,-0.0854397311592019
9650,-0.453788477719425,-0.595119302728449
9651,-2.07000360195583,-2.85029797300742
9652,-0.912889188626233,-1.44179937186867
9653,0.912083773135618,0.745322232316289
9654,1.33373681462543,1.55249949052113
9655,1.76479413693184,1.31703113077167
9656,1.01136066279574,0.86085922362761
9657,0.325200888702556,0.293496760444473
9658,-0.144800057207067,-0.119148098119391
9659,-1.61892501792663,-2.16749732780591
9660,-0.520942352052735,-0.423170745845422
9661,-2.12381380163603,-3.51868469822259
9662,-1.03897393194556,-1.01537913178879
9663,-1.12689510934547,-2.03196070076475
9664,-1.29585821610671,-1.16122041705687
9665,-1.45675197804601,-2.08879894030032
9666,-0.805548564422029,-1.07573311688748
9667,0.454510370065094,0.45453872866253
9668,1.04650884886127,0.803788352150165
9669,-1.28576658478758,-1.26737504675405
9670,-1.70364668429192,-1.45837962718323
9671,-3.14510064555124,-4.48175476836714
9672,0.483483256084413,0.691832028072106
9673,0.843474571280128,0.751724583505612
9674,0.357035670881023,0.443729919846604
9675,-2.53934858684996,-1.64261625186691
9676,-0.212753608929637,-0.27384971502492
9677,1.8346877259942,1.60314946596648
9678,-0.366923899055653,-0.471168520275045
9679,-0.717867967251586,-1.00289421068924
9680,-0.728002137109041,-0.870188704644008
9681,-2.25319711394726,-3.85126823064852
9682,0.11635072807668,0.115706776671865
9683,-2.90584241153544,-3.68793433058655
9684,-3.72636586682754,-4.3980415230541
9685,-3.78626455938392,-6.249081895632
9686,-2.07932295612153,-2.33343539016426
9687,-1.21838531921552,-1.46033232042591
9688,-0.530846713586517,-0.461590391276659
9689,0.517340883338605,0.526434535094158
9690,-3.62254531106122,-4.05782815519901
9691,-1.57138202657335,-1.9149287774448
9692,-0.0152065630236019,-0.0135573931129869
9693,-0.230114181875721,-0.2928066044987
9694,-2.08267846861775,-1.89783697883841
9695,0.0476780821517565,0.035409469652155
9696,-0.0458848947324215,-0.0626245355387127
9697,-1.36587322415388,-1.28323058611783
9698,-0.78339936472254,-0.865418040921834
9699,-1.14688925534123,-1.22152151340001
9700,-2.51238788261718,-3.55783317966748
9701,2.00696469162423,1.29173761926641
9702,-1.87827216226992,-1.9403828020392
9703,-0.468262410299286,-0.49346426683022
9704,-0.637603040496684,-0.686310742861136
9705,2.26816333042573,1.83675084635182
9706,-2.80152668656431,-3.60131441437384
9707,1.0129662011026,0.974991327398467
9708,0.723588021417677,0.545390035991628
9709,-0.985313156880136,-1.23212684617517
9710,2.79088856128578,2.36478021680333
9711,1.57315977913366,1.36787314232342
9712,-1.40809191186403,-1.63513166567432
9713,0.627900804119297,0.65134392110926
9714,0.0186515541350351,0.0130500058718916
9715,-1.73647938165315,-2.96882470234672
9716,-1.26656176849644,-1.34932869543023
9717,1.66260601816453,1.07123894468266
9718,-0.27104517461195,-0.307351774727152
9719,0.114355174490039,0.160241457449539
9720,-3.0064668116836,-4.15261185767595
9721,0.167081482162104,0.140440506086175
9722,-1.88472367948811,-2.78706499067975
9723,0.0143796169242855,0.0158402279333321
9724,-0.792125553446765,-1.20861738106543
9725,-2.45089616842873,-2.82159983487029
9726,-0.0941530350364379,-0.0815623969651045
9727,0.531466174621132,0.501398895625099
9728,1.02783947214093,0.994384354967745
9729,0.23551324557763,0.213083501997588
9730,-1.01664330650109,-0.838812716899428
9731,-4.31422758085792,-5.2118952055441
9732,-1.38025853481504,-1.28396725275227
9733,0.75240710399621,0.687754768424452
9734,-1.22068673568022,-1.11957328896533
9735,-0.823915623861868,-0.798091351542459
9736,0.0845443960583174,0.11991445497891
9737,-0.0684277277920797,-0.0827093385273902
9738,-1.00903192694417,-1.24017955069778
9739,0.157653083742477,0.157289502605072
9740,-1.01736440457069,-0.847233271281718
9741,-2.66498615894374,-3.08217461766266
9742,-2.38935137832419,-2.28497384775159
9743,1.56365136901038,1.85959994535698
9744,-3.74762143725853,-4.51684583211136
9745,-4.76646910452435,-5.62138211573741
9746,-0.509087526240261,-0.431534629086069
9747,-4.16911773309653,-4.35134572395171
9748,-0.285642358744069,-0.38880118096386
9749,1.80599980732437,1.40323689986457
9750,0.256208002896637,0.296502224513058
9751,1.31741026630742,0.949924545052099
9752,-1.26761099969862,-1.6499556727072
9753,1.34245666192217,1.09047588931963
9754,0.112420157110156,0.128014280847214
9755,0.81265518880458,0.785804815960873
9756,-0.915123555389866,-0.696870830669409
9757,-2.81601500797682,-3.64176419020403
9758,0.413847983426512,0.430483220963975
9759,1.5046731367361,1.57692783678791
9760,0.124610473042932,0.136635912524325
9761,-0.302755934265617,-0.313379223027943
9762,-0.0620050346109164,-0.049220829497656
9763,-1.11213689593395,-1.65013057851514
9764,1.09158986311334,2.0700496119681
9765,0.318621287218637,0.357892849986586
9766,-0.298759586861774,-0.464386884053013
9767,-0.896937834351042,-0.735124731480386
9768,-0.0159938805331667,-0.0177621126389959
9769,-1.14709782567272,-1.72900409003418
9770,-0.364625833620206,-0.385958308228619
9771,-0.745148354331256,-1.04148049190828
9772,0.650192898539552,0.639177400405303
9773,-0.166409365204309,-0.167341828575589
9774,-0.923925525057989,-1.07759929892364
9775,-1.72207178563719,-2.41169917243525
9776,-0.390565055300677,-0.436439960024392
9777,-0.241469702247229,-0.260364591230067
9778,-0.428785860755542,-0.591465725899783
9779,0.390339219366632,0.469474951513492
9780,-1.09721576042213,-2.25907549977186
9781,-0.992350580694216,-1.12602561071208
9782,0.614609439974805,0.935547762944953
9783,-0.830900589360738,-1.01616927510075
9784,0.913219287446661,0.85756461015526
9785,-1.88144289982563,-3.86861518348589
9786,-0.294350232356015,-0.439391007451782
9787,1.29644703839906,0.996627956813022
9788,-0.654801133424864,-0.766890932745202
9789,-1.31748911716307,-1.12872939392887
9790,1.54975352156476,1.35911124217705
9791,-0.106386791403379,-0.105203197124356
9792,0.163567330740354,0.176645245667332
9793,1.92794886144301,1.33700385232922
9794,-1.80075783550493,-2.38386494952589
9795,0.0523716554220651,0.0524214920020599
9796,-3.48613691215815,-3.79200441757397
9797,1.63824216241449,1.58938446275825
9798,0.986412213107682,0.925784469888917
9799,-1.15293441637354,-2.10640952701332
9800,-0.850265090583894,-2.00945283919461
9801,1.16115031426108,0.733933265619487
9802,-1.40437329569901,-1.39848014483789
9803,0.382145860222603,0.420770165448373
9804,0.851427562447148,0.794523546704853
9805,-1.50619220396086,-1.54510502992946
9806,0.269877261044697,0.287762030323005
9807,-1.42292757538114,-3.02481072078509
9808,-0.714946626000743,-0.89410588812018
9809,-2.13878535245089,-1.79064851265846
9810,0.65302453556972,0.951130681845199
9811,0.743756816175726,0.929582077447115
9812,1.28743602200795,1.19710665651661
9813,-0.845997271358047,-1.21332025048982
9814,-3.15404533342804,-3.3361754991042
9815,0.612307005523225,0.519286322428817
9816,-1.21030715727701,-1.224811017919
9817,-2.85222493329843,-3.4541446244348
9818,-0.0242518211403554,-0.0270742850260596
9819,-0.736152634382132,-0.89849307936308
9820,0.34982931016906,0.277378391429041
9821,0.656538430712285,0.661577420488165
9822,-1.81758248031385,-2.58074501517787
9823,-0.693780274703501,-0.869938298364682
9824,0.852916299403921,0.773779002087499
9825,-2.25397387260042,-2.12026488997182
9826,-1.12910194228919,-1.2907304529088
9827,-0.524706950503604,-0.71164857175272
9828,-2.52088398842201,-2.95934170867482
9829,-1.64619812643814,-1.22379015436665
9830,-1.86919931824789,-2.17308894548035
9831,-0.586440469981478,-0.811651020741515
9832,-0.799779845760912,-1.0911372403421
9833,0.104631428934505,0.0858534438696112
9834,-2.06775641797365,-2.07277877500847
9835,-0.51384620381885,-0.500341985198909
9836,0.776998674579081,0.824733624199029
9837,-0.81008354164163,-0.800170295928063
9838,0.0214689709658392,0.0340500845039708
9839,1.64020474599999,1.6744093800565
9840,1.17962122375994,0.947444736423922
9841,0.553948704534606,0.830511133471943
9842,0.309274599887765,0.389706007252361
9843,-1.54230963068948,-1.7189141015383
9844,0.856843416319451,0.661655287959201
9845,-0.26894471200021,-0.286746917076122
9846,-1.22397671263878,-0.969643895398724
9847,-0.796955316013003,-0.942618709544211
9848,-0.925357243984075,-1.02863985937255
9849,-1.77171576040646,-2.24520629892937
9850,-0.292413481119211,-0.472973288652579
9851,0.183661504861689,0.18266396586395
9852,-0.159019569272042,-0.15669841670324
9853,-1.39015191548147,-1.54776442700521
9854,-0.112295050571647,-0.140532228196514
9855,-0.0307075413504098,-0.0399020905618212
9856,0.384913942278683,0.454549409469667
9857,0.0948132868858642,0.110911987516524
9858,0.885110848435138,0.816957431215648
9859,-1.03550092683898,-1.02136816878947
9860,-1.49491343135133,-2.11559489891802
9861,-0.309714860304371,-0.359739371914115
9862,-1.14040966475124,-1.17768534273707
9863,-0.702884509147119,-0.621640923582295
9864,0.379473295660851,0.441191819603052
9865,-0.699726459274435,-0.812086777435956
9866,-1.8617902161525,-1.92089158447715
9867,-0.887151613925007,-0.979428241971907
9868,1.26927031391875,1.19281553845125
9869,0.698887820649769,0.729800361437272
9870,-2.17409598183583,-3.47326484580209
9871,1.36620139206364,1.45176352706892
9872,0.763197510742559,0.636431488109384
9873,0.275487749533649,0.277148876496692
9874,0.621764307805525,0.58179312413789
9875,-0.479652448763501,-0.41568332690854
9876,0.0657606834007204,0.148356620513468
9877,1.58302543954787,0.95724911946979
9878,0.509204601810291,0.473653723977342
9879,-3.0614297264132,-5.31328703481238
9880,-2.51398237316819,-2.99109063045022
9881,-1.39846650359936,-2.09864206269774
9882,-0.626557240993506,-0.634817134072474
9883,0.0507689870013918,0.0323830299936972
9884,-0.705575010288235,-0.76150353323535
9885,0.341752638708837,0.33730851351765
9886,0.417646548243949,0.39082039880952
9887,-1.97791121126267,-2.42555518932441
9888,-1.57875556726706,-2.49579141523314
9889,-1.03453460367261,-1.08174875708557
9890,1.13077829538506,1.2384763924581
9891,0.23256393753916,0.20256294555453
9892,1.48975302374679,1.545775805123
9893,0.958606435309646,0.936706230171425
9894,0.686882048774206,0.608619941599648
9895,-3.1377388597946,-9.18642030876609
9896,0.676528726864848,0.776159856844407
9897,-3.73751275264752,-4.24480814418201
9898,0.235349434175695,0.242687540160119
9899,-0.778134158608372,-0.851096551701595
9900,-0.397420210318047,-0.537950290732419
9901,-2.5730875633783,-1.91510618069696
9902,-1.37409907925666,-1.38354020189995
9903,-0.945251141668595,-1.02000778905907
9904,1.73909394743804,1.9598524630188
9905,0.380192106796323,0.403121077478267
9906,-0.47797591811884,-0.727096677845374
9907,-0.876854883429672,-0.888307962866298
9908,-6.67486253549959,-7.53627420523822
9909,-0.131090440153219,-0.17192491517269
9910,0.690340438690702,0.706019969048696
9911,1.65188186936913,1.1806906381297
9912,-1.62841220459924,-2.3688148463688
9913,-1.91357605063193,-2.35212846306554
9914,0.938438092716998,0.94341719635816
9915,-0.499956407956878,-0.597365206817226
9916,-2.0012649937778,-3.08604685557349
9917,0.63894945109326,0.656799296570534
9918,0.538238046153131,0.882052154372214
9919,0.255999556632583,0.295968480599881
9920,-2.04545926219852,-2.56683935943142
9921,1.12911315601137,1.30545102123282
9922,-1.029801649285,-1.75164301603287
9923,-0.592344697458255,-0.58133735397353
9924,-0.994500228123269,-0.988661043422715
9925,-1.2345275656598,-1.78955965938716
9926,-0.182329257365252,-0.174351642521958
9927,1.56773477214299,1.89168517214686
9928,-0.488463201151361,-0.61210402035277
9929,1.9325147839304,1.32466626622746
9930,0.809819970104367,0.850865638559489
9931,-0.217462947452891,-0.294081616300998
9932,-0.359968967817309,-0.388921967362274
9933,-0.85558330771619,-1.23426876070302
9934,-0.360357513813216,-0.405087997263986
9935,-0.551076248175033,-0.594133884798933
9936,-1.38091677348674,-1.8398058049149
9937,0.381730007067746,0.351053889872226
9938,-3.96400557228658,-6.86999123602408
9939,0.98683910485599,0.886482889404916
9940,0.0177263051825383,0.0169668433058581
9941,-7.25456383957181,-6.10114428617247
9942,1.71955896345621,1.43073198112339
9943,1.40219020532678,0.950682523191915
9944,-0.00895147537320764,-0.0133485124468497
9945,-1.32138013362659,-1.52864991453007
9946,-0.0908951449712779,-0.134835867951167
9947,-3.57215760928945,-4.03329002517915
9948,-0.766091772103489,-0.832126393434345
9949,-1.87333338457941,-2.82101782567288
9950,-0.805127376527462,-0.782553434225864
9951,-0.463522083522873,-0.673859113046026
9952,-0.818712037383195,-1.08834860334829
9953,-0.639555219106662,-0.808983210686467
9954,1.38414709760909,1.12866918165413
9955,1.23889101052037,1.01496788954399
9956,-0.4634991812272,-0.546458098658566
9957,-1.20484444499683,-1.52504545683186
9958,0.549195730585842,0.402730404324161
9959,1.28955926618953,1.07531858521804
9960,-0.83628873263458,-0.793611842971497
9961,0.584118764803309,0.590496096811823
9962,-1.27994207551465,-1.41709585987563
9963,0.576847125039619,0.443594273631775
9964,-1.24783201227636,-1.64297799307594
9965,-8.72474203587897,-10.1043523270109
9966,-1.39850891832008,-1.87573376754283
9967,-1.56510563490386,-1.47119935999956
9968,-4.55978993065215,-4.91932968042273
9969,0.194261234988054,0.228800935466647
9970,-0.394338083411044,-0.354040258555862
9971,-2.92948235482482,-2.90251900595031
9972,-0.979852051105427,-0.99288057261941
9973,-0.271945973118981,-0.351064730003612
9974,0.150408094199046,0.218394601154082
9975,-1.4561123917916,-2.9052318265507
9976,0.33225594585998,0.389721543228702
9977,0.876405580374654,0.640209769263755
9978,-0.63093850696501,-0.82175402740213
9979,0.71613129360467,1.033691124077
9980,1.71935993903237,1.37526124161048
9981,1.30964745727713,0.994343849747117
9982,-0.888242417779319,-0.993980953710601
9983,-1.7351597890928,-2.13301853518447
9984,-0.440863270047467,-0.908657433148095
9985,0.76528927221552,0.739819318373591
9986,0.435381524173478,0.547545583665783
9987,-0.329138079102179,-0.531811086327157
9988,-1.02678344384682,-1.30126773989419
9989,0.310966556954185,0.374051439333386
9990,-0.998804355643014,-0.845203903958229
9991,0.315577688215062,0.394096997973615
9992,-0.0681131519205045,-0.0694674748611647
9993,-0.0651844299239813,-0.0578439128468944
9994,-0.230742959377898,-0.227193827255436
9995,-0.0560883699271599,-0.0456916573400328
9996,-1.3084799545089,-2.13515921390968
9997,0.0834805822910922,0.0699090746881105
9998,-1.54321766760625,-2.8303255659491
9999,-2.7664611903099,-2.77993812976869
10000,-1.21137771096204,-0.837340022187952
