模拟编号,普通标准误t统计量,稳健标准误t统计量
1,-0.18344862337137743,-0.19648730970836714
2,-0.6789166845223561,-1.0272603239965166
3,1.6116172963296607,2.0029587913661246
4,0.8457777674260923,1.2292894453528913
5,-0.10896894925574613,-0.1349563114121814
6,-0.4712619101959735,-0.6135737054929981
7,-0.44124971467573587,-0.46730380463961607
8,-0.44735585156677155,-0.49118599348602027
9,0.31986137147184185,0.3894842838678248
10,-1.2039657616459252,-1.0006298861550336
11,0.4366863990083483,0.4403542962017766
12,-2.033079856240698,-1.858007374938075
13,-0.33253721009267945,-0.3717567409078522
14,-0.649608324029275,-0.6340522478255944
15,0.9194049091510197,1.033486205076061
16,-0.721135731621602,-0.9460569014663073
17,-2.473365664229264,-3.03254311352864
18,-0.39522106061097945,-0.6373308350293551
19,-1.9940259839096859,-1.9256901714081163
20,-0.5090388004727489,-0.6098785923094464
21,-1.4216904798299737,-1.2538304764861674
22,0.04267822553200763,0.05505833036990989
23,1.3144995339843868,0.9599534693143515
24,-0.9247441449746283,-1.1215921777608573
25,0.5827397251159145,0.369005692846094
26,-4.2883044132625265,-5.337257444023311
27,0.18233535676419607,0.19282990336189892
28,-0.9059768270885257,-0.7443601232665549
29,1.8826871307443411,1.6753064120439543
30,-1.343020706342215,-1.3178308110182322
31,0.9922231136810328,0.9017024671749788
32,-0.16441196952510903,-0.17833572804312978
33,-1.9591944354689415,-2.967277074481808
34,-2.0260243823240813,-1.871751990471821
35,-1.0121912881444601,-1.257960251035677
36,-6.0479856652337665,-6.978225750345547
37,0.31026556043399095,0.3480951153872864
38,0.464352609706613,0.5056302202533587
39,-0.11360327610653365,-0.11302835390026954
40,0.5139952953710214,0.5251174306406815
41,0.4095242309837,0.41641891937570547
42,0.9102640278353608,0.7009289984494528
43,-0.2351033899873734,-0.2671684771956476
44,-0.8628330025827252,-0.8818840579960512
45,0.5783296934051312,0.5211696583033121
46,1.4489865512603721,0.9705744885978245
47,-1.6575318545132987,-1.7414950996780731
48,2.176922595288277,1.4063964629803298
49,-1.6332063083288557,-3.198076148449924
50,-0.7806713758755935,-0.8798001170562137
51,0.7418186943602538,0.7645838867787274
52,-0.6033215318415507,-0.46311218148976746
53,-0.17150658518435988,-0.14505324675378764
54,0.8962624206998802,0.9298516641700438
55,-2.412388230440007,-2.1858207972147894
56,0.37522192468016524,0.5968786405426484
57,-1.1058455211697666,-1.0789051424181542
58,-3.0274228036502953,-3.881209434755213
59,0.19310205141307288,0.22808578204425636
60,-0.011293764499854652,-0.009706101247502284
61,-1.0354503360313714,-1.3078301954010456
62,-1.559350060753414,-1.472782973520904
63,-0.16888541641507923,-0.1913795058606127
64,-0.44050441927752043,-0.44221619137080276
65,-0.6920954842966802,-0.7474077541190299
66,1.5540823741947505,1.3379293199983746
67,0.6622730807203818,0.6731607256537054
68,-1.8767862232205168,-2.4719509404564035
69,-0.7553910356870015,-1.3360400229339124
70,0.9264498955206931,0.8285591252294547
71,-2.9171594839357198,-3.9054261499440046
72,-0.05666056924581395,-0.057176254079651004
73,0.07937715151811024,0.11949570912705786
74,-0.04327031326080743,-0.045328381481199644
75,-2.114351616433851,-2.7374922734785243
76,-0.5735596754036262,-0.7126278662385717
77,-1.2346364386566568,-1.123535254686336
78,-0.6345430237484891,-0.8439121134879779
79,0.31184761057724275,0.3369717073764314
80,1.1386103151877647,0.9661003272394186
81,0.6555735907582256,0.70822163442011
82,-1.69194264166169,-3.558002081376552
83,-0.5094099426507361,-0.5091304505003021
84,0.08989997162948242,0.0797751916919535
85,-1.150227277818628,-1.9147297543219894
86,0.8334304607530633,0.7772465689264616
87,1.173662272427974,1.2915979535359718
88,-0.17488084759666966,-0.198122994776516
89,-1.564060561929605,-2.3276037426491425
90,-0.7458339548233874,-0.7394307555600814
91,0.6934583854576127,0.6811482010313339
92,-0.9175213202717627,-1.004061620659356
93,0.8471258513414623,0.6525509953169742
94,1.6727335982121532,1.6625465424456343
95,-0.29162287957725175,-0.25114152963997777
96,-0.10012119438743566,-0.09549659891365746
97,-1.5468413961737226,-1.3083870718803878
98,-1.3568691078218837,-1.5968341020628738
99,0.8376285118006385,0.8741459881789857
100,0.07127383612265098,0.07079022823172684
101,0.5564456703615199,0.6983762015576812
102,0.701510052780541,0.7175340519259413
103,-0.6655584790251956,-0.8359178750692187
104,0.5145598886998213,0.458520780561335
105,-0.938044324502931,-0.9542227940435609
106,-1.047872637864869,-1.408906153162731
107,0.2548054640067048,0.3106417671198253
108,1.3497301846298166,1.316538310870253
109,-0.42006968684179363,-0.37186706808947956
110,-0.3575321408849159,-0.6119577737760085
111,-1.0248920812323026,-1.0032995660425617
112,1.927472973189424,2.1992412211028545
113,0.7355227151485705,0.8207778702132467
114,-2.0001578709337413,-2.3549645060188324
115,2.3368859756131166,1.7409661345127356
116,0.965323887889432,1.0139093657588862
117,-1.364605283482236,-1.282270083965351
118,-3.567275126948445,-4.1417413817228335
119,-1.9353423871963604,-1.8971645448622834
120,1.2654498835927344,1.1331180872277047
121,0.453620145815229,0.3869264083354979
122,0.3727788833123226,0.31465649738295703
123,-1.2219668620929027,-1.4398885778732655
124,1.6064432202773111,1.0861603500186396
125,-1.359436103069023,-1.752737317843428
126,-1.0674222012424106,-1.2520654382394916
127,-0.2858383400662559,-0.43412988712102
128,0.433662380589269,0.7546858911894893
129,-1.9711497457583624,-2.6704010830201756
130,0.06479593605379597,0.043355565602148115
131,-1.93471668262006,-2.0735052655579347
132,-0.8233101632438297,-0.8531386097755441
133,-0.6927537629390399,-1.1359807753783169
134,-1.7652625173147454,-1.9195341865853535
135,-0.3694578953662224,-0.32766052220141145
136,-4.331988486698339,-4.906621650882731
137,0.9357874174740749,0.7033169895083088
138,-1.7842216444779282,-1.8102905027029357
139,0.11611364028758986,0.1084740737417636
140,-0.07514175885847411,-0.08929911319469706
141,-1.1199138770251222,-1.0701578869620185
142,-1.1298131099417865,-1.339651048383565
143,-1.9461165574318222,-2.0038311192831273
144,-0.30768251625265197,-0.3199457320573515
145,-0.06469738410907586,-0.09881569086434494
146,0.4930697822131414,0.5378738561247025
147,-2.6287365763528454,-3.200595133497657
148,0.03137701700866379,0.019548000637474052
149,-1.5406153007558887,-1.8861085060816327
150,1.566502478007222,1.2457413202472833
151,2.1390389356585082,1.4689947127971814
152,-0.9818756755979452,-1.5132485828843751
153,-0.25274985429734825,-0.22726461465769188
154,1.8881034446928846,1.333228794666856
155,1.0946199268977626,0.7738675012436956
156,0.10066163711849829,0.08730210793072249
157,-0.5209178399794603,-0.6275050099951934
158,-2.110857109714618,-3.6189875831763367
159,-0.9113321507204475,-1.1028734397256827
160,-2.1120433871254893,-3.161204072833733
161,0.16815381947098637,0.19051720299618652
162,0.4484269614053148,0.6229897614340524
163,1.9543328006807557,1.814610036397549
164,-1.0512618472139992,-1.26927970760057
165,0.5900079053741599,0.5097172512910366
166,-0.3409900554582415,-0.33480786590900313
167,-0.30821957388106197,-0.38250687892242685
168,-0.9891784056214523,-1.9611233692211074
169,-2.474510403660755,-2.1949892195856533
170,-0.8293042979448302,-0.8069205451015136
171,0.3984571915902103,0.4563841429134723
172,0.6019377260693455,0.7879790202376711
173,-0.007525091345662334,-0.007364156176671855
174,-1.3643650550088309,-1.895377186809579
175,1.1055701369755802,0.8486272876136579
176,-1.1198099804256079,-1.7566197021887708
177,-0.2648637605205245,-0.29644238596294925
178,0.7027399958167313,0.642684469351789
179,0.3384965466959881,0.3078550221650359
180,-1.6326841706474173,-2.6729271610708967
181,0.2942661378196433,0.24407898193142907
182,1.5816597524156555,1.397856339793819
183,-0.5942935451969933,-0.6793698363354644
184,-3.2698548079993666,-3.6930946663559854
185,-1.8027432981367968,-1.678964531649656
186,-0.09601784185161454,-0.097699550428599
187,0.557988781011414,0.7079560239790621
188,-1.3294748333228803,-1.2932540838642015
189,-0.5647582000639896,-0.6975110448480896
190,-0.6057878443763226,-0.6743994961684694
191,-1.3564600864162832,-2.474869405726452
192,0.16661518496060065,0.15192272073000543
193,-1.655660079835408,-1.6698184847397426
194,0.7645261896213655,0.8248686278271692
195,0.1876927085703783,0.21584365132742042
196,-0.2548608920259715,-0.2588178415753551
197,0.4904711013530884,0.5205992817401895
198,-0.4407922720900159,-0.6267824891248426
199,-0.23166998432292896,-0.42794656287786587
200,-1.2416484153405178,-1.9244704092044995
201,0.9066773572739367,0.6527856628571285
202,0.15512219421604398,0.18897154370722294
203,-2.076363648970292,-2.5749908851738774
204,0.19864465724826663,0.1866968128298605
205,-1.0068061561509365,-1.4651698791957888
206,-1.617905769613867,-2.734725679287875
207,-0.2278040234867269,-0.22546962308277685
208,0.27015812343503703,0.43331519718038664
209,-0.7588500067632262,-0.6916516132477066
210,-0.7051523889540683,-1.0820468497796518
211,-2.4965571979748704,-3.8248161000013017
212,-1.3007541485575596,-1.8194463999820227
213,-4.234776583375373,-3.9595080786050203
214,-1.5759479003326349,-1.9770790989689455
215,0.5658503998779794,0.5945129308117091
216,-0.33238211400181145,-0.4916489811662039
217,1.647611495899436,1.4254955742739726
218,-2.5701718770967434,-4.325252006967684
219,-0.5720463187343628,-0.6253002287713396
220,-2.8740223506201965,-3.195567910256195
221,-2.660792482718626,-2.3560160354740196
222,-0.39105017750294074,-0.4357951955480171
223,0.7567158520630589,0.6261312325346508
224,-0.3996363979394779,-0.3239731419349292
225,1.39967151883931,0.9457205584051617
226,-0.19363403615507493,-0.23317146957097482
227,1.3430401043566593,1.5927560859962189
228,-0.9424008368270805,-0.842790149352049
229,0.1585965266997365,0.1505561746735723
230,0.5123701280605886,0.6374067284776676
231,-0.3280853510771251,-0.30884368740469353
232,-0.7424731291269848,-0.9731829434187423
233,0.6759771688134047,0.9379950936446402
234,-1.146240967489895,-1.5706950822478476
235,-0.11547142609162117,-0.2017971998013345
236,-1.9688835698472547,-2.490338152671931
237,-0.40808270910561134,-0.3987698753132997
238,-0.9202828140126942,-0.8076175384467487
239,-2.4934761609867615,-2.567350497493594
240,0.8776829564615521,0.645021173091571
241,0.5926634912771828,0.6322878865771391
242,-0.3584800110613901,-0.5102792102241953
243,-1.2503840715264851,-0.8555888716013635
244,-0.3899189636996226,-0.38223712274337557
245,0.6650256401771376,0.5811499095307814
246,0.5458150996203072,0.6147100389122604
247,2.008311076710374,1.9178942222720132
248,0.690725976653989,0.5952904715474672
249,-1.6066041676863974,-2.0869109781568
250,0.9512915524767372,0.7716686661452302
251,-1.0000779964233166,-1.0960089545275455
252,-0.6547534977166888,-0.7835457506507033
253,-0.04398672102607989,-0.03658643527347829
254,0.38284972974834036,0.33533180730106016
255,0.563457127184488,0.6015426295464041
256,-4.023821952189937,-5.390749227366485
257,-0.9405131016809046,-0.9329265430014139
258,0.3717065671865185,0.5153624942721738
259,-1.1701230197629242,-1.4048970911517988
260,0.7843424863758802,0.6348171204280603
261,-1.3391387167534363,-1.4925784292578776
262,-0.7560320572372157,-1.3451581148773735
263,0.810036059196811,0.9196995863299093
264,1.6945557907452649,1.2366863830548758
265,0.9385109878279455,0.7724149956690401
266,1.5282133176133037,1.1970835569334386
267,-0.018803482344435053,-0.01463309192914718
268,0.6361396911018831,0.7626004552669489
269,0.8309062654377694,0.9648860899308283
270,0.9357800840105371,0.7417378782121196
271,-0.18501354513626916,-0.25067287261849186
272,-1.190561862944785,-1.4296891656352504
273,-0.675119896434334,-0.8416912979700714
274,-3.9933455846029826,-4.218413215537117
275,-1.2189645067006467,-1.548227949132496
276,0.05462572240695612,0.05046159625093264
277,-1.24282459133761,-1.2140467030324336
278,-1.6454870999265394,-2.832810687340253
279,-0.21365184672452348,-0.1826594111326259
280,1.3055770169540681,1.18162008466493
281,0.8560989050938039,0.5916888987369872
282,-0.7647017411387886,-0.8554109582254702
283,0.5997272589314298,0.6490121742839423
284,0.462096706775066,0.3580542737646782
285,0.44528888119156473,0.4365625237793964
286,1.1979331653231196,1.3758491544140063
287,-1.0518786331011392,-0.9871875212093092
288,-0.2257404135897536,-0.2645394065195437
289,-0.14214236858476811,-0.13718942348688098
290,0.7478638589956811,0.7015159662894338
291,-2.5385582100788207,-3.0521089635611776
292,1.2029251004457933,1.3799376156173224
293,1.6784017026544331,1.2685907781186838
294,-0.24208861207843307,-0.2310992407015542
295,-1.2217615921080902,-1.132757678645456
296,-0.0609045874087721,-0.0591637643058561
297,-0.3951019730437002,-0.47093687188613126
298,-2.494657257730118,-3.9400609055261957
299,-1.5519225833008181,-2.1854665867372107
300,-0.17208835943128853,-0.20371371616156755
301,1.1619213405986881,1.48575031302015
302,-0.8214769966727052,-1.069515813747193
303,-0.2610099885408915,-0.3251389576664123
304,-1.416835935705463,-2.123993164163409
305,-0.9954996875238034,-1.3768149274853445
306,0.9041769494475076,0.6704532582793771
307,-0.17064762177820483,-0.1687017199713445
308,0.17988629813074614,0.20481150489644784
309,0.07392496875141301,0.08263881809493231
310,-1.8112050041381933,-2.100807360860643
311,-0.36874851385791624,-0.37188204621237836
312,-0.08281493986036893,-0.08039721402237142
313,-0.8643937274742999,-0.8766093639229551
314,-0.07632732798471897,-0.09547190816783434
315,0.21306197589477183,0.21177363575201397
316,0.3032710792346489,0.2874187809286007
317,1.7145687276453054,1.4448965751320795
318,0.623382370958942,0.49133439023976655
319,-5.000229272815556,-5.268985024517467
320,-0.9230092151477787,-1.0906587551757247
321,0.21049547441949645,0.19155542256520136
322,-1.4191117873019936,-3.2828777720034887
323,-0.16913307940932656,-0.1804036951066226
324,-0.3245052714397114,-0.3877164284538148
325,0.9814913779375463,1.134121398683021
326,0.17649278727710274,0.12363613840069926
327,-0.7671213176417021,-0.728557035435845
328,1.2167184625811407,0.9821239777361045
329,1.4173510023864238,0.9663629826145285
330,1.2867124135443628,0.9598487456564067
331,1.1826188436913094,0.9933216326984511
332,0.39920287151322376,0.28782338088285764
333,1.9435206133644778,1.6107390173047043
334,0.026684581013686266,0.026386350997728524
335,-1.8938626254188184,-3.2553097821989465
336,-0.8827996512408767,-1.0942565750525421
337,-2.248221617309189,-3.0359843134041116
338,-0.46959567022921767,-0.5576260298886055
339,0.373323229194941,0.42494715375636555
340,0.18373670911377002,0.18447044812024227
341,-0.0869541103711795,-0.06146542201422854
342,0.31098174174985116,0.26817078323720506
343,1.1135124413063089,0.8884941742645408
344,-1.420127357852915,-1.7279424823338319
345,0.4280342119403671,0.30401628118141116
346,-0.5211008996372379,-0.6581416887878269
347,0.20524129389271184,0.183163448184588
348,-0.37284038100561456,-0.6631523971759922
349,0.6847280482540923,0.6094083055709079
350,-1.4436258577743153,-1.4779598996389938
351,-2.6110974427187035,-3.4274155830600397
352,0.2822399816940771,0.2481224206221465
353,1.1945151467376562,0.7328487026508785
354,-0.14853706344198256,-0.1593652207518881
355,-1.7007769507122634,-1.65489202004395
356,-0.2532897198933899,-0.18584632375978952
357,0.08283213348219222,0.09682190089242715
358,0.4966546724099796,0.38345710282216744
359,-0.13762718325226467,-0.09757256742234453
360,0.3838095308229008,0.3690484649629084
361,-0.09997160683918613,-0.08798064399258695
362,-1.746201231383559,-1.448398634547672
363,-2.3934625750470486,-3.0121527054865993
364,-1.1526826223317739,-1.0338301476453762
365,-1.728240329754708,-1.919188967726351
366,-2.618183104911393,-3.4170890519026496
367,-0.843310612980563,-0.8826394714039455
368,0.8322165303314951,0.6595035677482229
369,-1.3227273428304847,-2.1349604631335524
370,1.074196530502924,1.0676989005966973
371,0.07871521745067604,0.1019728729114605
372,-1.2849407985639054,-1.3162165525030154
373,-0.8907930081136199,-1.393165651088521
374,0.023440302723923986,0.03400774384894813
375,-2.2173305951463598,-3.5801284592524625
376,-0.958420534578788,-1.087510667109843
377,0.002835038282449199,0.0030640671756775825
378,-0.3937663190871078,-0.3887695440583445
379,-0.6461934041848559,-0.7314057841488278
380,-0.807065296074716,-0.9849397048205698
381,-0.09188568142945884,-0.12275274456045819
382,0.3461471399691306,0.3374162034786483
383,-0.7697331153965842,-0.9796514587637043
384,0.36156964236961664,0.3721015774470418
385,0.3089661257310197,0.31000980181542787
386,0.7355674612563841,0.46427655721107125
387,1.628006309269567,0.9844687374926019
388,0.31083762819515753,0.279762734471696
389,0.22462155983923227,0.3029225005092283
390,-0.38959760011864075,-0.45565099103129036
391,2.257013810966824,1.6403376133982002
392,0.5783404804590704,0.48084105186090925
393,-0.35526638441770697,-0.29963220885336916
394,-2.3379274184428334,-3.5076397144878673
395,0.21016456562516586,0.1909991486986897
396,-1.1602393926373773,-1.400685809363618
397,-1.4346773514640108,-1.8996194471312777
398,0.06811120602778521,0.10690111983210533
399,-1.4535897425723576,-1.9995524225200094
400,-0.958996506767743,-0.8865668747667341
401,1.3748086134289603,0.9465718692162848
402,-0.6784379197445292,-0.8400416006675249
403,0.11480880847573739,0.1186836121135994
404,-0.7205130153991647,-1.0354238969776806
405,-0.04811218489742114,-0.058097739160089215
406,0.44053647346664593,0.3570412991846997
407,0.916537717666619,0.8189503049019581
408,-2.2300490971755864,-2.643160862433625
409,1.5480450219099908,1.0161783176091035
410,-0.2378169673215387,-0.2005329481763168
411,-5.564666985975585,-5.564174077120611
412,1.9218063617925605,1.0715708193510667
413,-0.24897444335965596,-0.2540522935559964
414,2.952495350522258,2.7233483540809753
415,-0.7745562445823956,-0.6990683856702832
416,-2.699681409728685,-4.241140224012658
417,1.213711988459412,0.8427597964632948
418,-0.13899046709999047,-0.17511769096260196
419,-3.762692365555334,-3.1400203376902205
420,0.2022530867856097,0.19527687715298334
421,-2.576932728763876,-4.779954973828547
422,-1.189161020826091,-1.318408250666069
423,0.7111355404511002,0.7621963574061995
424,-0.3258819837900004,-0.4449660818659076
425,1.0322465332654909,1.0814545130176474
426,0.6014223758002162,0.4325482014055466
427,-0.7311350777331721,-0.7316323768447682
428,-2.185607581681517,-2.3453449742765238
429,-2.8121193339011503,-2.883037955092077
430,0.24269393583204124,0.2211748315148713
431,3.1699778631090245,2.6042890500153852
432,1.7708203306922272,1.3082799369456861
433,0.08761713254456314,0.0866790349935736
434,-1.785600792774623,-2.2387235142694744
435,-1.412502423204871,-4.256188394715591
436,-1.9669736081961349,-1.6514942897146252
437,0.19091838304044373,0.1928966727814306
438,0.6944755907776696,0.7010281239306819
439,1.5400983796222019,1.6970842817315417
440,-1.7920710696145215,-1.7386208096008853
441,-0.26176741480132465,-0.312117390460429
442,-2.097238246693371,-2.2979697982662186
443,1.3850906633674438,1.2328052488885812
444,-1.0734023393600227,-1.3647566649931577
445,0.20768578029631588,0.2113344019364659
446,-1.151434646994621,-1.8804011468088755
447,-1.9684097899381532,-2.6304437604936908
448,-2.0198196916940185,-2.3274546971458525
449,0.044131168496874984,0.03973512001389004
450,0.7577798966466355,0.6043832293085133
451,-1.480014107708198,-2.225561472338538
452,-0.11159942210358972,-0.1429322987056902
453,-0.7520897418040985,-0.8343765497866721
454,-0.8880034270501388,-1.2454335419344005
455,-1.3560000600160036,-1.5844419584111453
456,-0.7441037082487252,-0.9861641453484462
457,-1.7398878217634617,-1.674033442211759
458,1.0624452841776906,0.9595660004232657
459,0.5065351051971281,0.6154477161595008
460,-0.8591838983354266,-0.9297887372596099
461,1.744876713632891,1.716116791323754
462,-0.2484267721655434,-0.24420066525813475
463,0.30362128106764913,0.2615647517570134
464,1.330605062512148,0.9653012124633069
465,-2.3683846815743492,-3.7060250867927147
466,-1.093455616104317,-1.4303621956105037
467,1.5514247071370766,1.6918891353961716
468,-1.9991803886969288,-1.74250233496761
469,2.8350776963504782,1.9809453800378676
470,-1.6259873008050991,-3.1055033709011908
471,0.1230588447899667,0.1260049992965212
472,0.7658281693322454,0.8072676481849664
473,1.2172380046553972,0.7377169714506938
474,-0.625335500832625,-0.6005052875996553
475,1.4769095302987978,1.298820918179877
476,-2.1077108840527012,-2.6036696537808335
477,-1.2368621787111123,-1.3160933662789014
478,-1.2422997899447137,-1.129446275478077
479,0.23966119668565186,0.21845115194537815
480,0.9624529280927007,1.175500076082991
481,1.2936410079458087,1.0536038073214882
482,-1.1647882693296714,-1.1382170971574879
483,-0.3894699810393103,-0.4317516897002291
484,-0.6427206587109596,-0.7100546655095277
485,-0.3236355157342841,-0.4009401992699359
486,1.5427314244939943,1.5552374596361465
487,0.8713195167713352,0.8524086506928
488,0.1001330347687166,0.11299921295730017
489,-0.1586701703334433,-0.17196168827791897
490,-1.5067658338395062,-1.6488232259750903
491,0.5937587575831409,0.633391592360007
492,-1.3348367523192144,-1.2652907500964947
493,-0.7232252583458827,-1.142534387560525
494,0.998950253700603,0.711517637869761
495,-0.1367823473405711,-0.16695713202359677
496,0.2345517484554068,0.25404707229269424
497,0.37876682210539303,0.3592233604207122
498,-1.7921621247906103,-1.7850669944414157
499,-0.8541493769736835,-0.8509851586637546
500,1.140283940683237,1.1429731533941125
501,-0.09158230055299645,-0.08352642411516017
502,0.425913963034827,0.298802040101827
503,-2.2290876142975047,-2.4947850318174476
504,0.28618961720597696,0.21998897971385234
505,0.02614696462090314,0.036710993419548074
506,-1.6037062488175704,-1.6158664128093692
507,-2.9420906249668177,-4.64560756667621
508,0.20471144867130087,0.20687774299005027
509,0.4438299641009112,0.4121856824444641
510,-0.515220972747661,-0.5644003538202048
511,-1.4778750949194221,-1.785892200161
512,0.2773663009134747,0.4178249984954099
513,-0.514067307692056,-0.5367429109753978
514,0.6764662846487292,0.5089329329027272
515,0.589025528537269,0.6787231180258995
516,0.8196080054095876,0.990870188660373
517,-0.9185747278030373,-1.0421492712900182
518,-0.6113466343538014,-0.6858902586915363
519,0.2916625036673424,0.23516808549876153
520,-0.3814556741792286,-0.3652452859241913
521,-2.0980843208723434,-3.4598224712313352
522,-0.08232742333743387,-0.0955552336509292
523,0.9998887067969692,0.7775774407419204
524,-1.1821548245533289,-1.5229432495606718
525,-0.042980161861165385,-0.04520734957311933
526,1.8955613510488625,1.6222799736440408
527,0.33805750093689385,0.2897755227725851
528,-1.5487154321235115,-2.054080772747708
529,-0.407615308564108,-0.26597190511324464
530,-0.6052592783288542,-0.5729187997743157
531,1.1848253768954335,1.0660710480491706
532,-1.5991469048031806,-1.545829752082124
533,-0.40077175255033654,-0.4838153307308225
534,-2.1659058190194127,-3.5547906863958354
535,0.7423887180632815,0.6113374263679306
536,-1.1656395613408872,-1.593588861809601
537,0.8037022761905175,0.6885767072144938
538,-0.4687319414396685,-0.5290786152579756
539,-0.21616705530587307,-0.32495687483803626
540,-0.5884953285942488,-0.5779335490935581
541,-0.6680160940491856,-0.9306530184055348
542,0.009013636945765542,0.00758681791652594
543,-4.629661548706964,-5.436867853664339
544,0.9059291946077288,0.6832245066842929
545,-0.8296728802874936,-0.7185594482319658
546,0.25676679358383403,0.22381280412406537
547,0.9358618916983288,0.7928991818173156
548,-0.5607614841047897,-0.496414069469202
549,1.719892360617274,1.7086255729484352
550,-2.5338731585361627,-4.01418266276376
551,-0.08036496748039237,-0.10520182656300947
552,-2.450476880632972,-3.297004698786445
553,-1.245683890013445,-2.0955276751802168
554,-0.7395028216760042,-1.1912790494937882
555,-0.3953446533392191,-0.5574580994984707
556,-3.152198382905083,-3.261237000095263
557,0.3738331227034344,0.45563111386577465
558,-0.7505267661075844,-0.6633737101257206
559,1.3629995728390392,1.1961694660893025
560,-1.4559870543276163,-1.934226801318143
561,0.6304312434402318,0.5604460918900157
562,0.16297239972609365,0.18189078557724214
563,-0.9493563450373542,-1.3380755221340928
564,-1.4105062482499129,-1.1858487044537964
565,0.7419165744591684,0.7644445570223232
566,-1.2219862934604253,-0.6751850840964636
567,-1.357062231166932,-1.6045077486213875
568,-3.106812737055644,-3.9655675794697296
569,0.17641021048538016,0.15402636970014041
570,-1.187771923651784,-1.173363016650608
571,-0.08034862885420742,-0.07187424665638899
572,-1.1913138703423019,-1.457140539904853
573,1.1885425233911742,1.0518953410968668
574,0.8744713653458417,0.623274751578812
575,1.3888804053079868,1.0296547296059024
576,-2.68710476750049,-2.787332907751204
577,0.7682099238920487,0.5591263915608298
578,0.22923974719965978,0.24091482782031903
579,0.7129547062265998,0.6019917398659073
580,-0.21862378900435686,-0.21152168554379014
581,0.48054942469908096,0.5029290199262011
582,-0.3642162149988833,-0.5201773558527332
583,-3.586093090906278,-5.501481191229561
584,1.5501980142230305,1.1541402318858296
585,-0.4323078823689709,-0.4831828753452285
586,-3.039408436785474,-4.784506845942592
587,-0.24533228991074443,-0.239047106688141
588,-0.3941429234214763,-0.28764000361646785
589,-1.061465227200985,-1.1151428742099492
590,0.6129011561676484,0.6831569701003017
591,0.6156309418612388,0.4660278840877897
592,-0.5886845689391412,-0.6768602045483101
593,1.3542239898749782,1.328821038919671
594,-0.01934600770454237,-0.025796232214656666
595,-0.10020284897544218,-0.12618135516773987
596,0.7679643635770027,0.5429932400261724
597,1.0320122257945679,0.6203656617070771
598,0.43264102561621115,0.5229304913376626
599,-0.6088886592867881,-0.5884659999052662
600,1.1983944638746562,1.0432876995058182
601,0.625467956140714,0.8411452731766628
602,1.311138972856281,1.3296860757018598
603,2.05245791375547,2.2236045671675577
604,0.6461963877812295,0.5933435650368928
605,0.6644332542865682,0.547721715323187
606,-0.973748028080738,-1.167628011184505
607,-1.058778852580525,-0.9781901953033431
608,0.24588956136568993,0.24577019930556795
609,1.793881953955503,1.546495899479563
610,0.5036693636850398,0.3449343585125821
611,0.9009561497234438,1.054749347308367
612,-1.9048827354300535,-2.256809033527913
613,1.4763524803555002,1.40358408838341
614,1.066393134443461,1.20627264494463
615,-1.563041857185004,-2.829967711211843
616,1.1214924551841288,0.9752713179595519
617,0.4940703007689164,0.45307699717888356
618,-1.0222580035465516,-1.586713374500102
619,-0.6462363635681231,-0.5568902218825642
620,0.8943420129484043,1.4208546205079005
621,-1.7584230115864483,-1.6265610862028033
622,0.8085678106185238,0.9175494375952816
623,-0.16269293508852017,-0.30872244216817785
624,-0.4986204761938173,-0.6689093513809513
625,-1.1073397759361532,-1.6566171234006746
626,0.3753923363752725,0.4678985707971264
627,-1.3655044564924386,-1.5237687862852782
628,0.9500482183190404,0.6923841946266652
629,-1.5647743352077272,-1.5559834845439797
630,1.0951682530220963,1.2099807173883954
631,1.239661203146594,0.8731413126415778
632,-0.8695901440812047,-0.831332354980841
633,0.6883833420305406,0.7662276354206607
634,-0.746612585497106,-0.8330981327280867
635,-2.505526151439804,-2.7482646787672063
636,-0.7967446452230366,-1.1646296009344839
637,-1.0198807054722558,-1.3060602708837927
638,1.2808873923043989,0.9605297719317949
639,-1.1611031085607213,-1.2560491490011336
640,-2.004896339582742,-2.078917408797359
641,0.6504189029565717,0.6344491577775674
642,-1.3494197016908824,-1.5645308364649202
643,0.360722221734199,0.4708915327930705
644,-2.5980668052988185,-2.4540599977827826
645,-1.6788649828681395,-2.4670305730066993
646,0.9731604210070705,0.9267660249041328
647,-0.5162218677118415,-0.5526153747912221
648,-1.2942690521249107,-1.101299937382891
649,1.3209197736005331,1.2528277900137623
650,0.5034581907058069,0.4668126667216878
651,1.1128107483090417,0.9358754162903223
652,0.021651382902947495,0.02183462951799755
653,0.9964292851158065,1.0571500141843402
654,0.5213914779292185,0.3973406385672431
655,-0.17166033675110368,-0.2063135241234997
656,-0.20391792857939775,-0.16605769358369124
657,-0.3214379637519175,-0.42650508556209
658,-0.03566017087802726,-0.03175486581958696
659,-2.6441233345563155,-3.815690294249635
660,-0.24294989088156235,-0.319958299885965
661,0.6032187248230627,0.6616978525981402
662,-0.4409869229165097,-0.5201460226310518
663,-0.7795841968878542,-0.7519069488635882
664,-0.8981855275184742,-1.04764637229417
665,0.891794345145705,0.9251032447049196
666,-1.271320111986099,-1.4192309445875855
667,-0.38344421628091047,-0.485708463831687
668,0.338194252337079,0.3080925503349855
669,-1.501026961618857,-2.8419288224381916
670,0.9450377411561269,0.7857958261037276
671,-0.7176696463289258,-0.9766071089287375
672,-0.7229655616280218,-0.699881052188861
673,-2.6304149795003875,-2.9779709921122177
674,0.15383869580378337,0.1596568190129999
675,1.0649133923132792,1.0386524413678597
676,-2.247129759419656,-3.888515923296358
677,-0.24490449782945464,-0.35119793545562383
678,-2.2900993189250936,-2.835363465672054
679,-0.9367431657639473,-0.855440151389789
680,-1.43634820019635,-1.742090286317719
681,-0.7544651762932774,-0.9497793644926792
682,-2.9466286848686885,-3.2522572318636906
683,-1.6314246056884538,-1.8278529711963472
684,0.7207228946482552,0.7887362620038878
685,-1.583334109191762,-1.9837517959982827
686,-2.5534077592388407,-3.352913865585947
687,1.6760533846228742,1.5950499486363008
688,-0.3108967295532521,-0.5509311464750813
689,-1.672348726179103,-1.7891025155882316
690,0.17780956162458672,0.29523075387791503
691,-1.1233684185567503,-1.5970376014246803
692,-3.1542694331467396,-4.360251455933015
693,-1.3998981441456397,-1.3688947354944165
694,1.1270389712490532,0.8796226481214385
695,-0.5805105617891283,-1.0018051063744664
696,-1.306985288251949,-1.790380318438802
697,-0.5423061356876789,-0.581244394618995
698,-1.1744878462887864,-0.7986435194536164
699,-0.44074903423256184,-0.54657291077587
700,-0.12665040771209915,-0.09841180131581562
701,-0.3080691733352456,-0.3682497011386983
702,1.8800619553774345,1.695547454469923
703,-0.7587137494719625,-0.6264580510946516
704,-0.5253818054183845,-0.5722216960221589
705,1.3134692728102644,1.2647209005670927
706,0.6524399882325775,0.4654071109196688
707,-0.6759511448947264,-0.6341644153193992
708,0.87038229385545,0.8661627272556809
709,0.8503970688898129,0.7040948167287857
710,-0.5101225980413029,-0.4322363184070736
711,0.14510117005734802,0.11041316529533415
712,-0.35571700559614616,-0.6802443999186548
713,-0.9181998080175688,-0.7735204341253779
714,0.3465099444586995,0.2807383437567843
715,0.282946488591399,0.2972861983388568
716,0.9688280435583336,0.9172164539967687
717,-0.9314443085115428,-1.43557546276703
718,0.827528843599289,0.7985120284854131
719,-1.0675517477828034,-1.3549231662542318
720,-0.6734882965457883,-0.48694218745513385
721,-0.40637306287310576,-0.342613358852773
722,-3.5586587862383774,-4.38657958977746
723,0.7140555930772781,0.781706750078392
724,-0.16673695372851524,-0.22732170864931975
725,-0.008595100335449702,-0.009982354417247864
726,-2.3024180377341974,-2.280745992798131
727,0.5580993594973238,0.7446127286443935
728,-3.6164746008607263,-3.8679154319466145
729,0.28870011171422605,0.2756667471593012
730,-0.10086474786184634,-0.12351877241630453
731,-0.449759053368149,-0.383579456540817
732,-0.05532537242786309,-0.04982745654415126
733,3.1511459678883895,2.0570580687244537
734,-3.0902649473687225,-2.4247507907941364
735,0.767405349097257,0.5979031024743123
736,-2.9112537487483463,-4.334514707919483
737,0.3798676562100034,0.3779842972142993
738,-0.3396809445435543,-0.3825139599788793
739,-3.1755948296506555,-5.433720955075199
740,0.2744889761005489,0.27782763440735386
741,-0.3920096170105951,-0.49115867221551973
742,1.2407648256110821,1.0937185619656755
743,0.3543800431182653,0.4123107074588259
744,-3.107457112393254,-3.6572371732878777
745,-0.389663366957825,-0.5138805346259058
746,-1.795550054348272,-2.8723845949156996
747,0.5066474643787823,0.34533572399677126
748,-0.835536611913164,-0.8704655727712329
749,0.3833489892817911,0.3061157530535403
750,-0.9210771852434616,-1.2753276899821793
751,1.0748910509524967,0.728043372435623
752,-0.5085609829205964,-0.7503472505922635
753,-0.8383133092164436,-1.7495564122107925
754,-1.9969321356459975,-2.522060437094332
755,-0.2506932301404982,-0.3350956341497926
756,-0.4830733869723752,-0.49536410846088075
757,-0.30990904167626393,-0.5002416731393406
758,-0.15582483937219835,-0.1478743996970635
759,-1.1568564723280224,-1.4038710748193783
760,0.6046658103979906,0.48984418499920274
761,0.8208949981529088,0.577539216714406
762,-2.4354247336587753,-2.749121542218762
763,-1.997432663740984,-2.100220377886808
764,-0.7498846562498278,-0.8434401421844891
765,-1.4598694281196438,-1.561526247875785
766,-0.38261119853473097,-0.3156899106073912
767,-2.1658755387448725,-2.5192758381283085
768,-1.048302142070012,-1.6451652927464153
769,1.7101756237130084,1.3129445568407552
770,0.04686660202124101,0.044125224731939194
771,-0.7038716803904063,-0.5813199155617675
772,-0.5848772653262856,-0.7066744617204191
773,-1.8008227441200828,-2.7549077602434204
774,-0.1498858369342884,-0.15993688330519742
775,-3.295208898193283,-4.085579303065537
776,0.49174486620894325,0.5451611419851015
777,-0.012061716832143115,-0.01051050878427473
778,-0.19811573233578259,-0.26689983072992896
779,0.39676706776808535,0.3290351334575927
780,-1.422842487219814,-1.5682938534649062
781,-0.6590759037208255,-1.099029742015962
782,1.5891928116432021,1.0819537257056313
783,-0.009275915325324027,-0.015062939355120113
784,-0.22243085299020776,-0.20968943580155552
785,1.4715269404326683,1.1448752400407638
786,-5.073732881352994,-6.270164489704289
787,0.6400387110137384,0.5531471676384149
788,0.80831172625177,0.7187333696590118
789,-4.447474804019405,-7.030683835477669
790,-3.6410381132991496,-3.550344829828336
791,1.1221692152653862,1.0331112500931894
792,0.12833583928497733,0.1490883439104802
793,0.656661474139376,0.43579497588705424
794,-0.6970145291263933,-0.9561676848297564
795,-0.25331716531626164,-0.35954999661053544
796,0.7074133767654646,0.9915285702566066
797,-1.2711390317433706,-1.2286256548032841
798,0.8573781183186745,0.6753982541252159
799,-0.04845643795051575,-0.04414029965354323
800,1.4556401173845759,1.2553796726947584
801,-0.3837364615219601,-0.4144540779030505
802,-0.5603038510026692,-0.6779167652561475
803,0.6400437427311243,0.6425002858306
804,0.9438798070871486,0.7848117862341014
805,0.651705305176441,0.6905350316605243
806,0.15683949191801477,0.1035930543717651
807,-0.22936729157906693,-0.2541800836671664
808,0.29772666629042677,0.31779351924760635
809,-0.34761432748992566,-0.4806240289126943
810,0.09624838442308666,0.12523653920285213
811,0.4288299149479282,0.4790756365778749
812,-1.0812353508324284,-1.817725054140792
813,-1.4189173818876653,-1.3466547680879086
814,1.3823761316844674,1.2077860325333731
815,-0.17778688116920896,-0.14886959353870216
816,-0.6704413918429187,-0.7079942152073494
817,-3.23770990781997,-3.7735986714407326
818,0.28467513812882317,0.431687928810236
819,1.8307567200287709,1.2486140761630018
820,-0.20918016791190827,-0.2959476911293209
821,-0.18476801579912014,-0.24480269188336867
822,2.094105436357485,1.576973492049571
823,0.9837801250467133,0.734255288894712
824,-0.3183979224057006,-0.3570877713722385
825,-0.04290450570513909,-0.03621473860244626
826,-1.015767541755855,-0.9138795001520306
827,1.105139653058893,0.9731026207649852
828,0.18100807969648727,0.20324804273638492
829,-1.3692212184924786,-2.0221141859407172
830,-0.9408214905886353,-0.9986004092513928
831,-0.43637561235802835,-0.35434093268305106
832,-3.3285295724560773,-6.268485159474507
833,0.3509453255078705,0.3369267925494404
834,-0.41755730945327824,-0.30582819033433456
835,-2.1714482621670776,-2.1032260677055916
836,0.9925685795874039,1.4959614278734712
837,-2.2014263804975003,-2.519030671718513
838,-0.11383857292866228,-0.11740276904420292
839,-1.665922146746867,-3.3026936856543507
840,-0.1805023425983723,-0.16129314557283514
841,-0.8631533648149877,-1.0576243810833632
842,-2.34644301628627,-2.5294444521855337
843,-0.789588775535709,-1.1795509369479145
844,0.6436087293290179,0.637573517147187
845,0.28816716748002313,0.29485872389941703
846,-0.5669630141144023,-1.1547127961422519
847,-0.1216382206044778,-0.0988746874667003
848,-0.9502779280028805,-1.0893694478962543
849,0.40562916365388374,0.37239292395471685
850,0.7161438812907219,0.9285043050393252
851,-0.46569210433665864,-0.63129918286484
852,0.6234324039430406,0.4356028288212153
853,0.4365219314321315,0.5858671238889943
854,-0.12418306430320883,-0.22651677630620753
855,-0.34390878522232654,-0.30716811138282296
856,-3.235816477240629,-3.04179628982124
857,-0.18862140206481098,-0.18599406705120242
858,1.0504265869564269,0.8660821068464433
859,-0.46767543981121346,-0.3733607542651071
860,0.6107748344469468,0.5815835919480598
861,2.322333159688314,1.730751094336258
862,-0.6377663724585693,-0.8202342431747911
863,-0.25094571569553625,-0.5975786162389755
864,1.9897621071564957,1.4744331969978632
865,-0.7509293543607443,-0.7935851215634488
866,-1.0162170177692507,-1.0649601905270836
867,-3.6273539115059426,-4.566401086718027
868,-0.24150584117022986,-0.21648066780698835
869,-0.8529902721728001,-0.690681841349744
870,0.2465718499556528,0.2516608697910152
871,-0.11588384006819032,-0.14509207663628781
872,-0.7612324288865068,-0.7903684537669208
873,-5.429489827071619,-6.085291905834191
874,1.4815435244156356,1.3779937891862821
875,0.3575330853162119,0.3525671640069903
876,0.1719577424302441,0.19040042129807314
877,-1.7150272983140091,-1.8001783335952852
878,1.846437685830108,1.947216445540292
879,1.2256703870397276,0.9928444694694012
880,1.4963039827359734,1.4754893036473598
881,-0.34990683620386875,-0.3433930048643841
882,0.9091155011802062,0.8782227661410265
883,-0.2672925007537714,-0.25285217870437265
884,-0.1754718115777497,-0.22195707320300498
885,0.8268091921346458,0.86460684440285
886,0.5821461229086055,0.39059777471345636
887,1.1164110236618723,0.8369639528078447
888,-0.5715890834820374,-0.5713923930438205
889,-1.788739141178195,-1.9357139026430077
890,0.5927097477202067,0.5976071348807315
891,1.208346762488926,1.2112529477341742
892,0.7291606832018814,0.6578312260362721
893,-2.402522783111595,-1.9435388044791007
894,0.642308371481888,0.5395417724421524
895,-1.6011431533218787,-1.8028991133573888
896,-0.298994405491392,-0.4729299113199998
897,-1.9269050791289857,-2.2740512511877546
898,0.820398706357961,0.8385104596638703
899,-0.9472630439305867,-1.403107328457327
900,0.5125871203600414,0.5410067847499238
901,1.5461465943109356,1.4087590672933774
902,-1.7312653912385378,-2.1173023158724473
903,0.20049208973357943,0.24161223816744906
904,-1.3488727334353907,-1.8214962676843809
905,-0.6644417571324689,-1.091653788239777
906,-0.5290730258077891,-0.6328707370236483
907,0.5984917432830718,0.4036161786354957
908,-1.3028085745963796,-1.2661198475886313
909,0.01728143267004839,0.015532583089999573
910,-0.6404257081087696,-0.9291261763301168
911,-0.5686263070827045,-0.7973090135913848
912,-0.14356691777222327,-0.11345994770536641
913,-0.5694256623864509,-0.4886450864785837
914,-1.0039160606721247,-1.0778688444607114
915,-1.2286240851273849,-2.100505167053296
916,-0.20411075550706503,-0.2441586888862887
917,-0.8620817296025122,-1.1712715585905085
918,-0.1490499686369512,-0.21275132569535085
919,-0.42278203793249103,-0.46259268403754755
920,0.6059408469408945,0.7075379362727777
921,-0.0065804562543880524,-0.015832532243284077
922,1.5131643304963598,1.3914876967589371
923,1.0792755612535825,1.4027091178911935
924,-0.5610593110596961,-0.8037563353321249
925,-0.8384695948568343,-1.600774088830891
926,0.1947581116357779,0.14067257047624115
927,-0.21441664399097513,-0.21820516185571673
928,0.4845650594027202,0.48582250492853507
929,0.6909682508075304,0.6327388263278604
930,-1.9610448668249738,-2.308909831236031
931,-0.08431966463192016,-0.06899587239869648
932,0.6011745729704057,0.3889275583339265
933,0.6607766757626844,0.6113507458454134
934,1.81356367858912,1.6874533755188892
935,-2.1635816072508396,-2.600202776826135
936,-1.5186471572522269,-2.216145887611057
937,-0.2967983789520089,-0.3064951923912196
938,1.2302341896279338,1.4217082294929462
939,-1.221738168154479,-1.1888597515884014
940,0.3531542226052956,0.3499088187662615
941,-1.4982697455733722,-2.4761879729920286
942,-0.6652120831911156,-0.6490839972591205
943,-1.0411155960866936,-1.0129792401330115
944,-2.1323646042544917,-3.67566132060276
945,1.2308854049527738,1.074078738469849
946,-1.308845238623548,-1.2845539351781885
947,-0.8159438957053369,-1.2248179303991078
948,-0.2596294640455865,-0.2364934358986376
949,0.32780255805602543,0.24721095276086621
950,-0.30754040398029575,-0.3186423407373775
951,0.2718863795280773,0.37636296700886446
952,-0.6637524005413317,-0.5940631951687154
953,-0.8322229459046856,-0.8370498984493668
954,-0.20402550247057835,-0.21258354251073047
955,0.05162302062407199,0.05224231601946392
956,2.682245145158046,2.126185603070505
957,-1.8139871277992539,-1.9962283654025714
958,1.478112258648185,1.196825736728178
959,-1.6040322227691606,-1.6067522843494932
960,0.14137103320460273,0.18030454129224607
961,0.9854228945375628,0.9040070269851508
962,-4.36810311348654,-4.176087293280356
963,-2.5511734371156294,-2.2641365508897593
964,-0.00740592521841234,-0.009670625289718491
965,-0.9640639323713941,-1.5629799289496917
966,-1.2738758602236702,-4.1397186489188496
967,-1.9005726008048716,-2.5355659978483205
968,-0.823229292394267,-1.464583890910377
969,-4.302098815519553,-6.968845802568933
970,-1.9463000855981354,-2.1980853115337413
971,0.5367846639020936,0.35828310960123755
972,0.0889734691509572,0.0794611959842667
973,0.7819529945231487,0.7739826154011862
974,-1.7577802260527289,-2.1618702055015784
975,-0.005615022509658408,-0.005197496620071467
976,-0.9240725934275057,-0.6364215584787534
977,-0.2249546810446294,-0.3593493620224577
978,-0.4581153875651374,-0.6247435693820966
979,-0.9446405882109025,-1.282285157345108
980,-2.4947051731689482,-3.611351318616675
981,-0.28596843933007837,-0.27192294036485926
982,0.5345228220989704,0.6084117036767027
983,-1.2894905356240483,-2.560890262551394
984,1.0892728021944658,0.7100666186037045
985,0.4807160089043025,0.5316902777253105
986,-0.679936766037301,-0.7918098576334363
987,-1.2900135562273798,-2.362279785342313
988,-0.08100307694910035,-0.09949426014555393
989,-2.305670198730245,-2.436349686402654
990,-0.412345784418281,-0.4881014449775725
991,1.17194009253079,1.1004610267431634
992,0.3702852155294778,0.3287813443215877
993,-1.0040595360046702,-1.0562207714369272
994,-0.7623668631274513,-0.799057083875713
995,-1.5266637114565076,-1.6424843359956391
996,-1.7599787804595617,-1.9696221580833533
997,1.5940222963274489,1.8299070066227354
998,-0.048581954271117174,-0.05183640306765103
999,-0.2989256359291219,-0.3244379404358567
1000,0.7408134452150171,1.0056848649586374
1001,-1.6925366908659791,-2.019509581802396
1002,0.16476663196249858,0.19414789982243072
1003,-3.614792717749596,-2.995045074991819
1004,-0.42166842250461667,-0.3166429089283382
1005,1.0369230989628406,1.3089585221019115
1006,-1.1264590159607428,-1.301851840056865
1007,1.5881059103667972,1.1128682315927787
1008,-3.0984660326029627,-3.874586344783162
1009,-0.702941601614217,-0.5078952692841253
1010,0.39487901545365894,0.45911252181528817
1011,-1.3239285941475532,-1.3636553845098713
1012,-0.8520276025823041,-0.9058514276978646
1013,1.0273680923933806,0.8395376111195306
1014,0.6264072073629638,0.5702990361574503
1015,-0.9450514722026079,-1.3017006683594352
1016,-0.03327819296912855,-0.03808655900307023
1017,-0.9671720004257908,-1.1009932284914155
1018,-0.14020331782514336,-0.11644600479370841
1019,0.3471874692599289,0.3452960494706314
1020,-1.0861291014786434,-1.2861572715177465
1021,0.1476931286942396,0.1325307290306121
1022,-1.7607161855051014,-1.7139384051149409
1023,0.8837467171665765,1.10234501612574
1024,-0.08096792612514066,-0.06934299883320355
1025,-1.4591335281183575,-2.5083510072299764
1026,0.3166814557274785,0.32240552230640546
1027,-1.8165207567324257,-2.2778478902070005
1028,-0.11720630886804717,-0.09892751918381827
1029,0.39484817081991896,0.2810421634091099
1030,-1.0613770631121038,-1.101077173912381
1031,-1.7145586306288392,-1.944788297496232
1032,-2.1306363265779518,-1.9722347770425968
1033,-1.5268378592211347,-1.745370560607999
1034,1.0007488613220072,0.6173011462483655
1035,-2.3715675057014765,-2.5010302668244795
1036,0.23816316506083485,0.17836152779541803
1037,-1.6929658181078455,-1.7529437142835935
1038,1.4410436492024004,1.0433429746464897
1039,-0.2030450776773523,-0.22814940951286466
1040,-1.8777722035851392,-2.1532513918854654
1041,-0.17032360111089498,-0.18488785236071234
1042,-0.058270440667165524,-0.05895842431829267
1043,-0.1853122703991473,-0.1724328472975243
1044,-0.20566178099160748,-0.26751526351004834
1045,0.11474785602569804,0.13178398836632255
1046,-0.3242317750078711,-0.3101744994578976
1047,-0.8946221867190157,-1.1907237483514082
1048,-2.4885651875309307,-2.302261976139915
1049,0.46803609720135403,0.41734411980520264
1050,-0.3018316852991809,-0.36109867805318274
1051,-1.1500191280813954,-1.7133081818386544
1052,-1.34408053508612,-1.160203569669192
1053,-1.3947198482804228,-1.782558958864846
1054,0.8860395135389116,0.5247197630588183
1055,0.6646016574963851,0.6110049432040332
1056,-0.5657249676673428,-0.5078809403877885
1057,-3.845440446364851,-5.319898545879636
1058,0.33304393325618054,0.33419229500216124
1059,-0.6638378244958724,-1.0599636600093947
1060,-1.0976524787168076,-1.5033504307686003
1061,0.22043288569949698,0.16163753294017688
1062,-0.01933253850081081,-0.021887580569416892
1063,0.25377139815497113,0.30613909009196666
1064,1.9139366164030012,1.5773421803931262
1065,0.14715677821508152,0.2125776487350101
1066,-1.8495359002722394,-2.0208208259481837
1067,-1.2052917693143912,-1.7709198685389036
1068,1.0197298336295226,1.2288715035529372
1069,-1.1903948644364741,-1.9458037151243315
1070,-1.1715779829390767,-1.3164551603611947
1071,0.7671666696750183,1.0766018655729634
1072,0.6434099215048521,0.5352134064599254
1073,0.572228608489044,0.5597744860557583
1074,0.45444911816857586,0.44628041522376033
1075,-1.9825090620417802,-2.3814836085438102
1076,-4.442694918210455,-4.390599390364844
1077,2.2705610909333274,2.2551927982646807
1078,-0.6275051115098541,-0.8011500884380965
1079,-1.0863176098960985,-1.6245665740187458
1080,1.0407014540555901,1.0162249487114763
1081,-1.141036149094599,-1.8692977806970377
1082,-2.150194713668965,-3.183971590959242
1083,-1.215858662415242,-1.499791131356779
1084,-0.4104392506596612,-0.4513445268334247
1085,-0.24001175619528425,-0.21755276463150092
1086,0.05033343413342496,0.04899695059605746
1087,-0.274614402436927,-0.47231581644025944
1088,0.36653225562967745,0.30727072888585927
1089,0.18511472890060385,0.18076105641859302
1090,1.3431058454044809,0.8850359306224598
1091,0.7384300165733547,1.1440607785142456
1092,1.3729582055886225,1.2254210330043882
1093,-1.798185909567531,-2.266629878561724
1094,-1.3479753400589871,-2.3797726998059114
1095,-0.5765710055535109,-0.5834651688372536
1096,-1.725815104602592,-3.011840731218931
1097,-0.4336860701444555,-0.6698297237588532
1098,-1.1074544021567887,-1.6045892016455028
1099,-4.797957690502279,-6.4047255017519475
1100,0.006102032872872643,0.004906703016285157
1101,-6.2255528045863135,-5.27694939875264
1102,0.48060819787411496,0.4265866283410396
1103,-1.5246551743540109,-1.869436479695121
1104,-1.7220069478659104,-1.641601240071007
1105,-0.5585897260917764,-0.7686349507213345
1106,-1.1572284679984521,-1.0653151069649158
1107,0.18135466758777294,0.2545776515850653
1108,-0.6071132051107072,-0.726560436015498
1109,-0.2638329761355935,-0.25107219200867625
1110,0.852458540014104,0.7955874091727133
1111,-1.2589292745660816,-1.2150312594842705
1112,0.36395952232747414,0.29757466474510025
1113,0.3882747629829066,0.314739278390298
1114,1.0852950112758846,0.9894587019431944
1115,-0.7315549078336249,-1.0242620901062074
1116,-1.4544447126537503,-2.105875290723236
1117,0.5571632856715926,0.45502535516149034
1118,-2.478889299118216,-2.34053073656716
1119,0.35818184008466103,0.285794147259345
1120,0.16714045281935913,0.2021473511637425
1121,-2.396019759628185,-3.3591215946874633
1122,0.7942308579340511,0.7031288493938483
1123,0.4228549535850106,0.44634171891526486
1124,0.8592523966425406,0.7190611474363588
1125,-2.60933853472653,-3.272734168497957
1126,-0.9916254282051704,-1.7608330654839122
1127,-1.216694550706606,-1.4746523487314573
1128,0.6186206152632036,0.5645249214251254
1129,1.750011893536167,0.9956299843053591
1130,0.48696351660643156,0.5427648299810303
1131,-3.9470635113674017,-5.498030541776369
1132,-0.14706861338517863,-0.3726960139891508
1133,-2.179315740712682,-2.846518290266606
1134,-1.781130055094684,-1.8572009410552153
1135,0.7641922221743104,0.9017980751421384
1136,0.40793588252534263,0.35635879331522674
1137,1.4911708465198015,1.429991228123319
1138,-3.2372232380354946,-3.8242575506389045
1139,0.5258071798779311,0.4669957420560544
1140,0.48830577189976604,0.4279220266719886
1141,0.12586509779180058,0.11398944806226372
1142,-0.4669469331215217,-0.8039094069453575
1143,0.6808975694283272,0.7427989393901183
1144,-1.3904075878062958,-1.572387400136842
1145,-1.9111725121703913,-2.4287684854397784
1146,1.7807705821588178,1.4417885260755163
1147,-5.996361685497683,-6.69855959959591
1148,-1.8703005634934573,-1.7999799775919099
1149,0.3890352662178435,0.25498669644157174
1150,-6.264654603474861,-5.995669829714389
1151,0.2071630024500364,0.28472864515114205
1152,-0.17936380585859188,-0.16177253690885912
1153,-0.3688133359767718,-0.47403251093216553
1154,-0.39602921150608195,-0.3010814268464337
1155,-1.8314941057663399,-2.217489329724366
1156,0.281499053676472,0.30572978076694496
1157,0.2531090124447042,0.3768755933312762
1158,-1.1245588823733284,-1.7336006392501633
1159,-0.7772339579743032,-1.1050068852439476
1160,-0.986873202774698,-1.3483959786067732
1161,-0.8495687218478016,-0.7797444716068608
1162,-0.8367380160686975,-1.0453497110349281
1163,-0.07831867895297638,-0.10193531781886304
1164,-0.7113045138078053,-0.8536175930359827
1165,-0.9670083178788734,-1.0645203425083105
1166,-0.3471549820341676,-0.3166509998819687
1167,1.4657362865605614,1.3728630757652247
1168,-0.16681116118953354,-0.2969425829438334
1169,0.05528571691178606,0.05085701956749209
1170,-0.331082075318305,-0.3919496463682718
1171,0.2696958416906453,0.32053416131171153
1172,-1.1406877233147823,-1.8547021293709405
1173,-0.7060841050517451,-0.7126125953550414
1174,-1.0155883105673151,-0.9964990630760646
1175,-0.07895204286126403,-0.07744433139556305
1176,-3.202130492438003,-5.625779687214801
1177,-0.829157419489837,-0.7524063515193524
1178,-0.4238561006593413,-0.565800459550694
1179,-7.377734548287575,-10.090841244436216
1180,-0.3376603286396381,-0.576494649373609
1181,-0.48288401936053843,-0.6661800241219096
1182,-0.6534451982539748,-0.8779112654644218
1183,1.4611324000141188,1.0679427955314427
1184,-2.857238482942606,-3.8364636151168936
1185,-0.05484571122769254,-0.075875044268042
1186,-1.1726525459188275,-2.2882468928326656
1187,0.045774858716739676,0.052904908160786336
1188,-0.21800084648170168,-0.2110146374182996
1189,-0.5601044462031183,-0.8338256120821027
1190,-0.03949487476653569,-0.045188161703019855
1191,0.6637501155945064,0.5059306731963445
1192,0.2803055322296482,0.2186014128399844
1193,-1.1888722901972537,-0.931210770875879
1194,1.1054890343546493,0.7744390193182366
1195,-1.06169687466986,-1.5051269525732536
1196,0.8340852232633077,1.0861665276355934
1197,1.3332107148855887,1.4405530759948704
1198,-1.8792164849296398,-3.3069493089759474
1199,-0.16542334137461262,-0.15503932692472533
1200,-0.8916767383835016,-0.7683741067013752
1201,1.0560537182957923,0.8111194383728845
1202,-0.9812681765730948,-0.9097578081374351
1203,-1.7141458737105797,-1.629416618334881
1204,0.44015379799454446,0.392986308852155
1205,0.9610985449012648,0.9167350033843604
1206,-2.2807383304844873,-2.5700354598925546
1207,-4.334159961327596,-4.596187475556872
1208,1.1431596146775551,1.6068633190500596
1209,-0.4833326527233628,-0.43562934512578333
1210,-0.5844299340475594,-0.5009654162657052
1211,-1.0731897763636609,-2.2632902522935843
1212,0.11513274101541922,0.1345967279688921
1213,-2.426620726085004,-3.27459342744541
1214,-3.528821358855106,-4.127084692933365
1215,-1.3765805819761685,-1.5307027780765423
1216,-1.03685438334286,-0.7850217596718742
1217,0.8218506490224328,1.015098626942401
1218,0.22818392905624243,0.2828415622819732
1219,1.7606064397598835,1.3743354852669185
1220,-0.9709658474820564,-1.052777917733431
1221,-0.3594324743299287,-0.32736208335303074
1222,-1.3465024892077135,-1.917949227549324
1223,-0.17937847945207946,-0.18743438128722292
1224,-1.4962763168908186,-2.873347181510448
1225,1.1036023298379742,0.7800807695524359
1226,0.985658598610937,0.6473954237310398
1227,-0.6067051403552737,-0.5647989736213458
1228,0.029128256587230197,0.02446978222994753
1229,-0.7834842235520412,-0.6736544510490436
1230,0.6243186770344215,0.7262433010488394
1231,1.323108103901367,1.0683521675774545
1232,-0.5862051178573054,-0.5229421484359016
1233,-1.1731841005210126,-1.7223801910195462
1234,-0.32305996501884165,-0.49213249011933036
1235,-1.1334868612320042,-1.158127632652824
1236,0.39140746086285433,0.40673982275395076
1237,1.1649451511798126,1.5602707244746523
1238,-0.3109876352441027,-0.31219279867272726
1239,-0.084847441099989,-0.11816836132108997
1240,-0.2547024814911704,-0.25885329081313996
1241,1.237639978413625,1.1681120116219816
1242,-0.7864642527092712,-0.5523945255722288
1243,0.37387029634431085,0.3247304776808158
1244,-0.8111583174387642,-0.7040984895774566
1245,-1.0056041210608067,-0.8168865846652057
1246,-0.9780125264236114,-0.9175856013904231
1247,-1.73963116363216,-2.1935544725166234
1248,-0.15004466570679928,-0.18210763619654097
1249,1.4017817801084758,1.1390953278040383
1250,0.5595849716482113,0.5703107476965944
1251,-1.0617691287789148,-1.6071576056488344
1252,-1.1860951844941499,-1.88149279946754
1253,0.058380497360485076,0.04778690307087838
1254,-0.055604023755846346,-0.06060740535433051
1255,-1.6092250430163015,-1.454211208175096
1256,-0.6771728258923106,-0.7090201214792393
1257,-0.47892577953364,-0.3992735171256467
1258,1.0062470279995683,0.7433218412508309
1259,-2.3114353789247115,-2.890363320973848
1260,0.433892370002069,0.3689039345862546
1261,-3.8065717321750028,-4.369455845397681
1262,0.9244045863782455,0.7649083018217596
1263,-2.253384100726974,-2.891131403625274
1264,-1.54524859057382,-1.7534868733535087
1265,1.7113079157150053,1.4891819739333532
1266,0.5676591149699802,0.5683764166393672
1267,-0.992322103750303,-1.403064339589678
1268,0.8072309199677412,0.5328223476206118
1269,-0.2601978841197027,-0.3307326982542487
1270,0.4227350420505484,0.30081984849648674
1271,-0.26883141889360146,-0.2729961733896741
1272,-0.9813349799402504,-1.5725845565027756
1273,-2.6862224050677623,-3.56257713133624
1274,-0.5000034233144759,-0.7459803161162823
1275,0.2343417129390618,0.22495249707451623
1276,-0.3611641081553263,-0.4880080653649275
1277,-0.34577943414399753,-0.4837061448857804
1278,0.5310731420715161,0.521944337060438
1279,-0.767135027406391,-0.8703426720165597
1280,0.4092736610702031,0.3457741624979363
1281,1.4647046099089505,1.288847844889721
1282,0.9887917937848615,0.9974840427243141
1283,1.4749808216328668,1.2821440507398245
1284,-1.8933362912069323,-2.549434232693528
1285,0.9624292154920092,0.8982469705752186
1286,0.4730763116407975,0.5172456215264523
1287,1.9173619312787507,1.9985085934059181
1288,-1.3508813879672898,-1.2342965762868916
1289,-0.8916905775887204,-0.763267366857266
1290,-1.630370334697386,-1.8964359528876387
1291,1.0048767520891109,1.0580099512996208
1292,-1.353389031209033,-1.4979973869080963
1293,0.6319530505660983,0.6027670445759682
1294,-1.5898350614704606,-1.5418877627411338
1295,0.9301353375608736,0.908377315377597
1296,0.37828983347304806,0.33018110905990267
1297,0.9789523859765431,1.6501193874534013
1298,0.5079916992095693,0.48546680166958867
1299,-3.340361166412055,-3.624595734119553
1300,0.9049100073002095,0.889945356959745
1301,2.609459479623206,1.8578155416342128
1302,-0.7843801407818926,-0.8947109557367374
1303,1.0731626229583726,1.2687207297028453
1304,-0.06234789795529751,-0.12898717663565434
1305,1.1066242275732905,0.9662109397968992
1306,-0.5585278331938427,-0.6808833566921833
1307,-0.12919490339782425,-0.15339560968411892
1308,0.18373974160221654,0.13576605610771617
1309,-0.11392402119495275,-0.14519671112878396
1310,0.8030172144795462,0.7382452918630323
1311,0.6189600636354466,0.635427203847745
1312,-5.304664720567772,-6.714370943130457
1313,-1.6025327963515648,-2.1996847071273375
1314,0.8343335684534258,0.9220967519919006
1315,-0.062269620346756566,-0.05169071171687924
1316,1.4871508237476898,1.3509103648018945
1317,1.23047586219024,1.04551217319253
1318,-3.3039924854965106,-3.9214839197414277
1319,0.18790335011054995,0.3384024461867836
1320,-0.03482840353809344,-0.032457361676417225
1321,-0.7241557336560104,-1.0896211217965044
1322,1.8262197752076061,1.5341855826594153
1323,-0.8289897411352896,-1.4245462862621645
1324,-1.1597911465389352,-1.1709982975380469
1325,-0.3087866964948796,-0.296850769035343
1326,0.0879614471061789,0.10533248651430142
1327,-0.9420362609030903,-1.1233848085799338
1328,0.3958849762588886,0.6996300345445277
1329,-0.38173120218582135,-0.41183403230713284
1330,0.7132850501851469,0.6315688645145217
1331,-0.2136729542376383,-0.24313933589903516
1332,1.0321714762268597,0.887460406625886
1333,1.0458438358710316,1.2189948085397069
1334,-0.5772472958156711,-0.6938731147201023
1335,1.1965110128860355,1.3881868636997468
1336,0.13622241400573062,0.08977403805506656
1337,1.3690788050406457,1.1745135680098078
1338,-0.5662006736701428,-0.49209002015630404
1339,0.7626053465669423,0.7280682510879026
1340,1.3942220267321794,1.0439822885332901
1341,-0.41997269237723217,-0.6529647861913931
1342,0.2490106124900724,0.24796908385511238
1343,-0.46635579909787384,-0.4957381121474882
1344,0.7621352360907057,0.7671716968981945
1345,-3.0909438024461027,-3.0014176581417997
1346,-1.700627666413003,-2.444044575339097
1347,0.9451919181441654,0.667167214714914
1348,0.8288565232122252,0.7551557343767912
1349,-0.03183606251604748,-0.03755793863376792
1350,-0.8166863948708306,-1.1098424204658792
1351,1.1293131444567779,0.9836283936036717
1352,1.8861868185568917,1.4628444549315611
1353,-0.12439900153080066,-0.20649690038228094
1354,0.007995769087651814,0.005398909319146051
1355,1.39597595125445,1.1805500770028587
1356,-0.6479398353711562,-0.4967995306273827
1357,-2.6154721763316586,-2.2096442368632525
1358,0.9104906515764472,0.8803820079042677
1359,1.0403785877002274,0.8696208146004544
1360,1.7679138641072367,1.6341602115343656
1361,0.628507875730832,0.5874558092089275
1362,0.2449520360789506,0.26371742166002493
1363,-2.137318223914973,-2.160404333660685
1364,-1.5059999765703702,-1.2602471981053271
1365,0.7589695318753286,0.7860778085151309
1366,-0.3267593569842097,-0.3062579793384514
1367,-0.8055131653210283,-0.8975779824642602
1368,-2.38377486306674,-2.944227578233751
1369,0.7015977929782234,0.8435631962630721
1370,-0.00679761854121405,-0.006882689685760939
1371,0.41715325440823325,0.4759587282527274
1372,0.24019367314199389,0.2982814649100463
1373,-0.019951539576644296,-0.01786935055314658
1374,-0.6225881440735282,-0.8429024458510777
1375,-0.48589398060664934,-0.4278107367074663
1376,-0.010294237264011864,-0.009583411497464889
1377,-2.3928844221670746,-2.408317432714112
1378,-0.6845811504737792,-0.8901385324519416
1379,-0.27693671053678726,-0.3170050743915979
1380,-0.4875818241951117,-0.5469623910453748
1381,3.091494163970459,2.114430321914047
1382,-0.2623492154410668,-0.2740650269707245
1383,0.6795951963152366,0.5609380604534787
1384,-3.027148968932501,-3.1333387203360896
1385,-0.8253800832404513,-0.976267396774215
1386,-0.6626332495736913,-0.6168690072663199
1387,0.5651943785756919,0.7317671690995866
1388,0.7060069118863708,0.7183692011099745
1389,-0.022011193977673794,-0.016469960390968603
1390,0.05692710792619947,0.06135695773316949
1391,-0.9304621834586316,-1.0518661213692944
1392,-1.3559747735507248,-1.6142450777411081
1393,-0.7838379341725916,-1.1497128862750368
1394,-0.3933303199501212,-0.5466969758174349
1395,0.25053599338897714,0.22315995802370564
1396,-1.8033862940211092,-2.547450574511822
1397,-2.02979556352956,-2.11979783416335
1398,-1.379322579051715,-1.4359610948407477
1399,0.814568638218398,0.7882796412632453
1400,-2.178842913576544,-2.6027981873983403
1401,-1.1705769607057488,-1.4312588306046115
1402,-0.31810577280715335,-0.477435564715177
1403,-2.9739362456878236,-3.350809034996424
1404,1.777184852649653,1.5009552253500336
1405,-2.93000024982426,-5.377916049522205
1406,-0.3904522613748967,-0.36340880904335915
1407,-0.9421577991457982,-0.8330046572189896
1408,-2.5290753157354273,-3.506703479909206
1409,0.3154212589247717,0.285327178169291
1410,-0.0763071583019813,-0.07273800461850521
1411,-2.35986670355443,-2.5556276298626095
1412,1.4185885193112662,1.4496250803479838
1413,-2.447853828272918,-2.9542524144132667
1414,1.3553465750268103,0.8326699048266765
1415,-0.8858400207419759,-0.6796470712515914
1416,-1.0687065124959994,-1.0136732139064097
1417,-0.6967454677495262,-0.9146302636509247
1418,0.9362176637105274,0.9077059694619537
1419,1.8551577144763083,2.0224589927259133
1420,-0.27328539223324744,-0.31303015655093797
1421,1.7893001722863162,1.9434577293730866
1422,-1.5969193224024707,-1.333708895339492
1423,-2.9435801073175036,-2.5660146473726804
1424,-0.4009304321352886,-0.36864546331387876
1425,0.12647001330966637,0.1430011107112604
1426,-0.21543082929866927,-0.2724398148550769
1427,-0.6102384483456867,-0.620376213332189
1428,-1.8101487352242325,-1.6332153405004497
1429,-2.679946958342513,-2.7835703467403867
1430,-2.052703797206696,-2.0758703725708774
1431,0.5553764571010018,0.5025921558592911
1432,-0.8466917346473849,-1.3809689383260426
1433,-0.4625151034421834,-0.8440048157330989
1434,-0.1952483599343356,-0.2997939195212432
1435,-2.152203856551482,-1.6339356327350907
1436,-1.2030625957561598,-1.365775411654449
1437,0.5653332166622873,0.5946849733069761
1438,0.20580458009159597,0.1865675375382812
1439,0.016363805709915438,0.019524327649285883
1440,-0.768450594039819,-0.9957542086146618
1441,0.30506308011861544,0.4337694315974389
1442,-0.36692533050661896,-0.34628593433716387
1443,0.6794862245503532,0.6215014915874773
1444,-0.5096959499179944,-0.5672962560763882
1445,1.2384683516429689,0.9928740851194958
1446,0.8116336375632671,0.677051926561854
1447,-0.8234417863784231,-0.8232816937434431
1448,0.04917443908845802,0.05115145223968342
1449,0.8461121971869057,1.2623605053211906
1450,0.14150407814331104,0.1763614844830332
1451,-0.5490273546006726,-0.7869998965884054
1452,1.2286944739302634,1.2245773097396995
1453,-1.157970513297302,-1.1513309771004383
1454,1.0709198140836385,0.9862994793660107
1455,0.5902175491366546,0.4716381759977776
1456,-0.5805292313899444,-0.6451701668969887
1457,-2.2763138036207238,-3.179563426193092
1458,0.8452532866686012,1.2195237308227855
1459,-0.04098980123584563,-0.06256364986194654
1460,1.3361330454586346,1.3358420772340824
1461,-1.9302747712710209,-2.4974939757409085
1462,-1.9458494682027017,-2.124482218067401
1463,-0.0405638507034604,-0.043988059042352756
1464,0.5481452960572822,0.9437802797288409
1465,-0.72966201169332,-0.8009216322173881
1466,-0.791589078142318,-0.959525003002184
1467,-0.2917843239488802,-0.27848524908258493
1468,-2.6875015649886516,-2.495465853839359
1469,1.9549462617542772,1.7240561811247404
1470,-1.6319949857870575,-1.654426984233392
1471,-0.6338891139103039,-0.5328337671853025
1472,-1.3385931332275942,-1.4099386047625047
1473,-2.2364456634382215,-2.908762256307748
1474,-0.05960486258063852,-0.057866096605576095
1475,-0.8794414170058024,-1.2850928123136562
1476,-0.5351907926100183,-0.6096809914615143
1477,-1.376159035296681,-1.4984298244366507
1478,0.4658076477459687,0.48421437261439415
1479,-0.1140120605434331,-0.20160686968487682
1480,1.113874823222453,0.9081498501127451
1481,1.4465046177266654,1.4375187133859388
1482,-0.7946230904961412,-0.6922732795592087
1483,-2.143770465087064,-1.7684881025190582
1484,-0.7414690832514098,-1.001928444830642
1485,-2.3005239415549097,-3.3816515901989694
1486,-1.1598976266354644,-1.5505775636204944
1487,0.9012151332394718,1.0272167373880512
1488,1.6186957798490553,1.2496564630032208
1489,-0.3015342282766695,-0.4304394253311575
1490,1.4582010089485045,1.739864792016642
1491,-5.878347429568382,-6.698875289896411
1492,-0.7147922031879477,-0.9660006077625757
1493,-0.16693977237851193,-0.15958655820000825
1494,-3.405521886787141,-3.5285587361767505
1495,-3.8313047546877974,-4.463141436163629
1496,0.2959458695649218,0.3038403773231689
1497,-0.3757384240021537,-0.4237906972506143
1498,0.42089111604227814,0.3317448014688921
1499,-2.2895751900230907,-2.42269606708453
1500,-0.6847986197058444,-0.7044485507034257
1501,1.0470389701469205,0.9534934687830525
1502,0.016481579037923442,0.024649686554551048
1503,0.6972196807395812,0.6324155281809276
1504,0.05987276524976452,0.07311991968213141
1505,1.1686302098589814,0.8336037824934545
1506,-0.8151138540623742,-0.8768842667852423
1507,0.9077481377431503,0.7708443309915612
1508,-0.7376426805013878,-0.7983949546153122
1509,-2.769153003704885,-4.567186531027483
1510,0.8865522722821422,0.5984294006783086
1511,-2.1773386411464464,-2.4047460142041923
1512,1.729011331904955,1.3317881588291374
1513,-1.1162683231292279,-1.2933674379949758
1514,0.27724894893713536,0.31551075393047323
1515,0.17961698585820168,0.17024843984790966
1516,-2.8817645622871053,-4.038730481516286
1517,1.0822409389149714,0.8535247809432398
1518,0.12709931216580506,0.14880193442032555
1519,0.7143382403519541,0.9150042686453785
1520,-2.2517415386633672,-3.7527463985743785
1521,0.22281040819506187,0.20473235947285146
1522,2.423459313330845,3.1445076087011965
1523,-0.16477398545773247,-0.1942758136478006
1524,0.5503085264748965,0.46077255262843947
1525,-1.2308145787601081,-1.8411428645081842
1526,-0.3826421847946623,-0.3459226751602252
1527,-0.7339837425926815,-1.1837862514648754
1528,2.073075623825598,1.7963160514174985
1529,-0.8033859999494275,-0.9178846273874318
1530,1.1017807027494873,0.7616881697729505
1531,-0.26302242301817197,-0.2876445491859
1532,0.8181573503272123,0.6086372663274192
1533,0.028023276740111683,0.019450979968465426
1534,1.2750765400356279,0.9190354540065624
1535,-0.4835823126098778,-0.625078558981338
1536,0.28095889202965585,0.362285734400044
1537,0.34015224790922044,0.4755609869203219
1538,-0.3190405537642361,-0.29579599922335326
1539,-0.18393467432025262,-0.1211504409943657
1540,-1.5243538689095975,-2.825824854840397
1541,0.9224097829162894,0.6166996322793645
1542,1.625227773922219,0.9437147555156504
1543,-3.7456515574719242,-3.9976854140752622
1544,0.14559181773219368,0.15873612771488113
1545,0.45344946487366755,0.5205233742703202
1546,-2.0160760224747962,-1.997746270901287
1547,-0.8143773614418894,-1.0399938982719779
1548,-1.1216473262138156,-1.0384116967787855
1549,-0.05950447513278784,-0.06374998668277974
1550,-3.377495240452406,-3.460538679992202
1551,1.1594562489963296,0.9493782206694078
1552,2.148165413265851,1.5918824400365308
1553,1.2838610680566682,1.051029617374163
1554,-1.4386904253729995,-2.271632696758402
1555,-0.4530543709600116,-0.45158299338292374
1556,-0.45048583473575216,-0.4555881559197821
1557,0.43970484977001445,0.4042155264502303
1558,0.38267195656299335,0.4006621493146469
1559,-1.1497504159461895,-1.8243683090009952
1560,-0.2522503163414526,-0.2437705292594576
1561,0.09410997113350368,0.09943879673872225
1562,0.1919651411426291,0.15797169403486802
1563,-1.148596188326538,-1.6581988789979476
1564,0.24844166267661544,0.3292749036459002
1565,0.2890064198864868,0.2496048177261101
1566,0.7812295776933559,0.7016704875715537
1567,0.6764510318024152,0.6236296848531674
1568,-0.5770761595480172,-0.5996892289066825
1569,-0.7018700828632076,-0.943029507647513
1570,0.2593356402187935,0.2663852317077132
1571,-2.2245170096210347,-2.953408835131555
1572,0.14805367073917128,0.15085261999500615
1573,-1.0767761393970452,-1.5006394669990903
1574,-0.01799412490558976,-0.015792259774690964
1575,2.040265618844898,1.615016244490094
1576,-2.2905379533614867,-2.8786851262316535
1577,0.681822886168665,0.714069518730286
1578,-3.174892086176051,-4.369271990288866
1579,-0.5970550255218077,-0.5734728316655393
1580,-1.088784224841195,-1.1984628348992246
1581,-0.980107863075058,-1.3872043557518317
1582,1.0395784052744004,0.9977765683186888
1583,1.3754456311820205,0.9126871637597266
1584,1.65517537624505,1.7116080751867289
1585,0.5943378793188909,0.5366709440545054
1586,1.0928395724582753,1.019467792193374
1587,-0.1514410141065702,-0.14975572570643486
1588,0.901700637055009,1.0005168298828975
1589,-1.446986647852007,-1.6396568697733471
1590,-0.24389838011425533,-0.2360028337628478
1591,1.658594793149297,1.4976930195027363
1592,-0.7706856254726391,-1.1880068082489474
1593,-1.1778036973159647,-1.4257573125819327
1594,-0.8712033543665472,-0.9137717825697159
1595,-0.5588923867231159,-0.698485403381405
1596,-0.168641236066778,-0.2046958906588654
1597,0.030173327988259904,0.05571109560658846
1598,-3.157670276918348,-4.245725747305819
1599,-1.2603374990114984,-1.5902646749029727
1600,1.4965378111014456,1.3142092094016393
1601,1.3499535651193646,0.8601625925267493
1602,-0.2625636950989973,-0.35511105214596905
1603,1.5072586806034591,1.1405761317087746
1604,-0.8359265566948219,-0.9561653313647369
1605,0.9783056504936759,0.8728931376073942
1606,1.5430177911696337,1.0783921276051294
1607,0.7604747089728074,0.9889382688209367
1608,0.9032204140490918,0.7399679720249164
1609,-2.009279386903971,-1.9878671183628551
1610,0.8168110725840212,0.8058151570056307
1611,0.5439547976399323,0.4586403476586004
1612,-3.1448498693501503,-4.945399119509816
1613,0.7182993020788155,0.8112732633085833
1614,-0.10767919109800658,-0.15224274451738545
1615,0.0981323669389111,0.10236466461298466
1616,-1.4782671631447264,-2.827433751161876
1617,-1.7032397245579227,-2.9282519794293465
1618,0.07968113409963903,0.0802127382066036
1619,-1.5844893573209813,-2.196918871135736
1620,0.18488489900319768,0.2215259054853374
1621,-1.1527324072182914,-1.4496630672298587
1622,-0.20879694666111653,-0.19306818943259563
1623,-3.083122197764467,-2.797709167507004
1624,-2.3356822995440076,-3.713554983097508
1625,-1.3852553980946258,-1.4101610701647542
1626,-0.9558444787926532,-1.1437704227108856
1627,1.3136464247495867,1.2778885168473988
1628,-0.5787993310177093,-0.8182997213797664
1629,-1.4545520115757542,-1.4225038379557526
1630,-0.3863887716479552,-0.5695978133826991
1631,-0.2113361573577567,-0.18518169351795102
1632,-2.993230066194765,-3.1832626462613893
1633,0.8043327599327394,0.6746867790212291
1634,-1.7080840328059068,-2.178933856387896
1635,-0.02693905771728441,-0.03351711009371083
1636,0.8435853320249758,1.0799752922718764
1637,0.36438064677872517,0.3942422623456436
1638,0.3843735115447499,0.39013919287202886
1639,-0.7570883466778139,-1.0236126867899302
1640,0.6662937438171733,0.637705585673839
1641,-0.049660803296906496,-0.06771142759309974
1642,-1.6653316684815778,-1.9606449899612108
1643,0.22676798815090907,0.34910619157624184
1644,0.13569696759804734,0.11027787916097369
1645,-0.2714921226471068,-0.2957565732605768
1646,-1.0075717137313265,-1.247074623135662
1647,0.3657161939563816,0.2581680239044773
1648,-0.6672601081640914,-0.583656087448885
1649,-2.0970351654338897,-1.6966613951701983
1650,0.378285975553386,0.3338934164179743
1651,-1.0877453295174309,-1.2443882254793284
1652,0.07913806359436838,0.07390320233529388
1653,0.22474761883666175,0.18470367330147494
1654,-0.7111781945732345,-0.7855983341941315
1655,-5.013950019564789,-5.8049517476146075
1656,-0.019565822941522117,-0.016761295328060543
1657,0.5664843963186595,0.7653267030585763
1658,-0.2945780768133547,-0.34790836261475583
1659,-0.281918038311619,-0.3215095380390129
1660,0.1506486875892293,0.13238539213751513
1661,0.5890512035533627,0.38988070385755547
1662,0.27568915010729217,0.2964158049324565
1663,-0.39429562304444027,-0.7411551856830118
1664,0.31499192687252264,0.3507974846208431
1665,-0.36886203032304243,-0.3346013185466359
1666,-1.3930921347193859,-1.8732246631273914
1667,0.944018639538364,0.6648564845413826
1668,-0.6099332474886027,-0.5736872303878617
1669,-1.0037791343598705,-1.4044922242807003
1670,0.6457232454482613,0.5454212957494565
1671,-2.0012580998003506,-2.0618308762973805
1672,-1.3500728528785915,-1.4868453785616094
1673,0.7054957264401903,0.6939314671052877
1674,-0.5739488690568841,-0.7520912991946636
1675,-4.506083480849395,-5.469090241160787
1676,-0.14172141395594454,-0.221541939045436
1677,0.21832976597173273,0.24807827025741258
1678,0.35468587833425824,0.2494460914089787
1679,-0.9213890397180173,-0.8087654156524392
1680,1.504450098320921,1.2962740757490467
1681,-2.2315997925540985,-2.797859952272539
1682,2.9984748466472553,2.2610183373782657
1683,0.6416400613045369,0.615997448699294
1684,-0.25085659775240393,-0.2226693271962352
1685,-1.2450019304391553,-1.5067086611224434
1686,-1.739987627226698,-1.7611986195509919
1687,0.3322225541934442,0.42157560629096136
1688,-1.568132956980671,-1.6265067200003698
1689,-3.034347244302927,-3.394820772961378
1690,-2.2720120111472775,-3.056588602101941
1691,0.7271881994106112,0.6256343960000286
1692,-1.3828637863529352,-1.8326646305791425
1693,0.886241269461635,0.6622409526358528
1694,-1.7720563665773765,-1.922043455135718
1695,1.4363534233042148,1.0901941590723674
1696,0.8062923781720941,0.5723910590184894
1697,-1.177049652207841,-1.425656357444211
1698,0.9328718034293878,1.0428106573853944
1699,1.5071448220612549,1.6159182031941373
1700,-1.3026975668934555,-2.033283177068634
1701,1.6220717846072494,1.4303026049300167
1702,-2.5658135394571646,-2.5602297665403455
1703,0.5658153047105076,0.7616072844813123
1704,-0.6632870161495793,-0.6865656682719442
1705,2.038688255181428,1.4485625160088198
1706,-1.946264173611718,-1.760488035068969
1707,-1.1680509356433637,-1.2559273697610218
1708,-0.32891056594297446,-0.2403103521182575
1709,-1.4690408503538943,-2.8908948220493826
1710,0.6178961650541871,0.4813088697752017
1711,-3.1088578690667803,-2.616177024987143
1712,0.08937790227093315,0.10513243791678561
1713,-0.6743378959010443,-0.6306573373926815
1714,0.7708356010593814,0.6783132946639456
1715,1.144891319307243,1.0170723591459425
1716,-1.5431102645636807,-1.9906963134237907
1717,-1.5522664112695554,-1.5119042834388086
1718,-0.6671451285150283,-1.2137115266829779
1719,-1.0350941739326578,-1.167808304809487
1720,0.13374541106404306,0.11388230294236075
1721,-1.4711117036292178,-2.0689949660462816
1722,-1.47634018646087,-1.341659049696464
1723,0.3449128548005043,0.3669122589641209
1724,0.5258916522191964,0.6613287571416557
1725,-3.7359053709004932,-4.267681554633898
1726,-0.7830096626258924,-1.087823733461531
1727,-0.10992571184591403,-0.08785464184994884
1728,-0.6752370582846826,-0.641852182298558
1729,-0.42054896223663263,-0.36654819466353467
1730,0.473822579109426,0.48206144183061445
1731,1.328074053181169,1.1344559360308986
1732,-1.1263687333522499,-1.10253108402565
1733,-0.6641466310198858,-0.5916019981917585
1734,-0.3253924759104529,-0.4057301696146239
1735,-0.04124763313193558,-0.04969114117702062
1736,-0.16625923802687625,-0.14632852919476608
1737,-0.2510156597491968,-0.314560484266841
1738,-0.7963917757452349,-0.6796547168686871
1739,0.3522501584553942,0.38450136581295075
1740,1.7235649989412445,1.270301133205084
1741,-0.7643277230950509,-1.1852290916658492
1742,-2.1449398945048426,-2.8851420165804416
1743,0.5221212604486569,0.4336075336137924
1744,0.5709494359246247,0.5955312553540971
1745,-1.2142256305129822,-2.1340143357967127
1746,0.7004032350305089,0.6832235491927303
1747,-1.295795147938524,-1.0063434143693588
1748,-0.3029492807658181,-0.3029868147874287
1749,0.2903795401598795,0.3162780515815416
1750,0.8295057340451019,0.9651502740924169
1751,-1.8804997728050064,-2.231361160734363
1752,1.2375149961184153,1.0410647882357362
1753,-0.786674309127076,-0.5678414132234758
1754,0.8329416359991904,0.7682684661879827
1755,0.3453190717443768,0.29406975489224074
1756,1.8643213700511037,1.440650498726637
1757,0.768196758244854,0.620046350162512
1758,0.08197542246872049,0.0963041624812494
1759,-0.5455390193678529,-0.715205546834484
1760,0.7021017205764889,0.7218804113347563
1761,0.4394116354932957,0.47460608479343047
1762,0.37388200972608987,0.29279090997211527
1763,-1.1944503244652163,-1.6717629108635081
1764,0.14833499565346295,0.12715618848638266
1765,0.7526315258550166,0.8920860828910823
1766,-0.38104563864939117,-0.5612825040039154
1767,-0.6194575441069015,-1.1678089998521384
1768,0.6865271528151993,0.7880670128490324
1769,-0.18230103344750584,-0.2356561720120993
1770,-3.6638925497734034,-2.864673409667633
1771,0.659846076337352,0.7483437581756542
1772,1.0006512514006976,1.0202702596988615
1773,0.34909331666038124,0.33261579303972433
1774,-2.1252174012722644,-2.787387420173977
1775,-0.07298264819906468,-0.08876517333224342
1776,-0.6318317431371778,-1.0020028166255859
1777,-1.128514558358795,-1.118399868672219
1778,1.6397243259447016,1.6165606570216176
1779,0.05550491785367546,0.08186384264834382
1780,1.7814277194372312,0.9952127289055909
1781,0.6698526390309771,0.6050148108646692
1782,-2.4070482789161645,-2.8165598714548796
1783,0.969295930438802,0.7736499923275467
1784,0.4674840247573534,0.37737900529475704
1785,-0.3174077639879556,-0.41994215346117963
1786,-0.7225814370983118,-1.0421878151174209
1787,-0.3430118412186687,-0.36050832502466645
1788,-0.6121213424461532,-0.5777270863801781
1789,-2.4048320382486925,-2.9002210239167914
1790,0.7618588971591389,0.699712624211807
1791,-0.2730319274638123,-0.23978594870703232
1792,-0.5411447793631015,-0.5010049438046079
1793,0.3494361176926535,0.39025114571433445
1794,1.0362966477136397,0.9157602894118526
1795,-0.36084727452213994,-0.335342063699638
1796,2.029125731125002,1.9884121554800687
1797,-0.12768507800660464,-0.11438117855039992
1798,-0.7622567402091237,-0.6919928272636131
1799,-4.224184419438424,-6.141185548509988
1800,-0.39080247189938816,-0.3652579812085515
1801,-0.08570959537732835,-0.09127822780787566
1802,-1.4549923904942168,-2.736715016339839
1803,1.2410113720823952,1.1808151165374787
1804,0.4324303779412298,0.4481781993113034
1805,-1.3145372464453466,-1.399047794225941
1806,-0.053961579111783974,-0.04417041445147993
1807,-1.3762233422143688,-1.3587259145062593
1808,-3.383837733912426,-4.2545781909389255
1809,-0.8022602296764385,-1.5070224172827207
1810,-0.2349297172626753,-0.19817071463639988
1811,0.10507160680632519,0.09610771583636753
1812,-2.491268858703735,-2.8357502069983984
1813,-0.1361908509180733,-0.20208798979260995
1814,-0.9500343815724448,-1.105530692134835
1815,-0.2753458130344583,-0.3379121037267383
1816,0.2358942754621914,0.23915970050437121
1817,1.0586643843905443,1.0403694284636402
1818,0.5564289433037802,0.49750535547910335
1819,0.07655585671685004,0.07101149165611104
1820,0.11063396052353665,0.1064024916047478
1821,-0.476511936172631,-0.6090229133360484
1822,-0.5890573431088468,-0.5685292807515743
1823,1.1627671300717792,1.1311318739154852
1824,0.11669405649776603,0.10453102866120587
1825,0.23723687247877684,0.31500276205509115
1826,1.7418437002991822,1.2780221146929511
1827,0.342021704930724,0.3919838153881571
1828,-0.9216210079847449,-1.8523889990201468
1829,0.0887939757278101,0.12592180937111816
1830,-0.4755622349266776,-0.42917405144221443
1831,1.840293246365785,1.7639034920963983
1832,-1.7100640818014998,-1.8307255720417683
1833,-0.4603545992833071,-0.49001233503740754
1834,0.3480997995989571,0.3208426485632099
1835,-1.469608425232893,-1.6902724272131575
1836,-0.1270032551394515,-0.18668009976312996
1837,-1.9647629209958937,-1.557437098718143
1838,0.40065908946837286,0.4475495222572403
1839,0.37034823817376344,0.3452334594486308
1840,0.21613467695000052,0.13308507097604033
1841,2.935033551773406,2.676705612200657
1842,-1.2407957832981444,-1.2909640856662958
1843,-0.6283057024324158,-0.7029414682325769
1844,-0.5343727975664939,-0.36330808634304684
1845,1.5272755752449627,1.4319204609951275
1846,-4.1254376457090975,-5.361451962565317
1847,0.3618235192916366,0.34287431614041175
1848,-2.085191540062966,-2.915583169480792
1849,1.2256628416892597,1.104105683316383
1850,0.7809414294653909,0.6226536517704403
1851,-0.39505732604358657,-0.35767182848628315
1852,-0.9515207911939663,-0.6806518324361134
1853,0.36183473090177365,0.2805953794185854
1854,-0.3542227105213567,-0.29603200032911353
1855,0.4672697960899409,0.4737589375383213
1856,0.48939752217339993,0.5460279136794169
1857,-0.005312006464500628,-0.006347503154302496
1858,-0.5680983957290275,-0.6054037739043113
1859,0.278261016255756,0.18831133461380664
1860,0.6284999785815102,0.5815711046936928
1861,0.9948284878434468,0.844512310276888
1862,-0.3536796082847353,-0.32455534692150106
1863,-0.8707342530501742,-1.13251417750142
1864,0.05759819547897548,0.07004039609374733
1865,0.8264076790445155,0.6976486465382151
1866,0.8544562038875207,0.7398665741440257
1867,1.5365566347103445,1.1248295209712325
1868,-0.7253577228780854,-0.720158037606773
1869,1.940665228866869,1.6222453708769298
1870,1.8732897339075036,1.2043687179846743
1871,0.15971512080562167,0.18801186694836508
1872,-0.4731187643396888,-0.4518773321939085
1873,-0.39496708326090185,-0.47675039447800405
1874,0.2802370434603544,0.3793354315649628
1875,0.8630048285367847,0.8420407522486818
1876,0.1408976129753326,0.13288771136660651
1877,-1.503118357181296,-1.0234499669337231
1878,0.5497589591739053,0.43572802659145987
1879,0.5239074588491948,0.42545181596056203
1880,-0.00740681839059095,-0.009751812877577799
1881,-0.45416689220028333,-0.5589472360500023
1882,-0.4767467602877123,-0.5197922823567288
1883,0.09280091372630418,0.1833607296475902
1884,0.9196115123990786,0.8923825926746026
1885,0.02377637931408305,0.02122008351058252
1886,-0.5158181691230023,-0.5567051879686412
1887,1.891284642030351,1.3710055087922017
1888,0.29777189384581154,0.3710456804204336
1889,0.6954549392101291,0.7773173177037662
1890,-1.4778902349459506,-1.79899554508865
1891,-4.811317535226623,-5.324709611496406
1892,0.4119147071694394,0.36741614063390143
1893,-0.5427720805928682,-0.6307030366916896
1894,1.0977611123664992,0.8489761716252298
1895,-0.7726813434982489,-0.7527082512309583
1896,0.23642625042968182,0.3057709132021397
1897,0.03972163796202129,0.05611665756286787
1898,-0.8751674766389452,-0.939514228281757
1899,0.09710748642478412,0.10610883582604158
1900,0.47062879739283275,0.37886813946068854
1901,-2.7506515353004346,-4.29569564995475
1902,-1.1154468753349456,-1.168797345741783
1903,1.7874929645490607,1.3041196107155695
1904,-0.31961857671198357,-0.24018220434002424
1905,0.7061485619101644,0.6794328821205639
1906,0.18459214306124705,0.19088855891944775
1907,-3.5074141677315485,-3.441819929651188
1908,-1.8942533553835814,-2.7500822006039565
1909,-2.0685695582888672,-2.128150203399179
1910,0.004373487507026944,0.0030273171744270746
1911,-0.11645812929388616,-0.14115383208848323
1912,-0.9662888239760296,-1.182872518258527
1913,0.5212277492450549,0.5012085381292726
1914,0.12577560081176545,0.1367597804752421
1915,-0.24302818281483013,-0.2062693104102585
1916,-0.07615985962325557,-0.08861771751915315
1917,0.61987719815327,0.616422634677696
1918,-1.4208293726711214,-1.7793351732594527
1919,0.6793470535706184,0.6988312274261202
1920,0.3462719150504461,0.25502658369676856
1921,0.6181419799680782,0.48084761427151074
1922,-3.7376558263522357,-3.7692716962819515
1923,0.23411521326958934,0.2495368766366887
1924,-0.12999554230487056,-0.09326619271032575
1925,-0.6483666310182216,-1.1431143774692656
1926,0.9945397331728179,0.6401271543517992
1927,-1.1792660943236146,-1.1551931465373135
1928,-1.4631964724464572,-1.677520221968257
1929,-2.9649994375832347,-4.26644869889201
1930,-0.029284201451333154,-0.038806332387735266
1931,0.9313051380782834,0.8177010662908827
1932,-1.3136691232486977,-1.0827563239154738
1933,0.01675225496903095,0.026239476243718866
1934,0.2306581616381246,0.2928229006609816
1935,-0.3087460275744052,-0.4137984118944214
1936,-0.5098596665330438,-0.42588645930696084
1937,-0.8704691249975121,-1.4853414551199684
1938,0.7963820792624934,1.0015261450973991
1939,-0.6605667351831909,-0.9426276521465332
1940,0.29737065517975475,0.3004594057587236
1941,-1.1454419632539194,-1.208390720196106
1942,1.0575716765686403,0.8852990501367787
1943,-0.5419990978412392,-0.5785311379846263
1944,1.713711988402103,2.167024850884499
1945,0.14649314043195677,0.11648712370483734
1946,-0.9503881870112345,-0.9276602543141353
1947,-1.5312925358664475,-1.8552114442340912
1948,-0.4710806765024697,-1.2735664817396035
1949,-0.04709681833923115,-0.05425551534805875
1950,0.10294435898873426,0.1171064686434532
1951,1.1446972236678319,0.9989624800847979
1952,-0.5931804998599625,-0.5857625865051106
1953,0.29605853315877184,0.25412800431691757
1954,0.8005547270489952,0.595316735303407
1955,1.3814305635464366,1.9497134717130709
1956,-1.3151429094495442,-1.2440458429703996
1957,0.28320715316040884,0.4311432147205171
1958,-1.5238066495562412,-1.3700618404165377
1959,-1.07419370336639,-1.1247307828767854
1960,-1.7937590844246343,-1.9871472366493925
1961,0.38667238096195283,0.5182535354482243
1962,0.45905424488700736,0.33882021908882715
1963,1.587876293229101,1.343279951132904
1964,1.7987326528911696,2.1375407293393174
1965,-0.755482413863358,-0.7458396727572256
1966,-2.335372104884945,-2.0891392127995214
1967,-0.8173517292299198,-0.9056053793297598
1968,-0.5765589334215455,-0.8790377604065946
1969,-0.6133722643501183,-2.103198685322413
1970,-0.1088451810122238,-0.12374361074125788
1971,-1.9917097741751981,-3.467256197424473
1972,1.2787303001142327,1.232627537332432
1973,0.14599291536270814,0.11898268373283677
1974,0.5428039732859682,0.4723801795863159
1975,-0.5483379322630259,-0.5472532024939659
1976,0.711389160497375,0.8455992823029158
1977,0.03167213108685179,0.032467419319346796
1978,0.2986258839029083,0.6081819861352106
1979,0.11774312061773898,0.1251690711156899
1980,1.6630179316743032,1.249105409940822
1981,1.23798624483523,1.1610202837718786
1982,-0.3707332608480493,-0.3449276944905622
1983,1.339737280256835,0.7033667961165719
1984,-0.826728878467262,-1.2913239508980348
1985,0.7102360841136035,0.5709772396637235
1986,0.3568686345829845,0.36953130872131246
1987,0.41219373744563226,0.5823657648822356
1988,-0.9025587776671644,-0.8420634813193261
1989,-0.40020466676048,-0.9022439481193008
1990,0.6167265157321636,0.807681925464934
1991,1.3282572617528647,1.1951438301816764
1992,-0.15649288419580448,-0.15370223584777895
1993,-0.7816325453318002,-0.5369255707240753
1994,0.5927501667957773,0.6668487395174952
1995,-0.8772414906604467,-1.0059344586137084
1996,0.4691738932274733,0.6188038843190228
1997,0.517980674278414,0.47923041210331996
1998,-1.1645305360437663,-1.2055906496547202
1999,-0.5039109433227223,-0.405305862074528
2000,-0.6396701574517044,-0.5494536238085245
2001,0.6676841884396031,0.5337689745485988
2002,-0.16080400267782594,-0.1387782933704041
2003,-1.6577658593129223,-2.4160390417679904
2004,-0.6203763309270087,-0.5601994807704151
2005,-1.132377387589782,-0.8099779366839235
2006,0.814497861897401,0.6054443551819821
2007,-1.1886706586887061,-1.5771768086446158
2008,-0.9401698681720975,-1.272384590468291
2009,-1.5224445542101235,-2.4487347190516067
2010,-1.3420980869743964,-1.5545969454175896
2011,-0.618012149828225,-0.7129538110677525
2012,-0.07280371204827149,-0.06812753938858972
2013,-1.2001508684687894,-1.601474078682751
2014,1.3394019723862596,0.8817597819892266
2015,-4.124333691707609,-5.772921184238174
2016,-0.9332556667614647,-1.1508917237457885
2017,-0.6257274317505002,-1.149155889493659
2018,0.9171153518890511,1.1158197150560683
2019,-0.3210160064872392,-0.2585425934984019
2020,0.7588791383293287,0.518336057074539
2021,0.5584807528091277,0.7563067540135744
2022,1.0752536419594843,1.0668916119932101
2023,1.8992323958964419,1.663515233103018
2024,0.5861076762271304,0.6677670836529691
2025,1.6038609046496397,1.5289620583045584
2026,-1.685405879137463,-1.3222076383612504
2027,-2.016267018536216,-2.6380520498705757
2028,-0.7560176909160965,-0.49603088077229623
2029,1.0647982246097256,0.8603123463524958
2030,-2.901436489935164,-4.70309464655264
2031,-0.5412669116801982,-0.5082318503349853
2032,0.27398425050777225,0.40621563751311124
2033,-2.342797658707057,-2.7219592960589125
2034,0.9854088025149477,1.1304761684885203
2035,0.6464959206531362,0.6288522848594711
2036,-1.3910076173829948,-1.9077046157932034
2037,0.7293169093572918,0.8057828576860849
2038,0.12319302792850595,0.10729963342677834
2039,1.057262845171428,0.859709226881329
2040,-4.535518908906545,-6.766831385734838
2041,0.8897090556299405,0.8320291889600012
2042,1.1642176471563417,1.1231151779300415
2043,1.0717850214901066,0.8100027675870788
2044,-0.7540000575399026,-0.5042433684411162
2045,1.2655283176414984,1.4338941396049671
2046,-1.8693826765845842,-1.9933825073970555
2047,-0.46820091924661167,-0.41871004623596814
2048,0.39046662873910276,0.3455746886073758
2049,-3.251843458849296,-3.080567483417552
2050,-1.7495551598156025,-2.5590220345410613
2051,-1.449536621647121,-1.6778012865723415
2052,0.39553804887581734,0.596945801315698
2053,-0.8180783642152749,-1.3630015255545613
2054,-0.616166276121683,-1.204138287588579
2055,-0.614536322859006,-0.6562589710750873
2056,1.920925517317057,1.6957911268355939
2057,0.9986543260684035,0.9370045343646365
2058,-0.10270922822582576,-0.10357232712320352
2059,-0.5560339695958314,-0.6337146233957736
2060,-1.5534688925967157,-2.112026881541187
2061,0.8864973448125549,0.8361879420002998
2062,-0.9195255624744089,-1.5774347253212477
2063,0.3042471327893043,0.34681640761450694
2064,-0.7038428944393011,-0.9628402116726146
2065,-1.159639645541666,-1.7977313234010737
2066,-1.768300610000236,-2.2349592415522985
2067,-2.7866283196520767,-3.273224839579475
2068,-0.9362629761263591,-1.3692518790000947
2069,-0.9920061471548686,-1.1722395058637507
2070,-3.489767577558786,-4.247721968598482
2071,0.6133754211395333,0.5164551588078289
2072,0.7244605977462049,1.00882581298248
2073,-0.16902282749026445,-0.1559351232627547
2074,-0.21277008249120963,-0.2062575271107684
2075,0.5499675669369557,0.4243746342062669
2076,-2.4008558629062065,-2.9551298351770505
2077,-2.2578688856555513,-3.303546907376687
2078,-1.6045623515790295,-1.9648991211903355
2079,-0.16809028753503374,-0.1566358607073388
2080,-1.0719160825221405,-1.264401952901131
2081,-1.4705297971558355,-1.5824175631960196
2082,0.2977167474500214,0.301775644326439
2083,0.6976554558950869,0.6598156460817078
2084,-0.8451289000200815,-1.1679685492456962
2085,-1.9849822663211254,-2.6147023387527035
2086,1.2272574018884848,1.1599875529856312
2087,-1.2509353740370512,-1.2976563665742227
2088,-1.8537654632767306,-1.7817496257626417
2089,-2.1550457422294507,-3.3734459431342225
2090,-1.272614391780776,-1.3216759396002404
2091,-0.06654229380343529,-0.06242154832148519
2092,-2.38191689599426,-2.716060784354616
2093,0.10323185257567283,0.09579408664645703
2094,-2.500854055168342,-2.279066467334902
2095,0.9501339738331093,0.8131319590000566
2096,0.313331276278302,0.34808069128645297
2097,0.915926847854382,0.7409660727253272
2098,-2.7899137570197925,-4.397126985130133
2099,-0.8973560511890342,-0.8232185480892185
2100,-0.512669150430925,-0.4267136070191784
2101,0.6561843328768535,0.636974668552519
2102,1.0385734353404792,0.9352363949376317
2103,-0.06042005369561607,-0.07500350502982052
2104,-1.4182174414465063,-1.5796454042665093
2105,0.7104970379056778,0.7115877038851854
2106,1.3238842387392906,0.9226306469175675
2107,0.9315493685687761,0.876219809364098
2108,0.36010461011441725,0.3128200412989498
2109,-0.15724740803934587,-0.1545412555161751
2110,0.5344907837548405,0.496614458664482
2111,1.3207080314859618,1.0874706540244554
2112,-0.13376461093964184,-0.166093342796728
2113,-1.2571514842291303,-1.88511395604799
2114,1.831322147923531,1.386708841287429
2115,-1.717258530086808,-1.468476763487066
2116,0.20734114698558714,0.22428469467596385
2117,0.41429680530736424,0.5465091244427458
2118,-1.1854645937440151,-1.988510022512631
2119,-2.3000648666534502,-2.6247867918644463
2120,-0.21142055298900064,-0.23104106943767702
2121,-0.03598483756984816,-0.03542334414338151
2122,-0.7426416715702514,-0.944165899175859
2123,0.03478915450267657,0.04050147128362572
2124,0.5241007438980697,0.3601735265869713
2125,-2.30864930764005,-2.6068012514141876
2126,-0.5888882876913825,-0.7689751381596421
2127,1.3040937374048653,1.3040046244079044
2128,-1.0735978289333803,-1.2810236118487266
2129,0.9917598430356334,0.8391147797203367
2130,-0.6691688894227392,-0.8684558234167267
2131,-0.9154433794351886,-1.0285660550007112
2132,-0.5971364383453743,-0.7376071802102435
2133,-2.0536802128160163,-2.6145437186532785
2134,0.04833644289169595,0.038655256036017674
2135,0.02558103239882551,0.03159364753984025
2136,-0.9006229952148839,-0.623254088229321
2137,0.593885456875065,0.6299971625501926
2138,-6.57543880492564,-7.610520311087802
2139,-0.021947838806201735,-0.023691452380178953
2140,0.7287740816593467,0.7456219673735115
2141,0.7996967273834642,0.7494960003225506
2142,1.032093867773605,1.0994172066053218
2143,-0.1804587313452204,-0.22896929993504475
2144,-0.9060752178908701,-0.7120555834998181
2145,-2.3928029735921004,-2.322910938638845
2146,0.7947968286008463,0.8041542273263929
2147,-1.3955102274818687,-2.172788932255773
2148,0.3470781168606014,0.40948800155312076
2149,-1.1284534008101494,-1.4222952831028575
2150,-0.42455022005886617,-0.49645579041356175
2151,0.13738479660716615,0.12388731221591434
2152,-0.322813244000964,-0.2563599874599073
2153,-0.8411183306852523,-1.0301572346398185
2154,-0.22470217813238652,-0.3608963814900629
2155,1.052116987925938,1.022796331345731
2156,-0.11224078087404865,-0.09634932781801508
2157,0.6286090866794486,0.41043068922620124
2158,-1.012368524050215,-1.1931388249224062
2159,1.6140259580437957,1.5500582971364139
2160,0.10698055621719801,0.13835262954364877
2161,-3.906253987565515,-4.147240663364361
2162,-0.7722768381479765,-0.8375293218502144
2163,-3.8400224579876134,-3.7519567713168733
2164,0.8733425190976071,0.6189538366436761
2165,0.10884270961685125,0.19520868032535296
2166,-0.371081610579436,-0.37593889668108144
2167,1.4008336568179687,1.494799558492504
2168,-0.25517160559202134,-0.3301899313517841
2169,-0.4604558582341296,-0.47245027165776504
2170,-0.4541308513467457,-0.7046201816079971
2171,-0.2664846975843422,-0.2317299032943539
2172,-0.9183611047076036,-1.524919344576822
2173,0.03252216919788618,0.029551254054126723
2174,-1.2424263761965708,-1.3064129438032805
2175,-1.1633127213199883,-1.9603533820493961
2176,-1.8305390515605071,-2.4819312447215354
2177,1.7377240929765982,0.8615593131676317
2178,-2.206687391866047,-2.8898550345982845
2179,0.47915685178568385,0.7868605128988306
2180,0.1518857704519236,0.19323803339320686
2181,2.050685777198166,1.5550592988140761
2182,-0.5541383410679777,-0.8770352575334692
2183,-0.349106643886598,-0.333171568133492
2184,0.829708274775039,0.7836082951518752
2185,-1.0065472726105973,-1.4182794547329725
2186,-1.1281130566808686,-0.9190908092355896
2187,-0.5274123476841455,-0.5614863138935707
2188,0.6902897673853601,0.758040657615649
2189,-0.9438888077509312,-1.622930971404397
2190,0.05275641962637042,0.0446839543305562
2191,-0.07747278329583682,-0.07646016669181703
2192,-0.5219441690413638,-0.455719367021836
2193,-1.8549689380587242,-1.735181368302167
2194,-0.14495851378789187,-0.14496268562881592
2195,-0.6409858940714677,-0.7238559852548959
2196,-1.4203160954057816,-2.1217084985136836
2197,0.8708828089126438,0.9183153172986861
2198,-1.5228080288419954,-1.4652742404547707
2199,1.14217862452375,0.9293015075806424
2200,-0.9505807403996795,-1.4432398710393397
2201,2.513490289713545,1.8513606807041925
2202,1.5021291876840868,1.1468154385811327
2203,-1.5320166862778195,-1.7298659398150418
2204,0.8243412490838519,0.5596380463959414
2205,0.3734366063628587,0.4543911217830504
2206,0.17337534594043286,0.1507980917874657
2207,-0.09801904010232253,-0.12027628396812134
2208,1.7774082694913507,1.20050923881222
2209,-0.2586741891003829,-0.27548430661611367
2210,0.5005749289007327,0.5482779020220407
2211,0.3367880313775246,0.2968965663783063
2212,-1.9756552219427592,-2.4500656477173965
2213,1.8149039951022192,1.3645728710794254
2214,0.16662429321385877,0.1867812572890638
2215,-1.2716029411199845,-1.5493914205621426
2216,0.20279293931772804,0.21752383468994949
2217,-1.3020060050886515,-3.5843111497088236
2218,0.4674925294814391,0.4453494554845144
2219,0.5705767579245429,0.5517347599672585
2220,-0.9238656334592908,-1.1981012862050497
2221,0.7487498801307129,0.7761368391997099
2222,-3.1240427370596224,-4.169419345120782
2223,1.2650100923114282,1.2714898279647706
2224,-0.8196328190435329,-0.8406024175079629
2225,-3.4696765110938608,-3.8186606182168856
2226,1.5736166509904148,1.4679698642123307
2227,-0.9989529184951262,-1.4015548593419964
2228,1.084881923094415,0.9797124776285172
2229,1.1965679174793598,0.971766289913838
2230,-2.1600727215855327,-3.0199323637284934
2231,-0.8737402255247019,-1.4715882866738206
2232,2.3352068808663082,1.7420310331167856
2233,-0.7275217109386063,-0.7889485814858639
2234,0.3348694891219996,0.2754342032504893
2235,-2.1005877045856667,-1.7365650932780452
2236,-0.22262603159866362,-0.27576956252598483
2237,-0.5299728192579435,-0.7397517441885958
2238,-0.922341966861744,-0.9530288347260922
2239,0.8890922482471886,0.9175503366995116
2240,0.6807865577545251,0.6953667829483564
2241,-4.098596050621383,-6.20739651967237
2242,1.3886806501247717,1.38477793986126
2243,-0.8929516674766454,-1.0040255228740795
2244,0.3681255661227701,0.300562774803544
2245,-0.5617768344871961,-0.5568022563704059
2246,-0.922904915633179,-0.9684343766187814
2247,-1.9840174406766178,-2.092454261606899
2248,-0.4659994494884426,-0.5600044206779198
2249,-0.005778078839617711,-0.006052891382096376
2250,1.052474062225422,0.8873787541343863
2251,0.8105067179760043,0.6668992261098784
2252,-3.4244888521503545,-4.774069897769815
2253,0.5594395636877701,0.5951920881239332
2254,1.3884670823953413,1.196460302585764
2255,-2.5875513587802645,-3.329029418084756
2256,0.6504765482178709,0.8675753928382486
2257,1.0452152468964733,1.4354861903841185
2258,2.0983678268463546,1.3216494996652393
2259,1.1041239816560977,0.6867928377570813
2260,0.29193574808035716,0.18689047720657737
2261,0.454012924056032,0.49529855867041084
2262,-2.2989624045436523,-2.6797306235525595
2263,-0.5060153788074684,-0.657224657086747
2264,0.28143544066188375,0.20080131142530988
2265,-2.2785687707392515,-3.539572720077567
2266,2.3359190275224804,1.7861951945215078
2267,-0.9171878560571446,-0.8346189010034112
2268,1.2685167156697825,0.8214959878246679
2269,0.6114111824712809,0.546489795844964
2270,1.5378021559685262,1.396659156927951
2271,-2.852213271301702,-3.7408658956414644
2272,-0.32356614382190113,-0.35072787812251777
2273,0.37426283647059577,0.32364836940918007
2274,-2.069011237903951,-2.4659361305657934
2275,0.35697380895355996,0.30381537440619105
2276,-1.4071987288186956,-2.2859477489776103
2277,1.7826372391394287,1.6151144389435974
2278,-0.5465376510391505,-0.6752355258082854
2279,1.983539097728501,1.6682092944048597
2280,1.1667301344896266,1.1643131907759239
2281,0.27786735168237686,0.2522249239552164
2282,-0.9937242276736595,-1.8145762341602505
2283,-1.3287611371515429,-1.8072509839098518
2284,-2.27257153037811,-3.372312489176945
2285,1.4503796143873637,1.7158818292657771
2286,-1.4110165273526427,-2.009025460100592
2287,2.478001384291921,2.0698264252832885
2288,0.8282739106452635,0.7316656755708245
2289,0.7682762127293646,0.8472692749281941
2290,-1.838713130358213,-2.6577690273085968
2291,-1.7234280183205344,-1.695955379575376
2292,1.279796983526619,1.062856366479429
2293,1.4308948832742086,1.396222939702224
2294,-3.108310992070994,-2.6417307606980716
2295,-0.6883783242140112,-0.6377991966741143
2296,0.04934649760384166,0.05043128550359906
2297,1.0254752909721956,0.9584256692189327
2298,0.8107867443393116,0.7157397965102026
2299,-0.7842179270067027,-1.0469215031978945
2300,1.5683555806140674,0.9578086504998566
2301,2.003757821955639,1.4921695274098727
2302,-0.7486549730710268,-0.9635832521817527
2303,-0.44873138512244204,-0.7222313361223521
2304,0.12990947997429408,0.17290682375474933
2305,-0.673868797075381,-0.7322237531263105
2306,-4.326813433845568,-6.391738666290424
2307,-0.3828134005443895,-0.36209212865676654
2308,0.39826719554328993,0.37571698562182615
2309,1.1158333158943659,0.9511784113403584
2310,-0.11317153018075254,-0.1372522724406165
2311,-0.43042800873158066,-0.6248362306966804
2312,-2.8129694497174897,-3.004780168757047
2313,-0.27458752875857995,-0.32616368103037974
2314,-1.7903373464327654,-2.8043411129330287
2315,0.5570283238233464,0.5467743689820458
2316,-0.2924939212424444,-0.4528544061086573
2317,-4.220223498976083,-5.7995191203805785
2318,-1.422636582779445,-1.9479306951560826
2319,0.0832851984856547,0.05765548008591498
2320,1.1014664324693315,0.8227002544527934
2321,-1.621597530253279,-2.382104244802841
2322,-0.2627780352763997,-0.30387807390888866
2323,-1.4283931882937964,-1.2583854800783696
2324,-0.6037976835831992,-0.6849249430017631
2325,-0.04519068567030848,-0.04124198224017472
2326,0.6833932870532656,0.7070234998679807
2327,-2.7104658053208626,-2.797562892202851
2328,0.147561928811182,0.1319784401998602
2329,0.04423378145161146,0.051561254042131285
2330,1.4030591287933203,0.8684439595951424
2331,0.16160099273216716,0.18291696613853312
2332,-0.7510673976501323,-0.7661893414675848
2333,-1.3969259192870813,-1.9438446476454723
2334,0.6736305413991116,0.7133417912462117
2335,0.9568301110594173,0.7783061974576782
2336,-0.1631838497142204,-0.2691224604175927
2337,0.6162672439678727,0.6353241885613112
2338,-1.3007741321783979,-1.1383622594903746
2339,0.6828703529223034,0.6811977122400118
2340,-0.07242414338497159,-0.1163231427004934
2341,1.1284416667577528,1.2582332447757842
2342,0.16590866986414907,0.17207530987587677
2343,-5.830705796152545,-8.77572541922723
2344,1.2347621713391408,1.2623568573195862
2345,0.7515417787225743,0.7732826539695632
2346,-0.18430513153399605,-0.17126145666585105
2347,0.5429394694534585,0.4875466788412809
2348,1.0010409921513117,0.9564912665583174
2349,-0.19228167213043554,-0.19600994686232678
2350,0.10934436049026225,0.12018494800993942
2351,1.0155845193487052,0.6282255020257591
2352,-2.3714747108865413,-2.631199637203165
2353,-0.7539494602652382,-1.0041456822272277
2354,1.5595339236182115,1.6769298844369944
2355,0.664878142467727,0.8016894399230273
2356,-4.234541915401754,-6.019708126323528
2357,-0.6011264255659168,-0.528280391918692
2358,-1.2980444572612273,-2.0009317711822536
2359,0.26590821719504737,0.21366190111063174
2360,-0.5888567902692106,-1.0077102563075195
2361,-1.9998366813026147,-2.473135837528064
2362,0.25087692493161545,0.22463019668927858
2363,0.8435875277073538,1.015431153509254
2364,-0.3889978246870274,-0.370915412240253
2365,-0.13750514093418237,-0.16133964473663406
2366,0.7870723537333464,0.5428580179328166
2367,0.1607039400274583,0.2143229871754563
2368,0.610582717560942,0.5595751954541125
2369,0.9535960737881795,0.6696072598127353
2370,0.36708754277468947,0.38677678308493213
2371,-1.5382314286576586,-1.7699455542878704
2372,-0.9486587205750467,-1.1455666334400838
2373,-0.9649971037516608,-1.171827030489088
2374,0.579871843184056,0.8127093333271712
2375,-0.7116698108855833,-1.118398586058529
2376,-1.3855238107627226,-1.1131801838420239
2377,1.6700923615338668,1.2072531105022117
2378,0.20713850339604556,0.22360049385542133
2379,0.5331375223997528,0.56113018552328
2380,1.1351048801156491,1.0228672440131301
2381,1.8930726367719068,2.064207731117333
2382,0.5333061252884993,0.7383299745252667
2383,-0.4013351738431005,-0.4334985343502901
2384,1.3480343858887884,1.0228616246958637
2385,0.7931599452105844,0.6554325938557405
2386,0.05197045993949201,0.06508548161789837
2387,1.6252828039000276,1.3057965256793003
2388,0.26619507508667944,0.25826287367264644
2389,-0.23648424685807046,-0.30143313642437564
2390,0.5056323819153516,0.35161092338842254
2391,1.091921674380391,1.1312153546026618
2392,-0.25073591964837805,-0.3311322440958918
2393,0.8680288180832919,0.6213986266479328
2394,-0.15347335146337035,-0.0978607756515077
2395,0.05751541556201053,0.06682986720768112
2396,0.007421205202895728,0.007871537065614461
2397,0.33120874139037076,0.32440460730923226
2398,0.0037977714715987905,0.0030442307210372136
2399,-1.749741365772136,-3.3068463263959154
2400,1.649250005110177,1.7677586986224878
2401,-1.169039066957713,-1.5060861138715365
2402,0.2552145121562263,0.21008044552113997
2403,-0.951676288691155,-0.9232028918801044
2404,-0.5596401685944169,-0.6611060117361603
2405,0.4239389370670917,0.44545955541178656
2406,-1.9193916028161115,-3.0084329564609202
2407,-0.4240406936170344,-0.3454789380342092
2408,-0.03990580885382067,-0.056241788510728044
2409,0.0552545123177831,0.07683507509100405
2410,-0.4999619670919825,-0.6337279270731061
2411,0.801697918485847,0.819310154154227
2412,-0.34741801174812265,-0.29712032919008075
2413,0.259677812243736,0.2203482985839121
2414,-0.639020668668091,-0.9300637468433132
2415,-1.5688529568881866,-3.1193020039385515
2416,-3.3623717830667523,-4.0926592921221925
2417,-0.6676992040608215,-0.7537740316936989
2418,1.0113952778650463,0.7215055697173368
2419,1.009489998124494,0.7920640379450923
2420,0.7728322540683468,0.6164359713030001
2421,0.04152569006260315,0.03255766282808627
2422,-0.5723105245161544,-0.4388744214771501
2423,-1.0224598702383176,-1.6866167315567082
2424,-2.8365556312986424,-3.92580235513318
2425,-2.2604298291483556,-2.5277261745568085
2426,1.0190383158506864,0.7985223138117615
2427,-0.9918664159881125,-1.542873677674411
2428,-1.553458935194372,-1.8266176631264384
2429,-1.0426528745451216,-1.0878779282453344
2430,1.0862747587449424,0.9808843359014828
2431,0.983715902646451,0.9692871007090458
2432,-0.7259387979855456,-0.7131964942377143
2433,1.509387158511615,1.6440270880371184
2434,0.8247542778823544,0.810640439301474
2435,-4.995478870092086,-5.821110884366775
2436,-0.4125683382368997,-0.4094226580124089
2437,-0.007951572788366236,-0.011008506953086174
2438,-1.4125935102868772,-1.8595227084533368
2439,-1.0895095627334477,-1.317940591827882
2440,-0.853860163704459,-0.6434168550314969
2441,-0.7575401952841516,-1.0918793481074909
2442,0.09899858055900967,0.14349859135979628
2443,-2.288323331287464,-2.953440156481069
2444,0.8613261247930971,1.078669501574386
2445,-3.815748660547353,-4.2718519449012495
2446,0.014923476930735768,0.0161825740729039
2447,-2.834597848456722,-4.05873033459975
2448,1.1110049462380176,0.9992635708698319
2449,-0.4822968538459107,-0.45246587386530107
2450,-0.46666558480313036,-0.7862605303423493
2451,0.255001492626177,0.33316486006854207
2452,-2.0729297220356675,-2.1135222706821724
2453,0.39951510027087156,0.3864358154997776
2454,-1.2724956119967634,-1.7927957573720916
2455,1.4090228002877534,1.178413495107075
2456,-1.8835041830103587,-1.8150701035238708
2457,1.4052840168889478,0.964903840354283
2458,-0.10485770150505207,-0.10828580073677745
2459,1.4396258190255178,1.0624669611984432
2460,0.06816955496682914,0.06263974015169474
2461,1.7486600370228078,1.3585553955787164
2462,0.07118420799300641,0.07184447346929895
2463,-1.5552419021121158,-1.9366191991967994
2464,0.7897361745416601,0.8438105584083291
2465,-0.3171507828425504,-0.49715578964627893
2466,1.229064290671479,1.4144177299109553
2467,-1.6266743912160968,-2.715626835261511
2468,-0.25186107969827476,-0.3283378239199989
2469,1.063138472467622,0.7959464039742089
2470,1.3177668228808448,1.121127574467875
2471,-0.2585732279924825,-0.29579389098934017
2472,-1.9804049846205554,-2.3945428078630187
2473,-1.870302498730126,-2.4660720381910544
2474,-0.23372352892990755,-0.21071610006804434
2475,-1.04013882979674,-1.314180950508061
2476,-0.3165861655303353,-0.32167940076024965
2477,0.010431767238479116,0.012110897489561807
2478,-0.0586520508316217,-0.049618230774770566
2479,0.49015601949359344,0.44448452638341474
2480,-1.311204768036277,-1.7257875510476033
2481,0.9646426370692328,1.1676690825298242
2482,-0.4725099840378934,-0.6130200088451748
2483,1.3104213950076582,1.3388158289290104
2484,-0.8342689414168614,-0.6781494756671705
2485,0.2042673983880814,0.23260170485530407
2486,0.4528274119013131,0.38879000432008654
2487,-0.3198829704870806,-0.3097601768992573
2488,-2.350128876183894,-2.649614744325131
2489,0.1857143938252527,0.23049690145716908
2490,0.8276459997319514,0.7819341735507755
2491,-0.9651729342900607,-1.2639227683025447
2492,-0.16982001234970498,-0.1860964267077312
2493,-4.267507167096016,-4.070840435886347
2494,-1.905499331488414,-2.411765375853957
2495,-1.6628878939302827,-2.1878211983326166
2496,0.5322588630817919,0.7207797028708417
2497,0.7625030500867115,1.0222817178204469
2498,-0.03976600493263777,-0.03794797902686557
2499,1.3856380261117593,1.0378182574821786
2500,-1.7265250604320863,-1.989955472056271
2501,0.24097793619344607,0.203208562528183
2502,-1.4747870790083035,-1.7732108481729347
2503,0.30021785554756913,0.3673837025431933
2504,-0.006457423615483418,-0.0054775125359639186
2505,0.9895705633088623,0.8093374601454701
2506,1.7584083922346017,1.6262272524723818
2507,-1.4811178319512492,-1.5851683023203242
2508,0.6222774598994966,0.63384541137429
2509,0.6623104789492692,0.6493205803336839
2510,-0.22652329496559032,-0.2507824598809301
2511,0.10822249001842782,0.15621706978866234
2512,-0.0025299411577488252,-0.0037774530935579965
2513,0.22202551885255425,0.15511472099279963
2514,0.055425349548600865,0.09070519896242815
2515,-2.343278807253826,-2.469714384601336
2516,0.12632136280653236,0.12522757189710312
2517,-1.0118858613257256,-1.1567598296453576
2518,0.8686147541707188,0.7856475553456737
2519,-6.018961100885747,-7.2620352878986365
2520,-1.2535540128912805,-1.6213794947701594
2521,-0.5160096545752132,-0.770158992763589
2522,0.15966889659464736,0.25719745462653687
2523,-3.2885371907250347,-3.5039649040609797
2524,-0.6237647851297057,-0.7077936651699994
2525,0.3706663727976471,0.38248165889630426
2526,1.443883792854828,1.285519430302114
2527,-0.7253543240701407,-0.8340092202687749
2528,0.6961413315779151,0.6872229209797723
2529,1.2962945802314616,1.0458373379487096
2530,-1.5774766911787914,-1.7509827320696838
2531,-1.6161303311541624,-2.468702959135696
2532,-0.5418168621237245,-0.5345971520384645
2533,-1.2513816016039268,-1.386458853732299
2534,-0.4130489357911533,-0.38517791719663813
2535,0.20793571248883155,0.21797805554676866
2536,1.0846953696341368,0.9422423763628491
2537,-0.8036206419517462,-1.468508248289089
2538,0.28886892157561833,0.3358607633764931
2539,1.432803271425625,1.4157571417828545
2540,0.09524152308655541,0.08192008174028924
2541,-1.4111082390479146,-2.436753273916491
2542,0.1001802450734376,0.11370189979542035
2543,0.553568010927726,0.5972122513328706
2544,-0.9890640532173471,-1.0384323299530094
2545,-2.9092131224359687,-3.5706300460940708
2546,0.6489500496453321,0.5564507705134861
2547,-2.2942557110050115,-2.155633741537623
2548,-2.0085018520619946,-2.3568599104717025
2549,1.4843051216776066,1.2123693914071394
2550,-2.7863480741949354,-3.5830409439417923
2551,1.7186740564441088,1.358874118675669
2552,1.3252298140220597,0.971268007299545
2553,0.9858077486647071,0.9987408501548033
2554,-0.8646531977697292,-0.9376439898690434
2555,0.024628287203068464,0.024229997383464423
2556,1.0340501133148876,1.2468027378382915
2557,-0.2849824597449904,-0.3393023091183597
2558,0.3414649603374074,0.37129805773498137
2559,-0.268421424084642,-0.35233796026048436
2560,-0.23009627630474352,-0.26991530790548646
2561,-0.36402651570295297,-0.6490303053214516
2562,-1.705246306069247,-2.4563190983316683
2563,-0.5997046395815363,-0.58902088564551
2564,1.0421125739498067,1.1516764350126565
2565,-0.665051945809349,-0.9842443839319556
2566,-1.3306406860173898,-1.2370760921754065
2567,0.8703209136692721,0.6695136065380005
2568,-3.78311301139089,-5.829824087686106
2569,-0.7792355881624857,-1.127682123906409
2570,1.1182949198298084,1.1891781197238585
2571,0.25912513409855825,0.27087902821851045
2572,-2.7906563457455245,-4.364331402030284
2573,-2.618808740711744,-2.718202328432641
2574,-0.9094163458564583,-2.3779126989434607
2575,-0.7380074277735772,-1.1127496058860997
2576,0.4942788726385736,0.384677858853728
2577,-1.0570746752227056,-0.9444781212645842
2578,-0.5205670910686336,-0.8604390688644
2579,1.209379498727664,1.098359981763145
2580,0.1099452436410902,0.08942547685009744
2581,-2.271572968008381,-2.4003825201709263
2582,0.4639206837441921,0.5995046422056705
2583,-4.758316289439694,-5.394472908584045
2584,-0.17169589360410817,-0.20073070088759268
2585,-3.5988357342159922,-4.454598923382961
2586,-2.225787167989211,-3.0822440774329265
2587,-1.2388978923067087,-1.3120892955080428
2588,1.4668889006714654,0.8231008699890947
2589,-1.6611399671199056,-2.657211235599069
2590,-3.2412699894071078,-3.9065500970610176
2591,-0.31003112329339166,-0.2665315320407905
2592,0.4711699545202991,0.3937727816890932
2593,0.145891673873174,0.1575886257050537
2594,1.1523623183283724,0.8599123395639529
2595,-5.17738030234228,-6.817927448199309
2596,0.012684235779894618,0.013447728824434362
2597,0.653665249728712,0.7888281725927472
2598,1.8320176602495362,1.4618231575952931
2599,-0.39341775046099836,-0.3981015888177514
2600,1.6093007081545814,1.0956308976115658
2601,-0.5001431576399162,-0.44205180925055426
2602,0.8145581394928584,1.0474363488753893
2603,-0.5933531789714418,-0.7719833594242115
2604,0.7181062759166373,0.7074449732749288
2605,1.4509129619566907,1.229949887663602
2606,-4.262329636746341,-5.902137316645973
2607,-1.0116183223591766,-1.3796510603138457
2608,-0.2981575571534958,-0.4091204636612016
2609,1.3925061342653247,1.2172341956969723
2610,-0.41795146461686683,-0.4057024644243321
2611,1.3060246050075304,1.2170356559479492
2612,-1.0638214439593834,-1.030722993402377
2613,-1.0867339933091038,-2.090418285587464
2614,0.6680698745503219,0.6198968299969139
2615,-1.079357547044576,-1.3735310230727251
2616,1.8862712101783297,1.8202117158062119
2617,-0.4028620325672737,-0.45850754620612316
2618,-0.17946964828242692,-0.2012725263279866
2619,0.2459875990812166,0.2388933678322446
2620,0.35746124282159675,0.28861040987411707
2621,0.7041641762675126,0.7194541546722074
2622,-2.40132105518935,-3.7067539080958505
2623,-1.293676427368964,-1.0775102941870287
2624,-0.21333353478300157,-0.26417679268806776
2625,-3.367194114881832,-4.324951933702278
2626,-0.5076034532954871,-0.7678289010205023
2627,0.501104820265688,0.4648778714801419
2628,1.6371959325899268,2.244802199881172
2629,1.8088921649135101,1.499688977612916
2630,-0.8014159192504953,-0.8425963071724818
2631,-3.657744644482466,-4.828240088204355
2632,-1.5597245774372754,-1.3955117012899534
2633,-2.354185334218727,-2.887835836236354
2634,-0.7648551628930457,-0.699683556921281
2635,-0.22353963111894073,-0.3291919435737975
2636,0.5885092678491812,0.5295490982426247
2637,0.23258587550813573,0.1821187841029673
2638,0.9134670723401737,0.7024660464200329
2639,0.02190565986094199,0.029079473644378913
2640,-0.678708729719299,-0.7751044538152696
2641,0.5860338408495033,0.5868468351347811
2642,-1.1151486270590436,-1.232238809513723
2643,-2.0551071436716404,-2.50899243770893
2644,-2.7480111945459846,-3.0095457086137074
2645,0.3538307145658094,0.3935471301529899
2646,-0.36247249710979634,-0.5571779835244189
2647,-0.6868417852510934,-0.6778417583348675
2648,1.1367783657511545,1.3988294129904169
2649,1.2339364714685856,1.5569577437890256
2650,-0.08941150513862536,-0.11695052338349705
2651,-1.382875863331191,-1.593617166070449
2652,0.7977829699640372,0.5977024064178423
2653,0.11818862825171421,0.13798885725218327
2654,-0.689375202395578,-0.8754103416724649
2655,-2.790514999904097,-3.4408794552313298
2656,0.13501967274038199,0.11535997410494256
2657,1.0220035729543109,1.112513138366099
2658,1.7949346626777347,1.5575611026955212
2659,-2.4053998802210184,-5.727586846859452
2660,0.46195804364509874,0.4874143337152645
2661,0.3714045278218013,0.3925847860992172
2662,-0.449450100799375,-1.5183679226540039
2663,-0.16781633724519426,-0.2128587755465581
2664,-2.254576721939686,-2.6262630273104826
2665,-0.16779105989570117,-0.2585905378440979
2666,0.2832089408780461,0.30488223519165153
2667,-0.022114810286677063,-0.022309743531653083
2668,-2.894663458804599,-4.349389007782326
2669,-0.07447137701327732,-0.07051624828211371
2670,0.028688910959335102,0.06850604623746727
2671,-1.438701101177137,-1.6469558715903274
2672,-1.2486280547231314,-1.2300163323619966
2673,-0.38048282503721326,-0.4455125871526908
2674,-0.021700637123527274,-0.021433099465805905
2675,0.2723520228581982,0.2459949808598026
2676,-0.765277958246969,-0.8850407765312154
2677,-0.8456923942781142,-1.2152849502317922
2678,-1.5792907235379523,-1.9945041651894424
2679,-0.9468776330600805,-1.4443049581436354
2680,-0.4628915494321006,-0.42044346279226025
2681,1.7514028001783795,1.2811778051613578
2682,-1.5137532202703559,-2.568193276550012
2683,-3.564885796012475,-4.027466177253627
2684,-0.16334021129271578,-0.1139190519888259
2685,-3.2537549986776217,-3.0380455503959443
2686,-3.261016818610835,-3.6271511540517807
2687,1.3407982642419058,1.1715090576673513
2688,-1.887397659407344,-2.1970579030244997
2689,0.970918282731665,1.1502512377978262
2690,-0.6547719529126257,-0.6389084428434361
2691,-2.0245851348260655,-2.1009363507392536
2692,-1.6899212219138575,-1.6606486621504963
2693,0.7709431880324579,0.7440913249017896
2694,-0.9505830092433487,-0.9396354999045664
2695,0.715934758858361,0.7396430014999564
2696,1.5323184587310001,1.4522628951109435
2697,0.8989855563432457,0.974760135979945
2698,1.5010675185822042,1.000990066188968
2699,-0.06140510943260243,-0.05476936292159745
2700,0.14989844136569722,0.13732370802889868
2701,1.4312636519989599,1.4379122366685044
2702,0.5033077723091121,0.43527300403623753
2703,0.15751199164210228,0.13660708440440833
2704,-0.5810910285850915,-0.6932845034773538
2705,-0.3576832029966173,-0.37399217770032706
2706,0.6869909935917655,0.4331895376819884
2707,0.4049675753320962,0.44908761774644046
2708,-0.19778461604056716,-0.20159720117843294
2709,-1.8601006999490703,-2.072410848523836
2710,-0.8251418581111857,-1.0137500660766625
2711,-1.7426568536697398,-2.8628261928081815
2712,1.6808909212412335,1.2055881507334905
2713,-1.0961903480221131,-1.1799017024657832
2714,-0.47613316884170986,-0.8703021806831039
2715,1.555736941163802,1.5854823152867363
2716,-0.7016176914832544,-0.6873492937141693
2717,0.8771832008927429,1.0815708223972806
2718,-3.8626511025966974,-4.408329522953715
2719,-0.2707324708136337,-0.30024468269138016
2720,0.5633580004272659,0.45484690134257383
2721,-1.9741429032694775,-2.3088664121791944
2722,-3.771935753216784,-5.597214619901263
2723,0.47220686239102383,0.49575486177684264
2724,-0.7441149516566662,-0.8837683887879799
2725,-1.5494349472492204,-2.2142210086134244
2726,-1.8041640845004467,-1.9786522166634715
2727,0.5224033741760032,0.9104173026689805
2728,-0.26290629718129654,-0.23406074802375618
2729,-0.7748163601175343,-1.6748788808450201
2730,0.193665491852087,0.17121780578864296
2731,-1.17822983187082,-1.7007446195996863
2732,1.789887030354696,1.4738283573317488
2733,2.21192723648195,1.8043294961026257
2734,1.2830053412738316,1.1371338395150326
2735,-3.2667415329382457,-3.9867324059461704
2736,1.500785677928446,1.1433586106846598
2737,-0.4877428208029119,-0.5998316288359394
2738,-0.14749848753351633,-0.24340471750848483
2739,-3.0420073775004215,-4.429321607627142
2740,0.11203996087231823,0.1281820118655778
2741,-0.11191751600717459,-0.21124418016483085
2742,1.315112833133791,1.1465449357868864
2743,0.6190311911969604,0.6887654093598359
2744,0.8824462471857246,0.746028754981906
2745,-1.1115388784544227,-1.2035966748334732
2746,-0.9369498629460971,-1.0494366541509164
2747,-1.3023130157074554,-1.1236567518020237
2748,-0.4157602148329599,-0.35358952692393086
2749,1.8124034536154863,1.334680132680166
2750,0.8082867446407197,0.8083600745013833
2751,0.05949255764018153,0.06573760214125512
2752,0.7224394176158369,0.4330261248022948
2753,1.0495316958931058,1.071517571764745
2754,0.5507377294357197,1.0698157468058027
2755,-0.27598340582181985,-0.32415956260863804
2756,1.3865054873706555,1.1905869133012543
2757,-0.37538869042686657,-0.38331122764364434
2758,-0.9699878390534644,-0.9514175677288813
2759,0.78841975590503,0.8378183268427533
2760,-2.8231645911856225,-3.337291812682725
2761,-1.4355124726239608,-2.5479826470844715
2762,-0.9232015997192107,-0.7217703619039889
2763,-2.5914673448791596,-2.425426884206986
2764,1.0256997808533672,0.9786931872058947
2765,0.8565015965354945,0.5953099934236251
2766,-0.5961963975074072,-0.6056742292522515
2767,-1.7727246637541612,-2.448407895525311
2768,1.5335858514019138,1.3166870328364113
2769,-0.35816914093877933,-0.2662693211995424
2770,-2.2835805752344953,-3.687036317615744
2771,0.029139430565294375,0.037239852469747745
2772,-0.0746198127304573,-0.09818755836066524
2773,1.3233809099525269,1.0317375734457945
2774,0.02725565303206563,0.030160712922932407
2775,1.5461297234689173,1.0413322303679204
2776,2.6061889454399427,2.202570380992838
2777,0.32003828631510317,0.3498296483495383
2778,-0.23981569592862767,-0.2680433318090329
2779,-0.8727557996354666,-1.4832686421701193
2780,-0.93794763067748,-0.8470377773375656
2781,-0.3283062496469048,-0.2437078701199294
2782,-0.9332851192572228,-1.0406652672974679
2783,0.14183074974072715,0.14156653293386648
2784,-0.7833299228617746,-0.8764882889742943
2785,-1.4392260986942886,-2.51477772991945
2786,-0.11773593357792327,-0.15183813615659603
2787,-0.5469465626249204,-0.8526509769598885
2788,0.4129941652492606,0.3442095749987302
2789,-0.30029830235267907,-0.5540714464974343
2790,-0.3559649069015576,-0.47122174555389446
2791,0.1118911611814859,0.11920603554285553
2792,0.40533650316303954,0.36906073920133703
2793,-2.2704673202274077,-2.7310811005300444
2794,-1.4601047014242905,-1.281524454017618
2795,0.37837038665287015,0.29358407919626206
2796,-0.16366331047050886,-0.1716377949946157
2797,-1.877905171195482,-1.955391767416665
2798,-0.10647993434123075,-0.11056227083017756
2799,0.8895524238008462,0.8714461362932561
2800,-1.2170853542873963,-1.5035019587750647
2801,-1.6931075197728223,-3.802728912573255
2802,-0.20515891082005674,-0.303303000478985
2803,-0.94585955115084,-1.0160860268713259
2804,0.29853263497481586,0.29213549125043986
2805,-2.027368125435548,-4.076260438234987
2806,-0.8141277421461837,-0.7919678846262385
2807,-4.0322857393762055,-4.365140640062257
2808,0.06139210599373849,0.07171026470273735
2809,0.608519301146137,0.6561122119584888
2810,-0.03364320825433749,-0.05510903376848452
2811,-0.6329996216258493,-0.7187137052338716
2812,0.002322115876120512,0.0017404000499225308
2813,-0.13430006361161922,-0.15836610920245278
2814,1.4325837068832517,1.4159204203973244
2815,0.519428257853566,0.4104000139117748
2816,0.21958748205282813,0.15704312744898824
2817,0.5829411221088306,0.5887747132653791
2818,-1.8892927981171879,-5.032139362190186
2819,-1.0384392583142783,-1.0677234803136433
2820,1.9008974187547563,1.3615256241095541
2821,-0.7039274112113778,-0.8945719042500576
2822,0.2671541745421071,0.3155438474611294
2823,-1.7157240877156146,-3.137277172839567
2824,-0.6916525607996391,-0.7829671998669876
2825,0.6122251572603243,0.5759844272274545
2826,1.806747883068877,1.872854871423187
2827,0.5168353404664565,0.44528925849304996
2828,-1.3859404323826567,-1.5727515658920674
2829,0.7518842424294774,0.6519887519078092
2830,-0.384254739996739,-0.3607485215614892
2831,1.2804846821363678,0.9630198502992804
2832,0.4199103375145017,0.28468783639057954
2833,-0.3768509722657594,-0.3495640698952175
2834,1.482298667392513,1.0498953792709118
2835,1.5638363112171232,1.6228844038169008
2836,0.5007995894510884,0.35555432298783696
2837,-3.2171235637550053,-4.250805706704672
2838,-1.1240958946066153,-1.0454886006978539
2839,-0.8451585046935596,-1.0802827442456318
2840,0.36460080866466554,0.29151238034045707
2841,-0.3535416278744265,-0.6241456999923807
2842,1.6671401298910653,1.3384307777234323
2843,-2.868937997884301,-2.6073939338119176
2844,-0.6432043502133931,-1.4725341818743285
2845,-0.4532559461380226,-0.4723039741518493
2846,0.0786074074808142,0.10857207787924097
2847,0.9358015412484856,0.7356717253064954
2848,-0.2650940849536313,-0.26964898284656713
2849,0.18652452060477145,0.25673421983471517
2850,-0.0054022608780244855,-0.004994075040012
2851,0.6267907370941009,0.6250309306833418
2852,0.049729156787847124,0.04829504542685156
2853,-1.6096574023014742,-1.864906354938662
2854,-0.1710706920416363,-0.1826811835080402
2855,-1.3558889925085484,-1.9385268102665187
2856,-1.607891065987925,-1.7157370023606844
2857,0.35354640373424734,0.472410805947789
2858,-1.494212500090703,-1.7401072083771139
2859,-0.8912129117087171,-1.1088934130405512
2860,2.883825393345931,2.087462724232899
2861,-1.8166060794523877,-2.0295357168206625
2862,-3.9809108062260194,-9.653771481153647
2863,0.36229562323289405,0.5849002875787189
2864,-0.06239912551137476,-0.07323719420402768
2865,0.28259183267526283,0.40124226035074156
2866,-0.5376769595805343,-0.4388770659190445
2867,0.26281490280765124,0.3369560885004801
2868,1.4336624493353418,1.8667767438812781
2869,-0.5279485134657049,-0.307795145855345
2870,-1.9985586548257146,-2.5075720274276465
2871,1.1084904344485897,0.947065039430833
2872,1.2116046758758205,0.9377512883040694
2873,-2.841590657487823,-3.6144838023593175
2874,-0.27205108128943317,-0.3979479113652721
2875,-0.6952461234952751,-1.4877861528319043
2876,-0.6362065094718873,-0.5763794376628641
2877,-0.9886117817325767,-1.6223302470751113
2878,1.288558449128695,0.9084203554747754
2879,-1.064031792806779,-1.8589347192396934
2880,-0.7029074908241477,-0.5512956189474256
2881,-1.7028084667950192,-1.6345017542645972
2882,0.8855236575074289,0.808147594327311
2883,-0.9673917729450371,-1.1567919050292388
2884,1.2292651763958646,0.921973653973105
2885,0.3335615490586916,0.5097518032927892
2886,-0.09351258260765005,-0.0902374018069477
2887,2.145240171606954,1.4935306318795751
2888,2.2533029457710363,1.8102353952207324
2889,-1.4952097655486525,-2.313743497745518
2890,-4.522061393772059,-7.190106447650477
2891,-2.6916227586478425,-2.150386610435455
2892,0.35183663845970276,0.48818013645091907
2893,-0.7017900739988,-1.1305890085727828
2894,0.040704293394478355,0.05037234391990113
2895,-0.48950777960944375,-0.9888706534250951
2896,0.7144074591569789,0.6102662485127438
2897,1.473081832258775,1.5175058511279802
2898,-1.4125639326931447,-3.1223482917992134
2899,-2.288981243200576,-3.6297806299970405
2900,-1.499505455640555,-1.4575393493489168
2901,-0.49240216854985047,-0.664005047523746
2902,-1.127045987056672,-1.1010010492058961
2903,-3.5726784806732184,-5.486409938071202
2904,-0.8364105073462923,-0.9920014541512306
2905,-4.73894646717626,-6.607074163750404
2906,0.7714767948254815,0.6550677180149667
2907,1.5386526916479217,1.1109369882989588
2908,-1.4944797667205734,-2.170137089690965
2909,-0.19227228136397775,-0.19638649249790482
2910,0.09193445754751343,0.0913487228750302
2911,0.9229476402293705,0.6066902893948399
2912,-0.2661901646684521,-0.28485847651579016
2913,0.06631475511180464,0.1032416750618484
2914,0.7606890406633521,1.1346519067324534
2915,1.016403306943879,0.8979027217131614
2916,1.3895225156989066,1.4439155933905825
2917,-0.4980022306452446,-0.7734434914737487
2918,-3.535804639293759,-4.113093289240124
2919,-1.0148577737220994,-0.8570046279401667
2920,0.2408956491133608,0.22773454927405404
2921,0.8067899394308409,0.737652621487045
2922,1.2324231329661506,0.8632257790775365
2923,-1.6337494389192742,-2.2714590963778005
2924,-1.0728149239148277,-0.9874655355316465
2925,0.7675533012026503,0.7723337345280598
2926,-0.7648937997702177,-1.0437113588984372
2927,-0.878855564827964,-0.790385063283834
2928,1.6397636697027638,1.6255232164909657
2929,0.6401833076094354,0.5287739915548129
2930,-1.9704484094163082,-1.923766037941766
2931,-0.3047036397870873,-0.3473876811466889
2932,0.06459653241654281,0.07893989348278237
2933,-0.016029273524019554,-0.014863731900751702
2934,-0.24473580679552037,-0.22655855740846298
2935,-0.9454366570398034,-0.8167573060905616
2936,1.8753373488619074,1.4387785181044679
2937,1.6320979367564208,1.7625593629559224
2938,0.9309521943427871,0.9886909978691013
2939,-3.861577478021508,-6.619236003628337
2940,-0.45211109164531105,-0.36098327312943335
2941,1.0326639229575194,0.9726510150481584
2942,-0.25747467539191493,-0.3259960509916111
2943,-0.7571009820673912,-0.7535863406186966
2944,-2.043682437746378,-1.78502726321251
2945,-1.1075564631673982,-1.200298479906014
2946,1.591566378550621,1.3296530919520388
2947,0.18619874958548152,0.24142020598914543
2948,-1.4817233092892013,-1.9321513572456566
2949,1.5328446022920654,1.3952161775519123
2950,0.9768370153209964,0.7836008024598259
2951,0.19188081297937992,0.20295368313429166
2952,0.460860473533817,0.5439103525773097
2953,1.025529927904781,1.1824940386154943
2954,0.6951603533160468,0.7113020637275568
2955,0.3796753301258864,0.5796373969044675
2956,-0.4860367114242762,-0.500894587834499
2957,-0.916699339599022,-0.9153145111642835
2958,-0.6605169036921649,-1.2185446736140246
2959,-1.2887331990782025,-1.9584445160385506
2960,0.8336481827143266,0.8048651702052614
2961,0.04902794411845851,0.04861446174091287
2962,-0.5602189403715229,-0.577569624330497
2963,1.0502346538726313,0.7819000924847284
2964,-0.845329111466776,-1.1762778265413592
2965,-0.22170570412264423,-0.21344045466268718
2966,1.0680511917440891,0.9349654083676745
2967,-0.8025084432934025,-0.9346474978750836
2968,-0.6250489593028851,-0.49824494217700904
2969,-1.2541285911735813,-1.6642723322806685
2970,-0.36889248438474154,-0.3192272176740251
2971,0.6498337885873133,0.7659708787012436
2972,0.12203683693769786,0.11654419572831941
2973,-0.8469003741055733,-0.8091468949402564
2974,-1.1015794092473232,-0.9652589998584185
2975,-1.5605502173325507,-2.383082960396003
2976,0.24391647897717744,0.2835182794978267
2977,-1.5244663486081391,-1.632079661049087
2978,-3.333005867108072,-3.3830510835001393
2979,-0.8932152087898497,-0.9884305241769297
2980,-1.1996598221314638,-1.6038616946440671
2981,1.9449100911997517,1.6808097594209745
2982,0.13735929497779908,0.20079935093597273
2983,-1.681651440944685,-1.5363486326046074
2984,-2.5930380076753043,-4.078637373076125
2985,0.995920584758225,0.9271855545830653
2986,0.9564064752695137,0.7075895922918101
2987,0.1682143486244536,0.13535902768325297
2988,-1.4385990799782775,-2.160357750973196
2989,0.7076033592968795,0.7078687706248556
2990,1.645014410034053,1.735653344204408
2991,-1.0234900808319654,-1.3513648727364518
2992,-0.2880784106309568,-0.33098555929546536
2993,0.4360100633670903,0.5167909361231426
2994,-0.6074631801009428,-0.6022221878718068
2995,0.30574081488024346,0.33107201489751276
2996,1.1524136681527564,1.1655254455960902
2997,0.6833647420184376,0.5724329446794355
2998,-0.006955130610769147,-0.009364252257347643
2999,0.032719425915338406,0.027821094403750996
3000,0.3352783537328068,0.42615839024754526
3001,1.0006524099646037,0.8625152351565893
3002,-0.8735964866955832,-0.752819200089785
3003,0.18561311013270435,0.2663083812478846
3004,0.6909775287230386,0.8661016969133949
3005,1.8738411851464116,1.7984857345315257
3006,0.30893617354214914,0.2601329393592801
3007,-2.4432307941081826,-3.855049311186709
3008,-1.7421854856925223,-2.322408078364714
3009,-1.7674862610600564,-1.8905871801866736
3010,-1.3724327041207898,-1.0605614275523925
3011,-0.5405222416805056,-0.6260886452757942
3012,-0.33761688384011435,-0.29599039018114476
3013,1.6309843802549098,1.4113771784353826
3014,-1.3003854123269356,-1.7563578592122824
3015,-0.5644715168449047,-0.6258518566167404
3016,-0.6902830687217345,-0.6208242131947272
3017,-0.1121854517574418,-0.12111405438459726
3018,-1.9948455097800284,-1.6692523359924498
3019,-0.23782833381516263,-0.2459654827322505
3020,-2.8962497990771423,-2.8870885016910472
3021,-2.017430568553609,-2.161118323140259
3022,0.4711787068875474,0.4321733854221344
3023,1.134066845521589,0.7547496910496747
3024,0.51726343525188,0.6868103475814694
3025,-3.8354032317135567,-3.878989187728362
3026,-0.2896636897755777,-0.3291973945721645
3027,0.7795537657703145,0.6773471387899237
3028,0.9561720430746443,0.9305106814006325
3029,0.5371300606073209,0.6086058648958127
3030,-0.32097287741028074,-0.32728367630260485
3031,-1.6406939978736,-1.6736136131850237
3032,-1.1002211167610243,-1.5137285724622387
3033,-0.4183025232452292,-0.33128652406654296
3034,0.38957207798807525,0.44506160736893563
3035,1.582276939522967,0.8715946400328517
3036,1.171407001997752,0.9582645460957723
3037,-0.39489562749020246,-0.31537289507403027
3038,-1.120084216748055,-2.389487210152869
3039,-2.826704018576928,-2.5796741247049186
3040,-1.5116667249147115,-1.6948595368636914
3041,-1.8566657954392631,-2.0027393722516234
3042,-4.885196806677797,-5.345644701699189
3043,-7.243651632579352,-10.488285331311452
3044,1.1401279410573204,0.760266168314281
3045,0.5471119818731589,0.3649375479780675
3046,-0.35524628344171366,-0.4748355663748596
3047,-3.4178547812102504,-3.1931144413018364
3048,-0.6213642358370335,-0.8105963011940409
3049,0.1039378937915205,0.09216126510763621
3050,-0.9429194312496018,-1.55426552683149
3051,-7.557985962713613,-9.167461267897005
3052,0.6912420121278077,0.6889850204911412
3053,-0.4635332864354672,-0.5447649345219023
3054,1.0014238712466368,0.864239942597091
3055,-7.021373780404077,-9.012429192060708
3056,0.7315156761604675,0.6826986676501479
3057,-0.49154188099500873,-0.5089890266688681
3058,-1.521748533127071,-1.3095028894118363
3059,-0.32546505232858264,-0.2903639562148694
3060,0.05479812751597689,0.059644107993727484
3061,-0.011129037448787384,-0.01074048712230762
3062,-1.0954884626226025,-1.503040810149244
3063,-1.4996680988812634,-1.9251460288870077
3064,0.2761119763830434,0.31944154886446646
3065,-1.773549605610827,-2.480376642346452
3066,0.24781434787129675,0.20974225264974647
3067,-0.6702953681692402,-0.7383926370393326
3068,0.6530855109321346,0.5446336087065397
3069,1.1977310592405315,1.2551622427800655
3070,-0.16492634694304384,-0.19967164980312518
3071,-0.6774581419049264,-0.7835336331539223
3072,-0.7040220222582619,-0.8026747615222347
3073,-0.5795829198846159,-0.8624667589829338
3074,0.8296185968534618,0.8875636833604292
3075,-3.079516654713946,-5.957477980751578
3076,0.16075712338641665,0.17588616767043994
3077,-0.21471214220162935,-0.19179097176417206
3078,-0.20461799056015173,-0.20718122591112514
3079,0.2579583541742541,0.24424273247233813
3080,1.039250683578227,0.6193536175180722
3081,0.38130120145232366,0.3748282343396525
3082,0.046843614009282594,0.0392660918226533
3083,-3.0545248386979593,-4.286467255922412
3084,-0.8153632788783457,-0.9933125907961851
3085,0.49347549230974014,0.42991601407674246
3086,-0.15906649757916294,-0.1991761427601338
3087,-1.4246142827005968,-2.8275259412217157
3088,-0.13417828242511,-0.1222275371391714
3089,1.4235957803242332,1.0251168962654271
3090,0.3639258292610075,0.3419730488152451
3091,-2.342879947084624,-2.808164039591936
3092,1.1825598150417946,0.972376475390204
3093,-0.44464823580953894,-0.49088905439020897
3094,-1.6027140721939936,-2.3764581858362264
3095,-1.4214021702046544,-1.6436856323188875
3096,0.19769539565585276,0.17387105109771342
3097,0.500962948062527,0.3887541407635595
3098,0.5401670964887858,0.4254002578014495
3099,0.8377409060150443,0.8235094976993138
3100,0.5954050367865801,0.4244219040690138
3101,0.5433482644481212,0.7186003465732745
3102,-0.3227445347499402,-0.4118678883912879
3103,1.3591527529744765,1.211627300954679
3104,0.8684187163476116,0.9592845674592096
3105,0.07033954472144745,0.046095374832628266
3106,0.7508088437167996,0.7577041480244195
3107,0.12477009042118643,0.11565514196024916
3108,-2.390950778947433,-2.466987827600745
3109,0.9027511198813185,0.7995293812891618
3110,-0.7537951513748489,-0.7184970966777126
3111,-0.7189823296146531,-0.9663656524797233
3112,0.4011420789976656,0.3283600063643479
3113,0.3994450039716262,0.4511949156862126
3114,-1.2292545835443427,-1.037699464747659
3115,0.1024455733181197,0.13017255236633704
3116,0.10393103853591786,0.13641034755798456
3117,0.4167901322137346,0.5875332657414353
3118,1.045741443363755,0.8011337354245067
3119,2.598211369405649,2.211488303366891
3120,-0.6367737730795675,-0.7301847991934143
3121,-0.8390155223295362,-1.033367400886213
3122,0.7813707681786217,0.7259283424375607
3123,0.15137153931916741,0.20979925243624398
3124,0.5301030822930273,0.4511773397947274
3125,0.7485346312134691,0.7202718382625168
3126,1.066443572203154,1.198108066948536
3127,0.5686652544410472,0.5263086475447183
3128,-4.9117642532475765,-4.75598540570618
3129,0.29942899361220104,0.4271236754357747
3130,-1.9776509691412691,-2.494019992653112
3131,0.019881512476976764,0.030409724937547417
3132,0.07183050508037775,0.07464750399679707
3133,1.1356789577033315,0.8434960899398011
3134,1.2362567904971986,0.8104920518900164
3135,-0.4631250711872359,-0.5176861494089359
3136,0.45536947127129235,0.41165804797084043
3137,0.18540892838711187,0.14391477256043042
3138,0.7624018227570238,1.0292537783681253
3139,-0.21872481262490356,-0.2127599412315799
3140,1.0375984661821636,1.2235897597646566
3141,0.9256137381482924,0.9265890416897478
3142,-0.25123207009880055,-0.441302896860719
3143,0.6155827911740721,0.5406144432281001
3144,-0.9817817935903751,-1.7791462971436407
3145,-0.8685307738704868,-0.8572875035285931
3146,-2.1529302366096807,-1.8771347703461876
3147,1.6252219051112438,1.1793135153001555
3148,-0.034064886109868714,-0.03544344007963724
3149,-1.5418222026598345,-1.9403212565823627
3150,1.478941278324045,1.0456816314323802
3151,-0.022232967680330975,-0.030554767620393487
3152,1.538015920077797,1.1655015914836648
3153,-3.1774322949161538,-3.7973160499977308
3154,2.620294371478014,2.429379389451626
3155,-3.1428077498914506,-3.2374759977807352
3156,-0.2854639457575261,-0.2550949692380308
3157,-0.32078869944738025,-0.36036497148994073
3158,-3.7088741094045976,-4.30702048791647
3159,-0.293834834125841,-0.29491684731016043
3160,-1.437417998202409,-1.2917900194561764
3161,0.40252133550581104,0.782250261723563
3162,0.8801754337113148,1.4475514082242995
3163,-1.4670694208565833,-2.5318727821098754
3164,1.3291751634441156,1.352865385353882
3165,-0.658147831008464,-0.7975396893081796
3166,-1.2015255716543762,-1.439188542200528
3167,0.3255493012337363,0.45323483997073094
3168,0.40584271491761087,0.4353601280489125
3169,-0.031194628790106173,-0.033926282286946434
3170,-0.1425279581857503,-0.18639835433715443
3171,0.09775433552003733,0.10540932928670368
3172,0.0011251444517399675,0.0011183337939388997
3173,-0.2157931260319125,-0.2224413989695628
3174,-1.0392092846724845,-1.7356508188738824
3175,-0.9428723103327694,-0.8137320978135661
3176,0.03922931448983645,0.04781543431424329
3177,-1.490554851445223,-2.668083143035396
3178,0.9055901731116249,1.4062096516736418
3179,0.7361553151574936,0.7695312429683695
3180,0.9793397192578387,0.9495509552790501
3181,-1.8929556734700839,-3.2947526013946224
3182,-0.3477133770379032,-0.43343375711768606
3183,0.8289718998047813,0.9345986154256087
3184,-0.7461471129078028,-0.8249518088561718
3185,-1.2701295033560411,-1.9100958280983875
3186,-1.9083402920759165,-2.1986506279257685
3187,0.25664806258946476,0.2896752879654112
3188,1.0629327199983647,0.7562408108759084
3189,-0.015495494907494174,-0.033750836469194065
3190,-1.1599867222887046,-0.9877280546949899
3191,-1.1675467309332819,-1.613816626675143
3192,-4.65064712949084,-5.703348323560159
3193,-0.31690408168510353,-0.2981500527636993
3194,-2.0806395770773918,-3.5391753222182487
3195,-3.5979176323764617,-4.515287869990561
3196,0.2039257090254615,0.1791297716230613
3197,0.9245758668122084,0.7313504413067377
3198,0.462241775322179,0.3409570817176086
3199,-2.6411204394879206,-4.022778367145476
3200,-2.1820051988382283,-2.8327812910740082
3201,-2.200505508775131,-2.7023601155158596
3202,-1.604790689213842,-1.8909938419008356
3203,-0.13504194109106693,-0.14552119630603805
3204,1.8174879311646024,1.4899408253403774
3205,1.9774595546417248,1.4341586237866215
3206,-1.3686858219564022,-1.5384037512868556
3207,1.8210033470804934,1.6656713790216038
3208,0.007137332620003164,0.005968744061956217
3209,-3.274152473024727,-4.707618313518639
3210,-0.8967288701329167,-1.1696929184980434
3211,-0.05140662193314163,-0.05490781582719639
3212,1.1628706789305463,1.0002251677038607
3213,0.9795794281779566,0.7342176734297022
3214,1.8840349832800463,1.2976487798627738
3215,-5.325091293673006,-4.525230201909231
3216,-1.5227218469273622,-1.588739589683027
3217,-2.9126936192679156,-3.2530258471296216
3218,-3.166094859680499,-5.297261730090279
3219,0.710942742271456,0.6514008090601653
3220,0.017070422811073488,0.018400089302016257
3221,0.862346726937827,0.8857210198540054
3222,0.2163408796337553,0.20310787079393325
3223,0.9387027920260125,0.8300094994387911
3224,-0.5862929164642551,-0.5612369941421165
3225,-1.302272014987033,-1.320367559157675
3226,0.2574242426834755,0.1787183918219824
3227,-0.28969630864095774,-0.21157126327475131
3228,-0.07821616549431158,-0.08220185404384725
3229,0.5338767299144788,0.5003745685097035
3230,-0.10935539950455814,-0.1351288040414275
3231,-0.3035759415892569,-0.2762502339078497
3232,1.2902306834583193,1.3311727969904568
3233,0.4575381082839781,0.4836120884766766
3234,-0.7847496117590216,-1.17178006136426
3235,-0.9815608309214926,-0.781037330558216
3236,1.0128138298001264,1.5018367578208829
3237,-1.3825490635402427,-1.385225977954241
3238,0.2430508738075769,0.30435402305969006
3239,-0.26455807455068914,-0.3286829902908178
3240,0.15525767526751982,0.14301427984379197
3241,-0.9445019466826048,-1.000547544957104
3242,-0.9963473531575608,-1.034311545828191
3243,0.7765131137833312,0.9009027975142186
3244,0.35419276015133616,0.5466126812292241
3245,-0.008760346141328363,-0.01096786137110155
3246,-0.9227842874323555,-1.2136809758807694
3247,0.06650226002108856,0.04374123836759652
3248,-3.2908257044751923,-3.475399871449928
3249,0.669832272345966,1.0080173411328166
3250,1.591172032773958,1.1071972748990744
3251,0.4917977353401503,0.4173986143924976
3252,0.13500612756863972,0.17274858933068032
3253,1.0113626574598389,0.8344032038089418
3254,-0.914217072085627,-1.6091553675715777
3255,-0.28528898744420755,-0.2758055341339237
3256,-0.08653253245332021,-0.07982885497250396
3257,0.3887806165192368,0.3842610118767959
3258,-4.773387787541706,-6.758696101529579
3259,0.6339950703889949,0.5744523366303289
3260,-0.5310625528474285,-0.6111125158981375
3261,0.08749960584095216,0.09071181853700977
3262,0.09918254699279525,0.08530128320479577
3263,-1.096435483944328,-1.0897879136122013
3264,-0.615816064245101,-0.5666445759184363
3265,-1.3642618571659448,-1.3957971468322996
3266,-2.3223586837346617,-2.6033221001927087
3267,0.5228276538007097,0.49633060553209374
3268,0.21621091517275418,0.14101474428840313
3269,-0.5348561722826902,-0.5726248382048272
3270,0.311811868380237,0.2228605757273448
3271,-0.41603503676727016,-0.5938297290279513
3272,0.9626209732062873,0.9089427474086846
3273,0.2770461108978176,0.2905479130154021
3274,-1.1963056713945364,-1.2763376981390029
3275,0.24301198199677043,0.21851366400700048
3276,0.6643287240484219,0.9458240663992746
3277,-0.9575251636160231,-1.1257438166591311
3278,-4.732559350139112,-6.221058385904404
3279,1.0600959719123446,0.8326543218236134
3280,0.6384121211960806,0.5741296373346656
3281,0.348659135671939,0.3303149203678558
3282,0.49353884281343413,0.46818997038434035
3283,1.153023703060205,1.2946561772853749
3284,-0.4786245889331342,-0.3687672188390614
3285,-0.2708072095039783,-0.2676184126347805
3286,0.7746649682501323,0.8376188052688627
3287,0.03352611451803509,0.043814636684670887
3288,-0.8962630641236179,-1.2213389774435355
3289,0.19514770467985573,0.177316786395928
3290,0.7166031562276399,0.5172103990308539
3291,1.3266532442714993,1.0215955854819452
3292,-1.7692019720562888,-2.373584219053694
3293,0.7032425847630843,0.7325730614611508
3294,-0.9494962105152743,-2.131989750151857
3295,-3.106157999206994,-4.801555371633697
3296,-1.1653959377633674,-1.5230188499106188
3297,0.7332858227810385,0.8029423740454581
3298,-5.697219999919631,-5.111844152954508
3299,0.2015147365129752,0.3081746425447545
3300,0.7700984055331458,0.7389578424244495
3301,-0.46302423206682775,-0.5186096710086164
3302,-2.776491279363388,-3.1235659287891626
3303,2.295348101285374,1.9728883820796745
3304,0.6837819686721857,0.5987897495761935
3305,-0.6649502568422833,-0.8390803717778089
3306,-1.0467178213996358,-1.1680776304764509
3307,-1.2847954825427956,-0.929705720728025
3308,0.414580904737567,0.37053599706842966
3309,-0.4137985126017401,-0.48569637883015665
3310,1.0142485383348225,0.8537708493912595
3311,-0.017291218421479237,-0.0161170766771588
3312,-0.9267822173990479,-1.6829260369773569
3313,-0.6675726697316309,-0.6368628509885984
3314,-0.5160660524615935,-0.564993336317386
3315,0.4202824087532409,0.3628018409094349
3316,1.143334700226154,1.1188595005112034
3317,0.0630048051187007,0.0939087179868779
3318,1.081930165329687,1.2589423677235867
3319,-2.479037201547094,-3.513453097176524
3320,0.37332411081303185,0.4558108182840624
3321,-2.993747464987014,-2.8252402709048385
3322,-0.6480989070712698,-0.6604313868245972
3323,-0.5487396300094488,-0.5490151549722168
3324,1.7648970727984843,1.2064614620821719
3325,1.6681340317225941,2.093411716712607
3326,-2.0044483895046175,-3.077658215754569
3327,-0.28557267997159547,-0.4125736735090089
3328,0.25202895481247306,0.30622119568161693
3329,1.4253617719626388,1.1378474006230601
3330,0.6573877839345986,0.47088200646031925
3331,-0.7894974662713321,-0.8122290267683385
3332,-0.22990454584843845,-0.2852615774617004
3333,0.6416698773706881,0.7322473121035256
3334,-0.5355077508086419,-0.4867932674520857
3335,-0.15550535323229675,-0.18063186682970347
3336,0.8636010276046974,0.8607324767696929
3337,1.3040582340377156,0.8678683845997895
3338,-0.3513625989303753,-0.4049022289437561
3339,0.05985773429895119,0.05839148996884596
3340,-1.1340209484433101,-1.606056289852019
3341,0.3236396130772731,0.37172160149553807
3342,-0.04783673585955963,-0.048576338153544216
3343,-2.062476755727863,-3.9371357976491255
3344,1.4134406662351489,1.3358983127418576
3345,-0.5231926876210444,-0.6471176737244474
3346,0.07937378374750875,0.06815116810663147
3347,1.1006700819114001,0.9639423479735452
3348,-0.19267902248063629,-0.23116362783927896
3349,-0.23980040225680346,-0.2436117648150909
3350,-0.1691666145187529,-0.2301485530855074
3351,-0.10885624999142202,-0.12945846097392155
3352,-0.5517431528825202,-0.5419866540394025
3353,-5.954113776729683,-7.112479214525675
3354,-1.2791005387343342,-1.4345915712192971
3355,-0.23207870509055886,-0.259737137106938
3356,0.4762338899841558,0.4803898972474069
3357,0.3091443670887956,0.27769216204993363
3358,-0.23436131261571228,-0.1755299507769125
3359,-0.3531382391526867,-0.6201485802853717
3360,-0.2414866270146241,-0.27832155709635265
3361,1.2568177027865857,1.3995305951788466
3362,-1.8241726916983798,-1.4159653557367795
3363,-2.9620260007571204,-3.5588364564552455
3364,-0.21554103454564374,-0.19505718422023763
3365,-0.10044964434509726,-0.0851889640715949
3366,0.8088862725947378,0.7800031589558709
3367,0.606525781201686,0.42333152095752224
3368,0.29566456649910156,0.25785291109886793
3369,-1.0144884674846677,-0.8806154421316743
3370,0.2011148352083239,0.21966690785254833
3371,1.4786791972143871,1.4695591354889253
3372,-2.954790037240115,-3.0370517202211187
3373,-2.886146060502857,-3.15676389763972
3374,-0.3190093953320243,-0.35025465534946637
3375,-1.0910658638479749,-1.4475856158378
3376,-2.0862100639788514,-4.13954515320104
3377,-0.9191214377287819,-1.725696283721705
3378,0.17538611862662024,0.23115491726495074
3379,-0.945148801158425,-1.872453065245514
3380,-0.6772559918819402,-0.7796037076732992
3381,0.8335121210377378,0.7286023477081566
3382,-1.0451563280863851,-1.5220480746940366
3383,-0.08033245785151415,-0.08154917591547851
3384,1.3814800550620074,1.0246534221569958
3385,-0.734255040235156,-0.7907114417219611
3386,-0.041052039093171705,-0.044486545030403175
3387,0.5070505709366836,0.609505200768406
3388,-2.1950128584631203,-1.95060394529588
3389,-0.5548150852274987,-0.5577402951847894
3390,0.9998227179841073,1.081881279264842
3391,-0.3944475458720885,-0.6632836754304888
3392,1.5292196046199886,1.4306784374423402
3393,0.40720395118225555,0.391641150729693
3394,0.8540322170695509,0.8677004685971311
3395,-0.2157501563464982,-0.17498469618471585
3396,-2.845271310935941,-4.683020068043147
3397,1.226259438210894,1.0151570954438793
3398,0.6360687781814518,0.577623791181463
3399,1.1436827977860256,1.050270257746833
3400,-0.15643997609416396,-0.15068092084521295
3401,-0.4090974002341801,-0.3861849351552194
3402,-0.9415929948857548,-1.3132421676032806
3403,1.6304269401599527,1.635004666517981
3404,-1.6046800650065962,-1.9727272930547608
3405,-0.25286181272055425,-0.39157423267322433
3406,-2.9268856683368645,-2.9410008395696994
3407,-0.9213766730751428,-1.6959020547428496
3408,-1.6309239616635525,-2.025072019510372
3409,2.0546606818378175,1.6501449060678735
3410,0.4436268008142762,0.29265438741990296
3411,0.3769049833043015,0.3205794345901195
3412,0.6621387507945441,0.5392968326820403
3413,-1.2348864507312105,-1.207407993304446
3414,-0.63437996673258,-0.6473379361265248
3415,-0.3580638748560663,-0.2928891227217593
3416,-1.1283509441807886,-2.2345994642907763
3417,-2.4559759679618356,-2.959628055677631
3418,0.1615236948177587,0.1688825098903803
3419,0.26013674297498957,0.2545117947824919
3420,0.44173780602299334,0.5122903345236404
3421,0.1663407228157193,0.12477967088852598
3422,-2.2432404520071656,-1.5592447856317262
3423,-0.09355385336528688,-0.11364964906683728
3424,-1.5902832467216195,-1.6143734132472713
3425,-3.1716173561573564,-3.5602875459030194
3426,0.7977515964775294,0.6672599019644001
3427,-1.34524351289551,-1.9309734589381091
3428,-0.8360432261710445,-1.0802216292661064
3429,-3.296635564749339,-3.7761242575745757
3430,-1.959642454919397,-2.8121388810165477
3431,-0.6645465130622973,-0.9343226693033454
3432,-1.2384875316361748,-1.1482951030404303
3433,1.5107045043035712,1.0154394594012566
3434,-3.5982086895466248,-4.008742853617699
3435,-1.629761282699637,-2.7310020573694436
3436,0.2160412744088533,0.36413861214850113
3437,-0.04732070382925754,-0.04214118714930466
3438,0.7758362476908973,0.4981258138863299
3439,0.7152886097615551,0.6919913725352933
3440,0.15202877949044788,0.16923566301067502
3441,-3.409718661372697,-7.333701621833636
3442,1.1142791560731535,0.9021518271588821
3443,-1.9354440562090978,-2.410751069329519
3444,-0.5980818600293626,-0.8551649736848972
3445,-2.843327757175062,-2.89933443684498
3446,-1.388052988669577,-1.434130111131474
3447,-0.3268608088750719,-0.23615034220879794
3448,-0.0926324440130306,-0.07487781796539685
3449,-0.18424741215073268,-0.17805413469319495
3450,-3.043627349896424,-4.047184103740503
3451,-0.6538618796295441,-0.7362692197033519
3452,0.4863149941503022,0.5082034362332838
3453,-1.5192596367522595,-1.4857566638798445
3454,0.5470727784735873,0.5980421466079526
3455,-2.6851140700352176,-3.328122051614077
3456,-1.1743797747897957,-1.3057064589952534
3457,0.8864273275154871,0.7560131472741926
3458,-0.9586844028862559,-1.3016184595082203
3459,-1.7732422022291914,-2.608647255022098
3460,1.0641731981132811,1.4195836473931427
3461,-1.0626844393504058,-1.1462091872249973
3462,-0.4121712494458898,-0.4240919412596697
3463,0.17198035004594237,0.16265354175043403
3464,0.40476189156653475,0.3830023220093735
3465,-0.5131063950086384,-0.6685184601666723
3466,-0.4826376045325481,-0.4713050554666192
3467,0.6999455718299042,0.7545549433813209
3468,-0.3076675977816846,-0.4201038633472145
3469,1.4378480769915543,1.276127149184794
3470,0.12017375545982925,0.09905642570544561
3471,-0.18441274057081217,-0.24061372309792328
3472,1.3856292689271648,1.1039150180789035
3473,0.8014982214319547,0.5248038500360657
3474,-1.2480108104261085,-2.519041494156579
3475,-0.7937743242153735,-0.7616362744577942
3476,0.7686136939113474,0.4982034371422334
3477,1.385188951263492,1.143375564839552
3478,-0.7645837353097522,-0.9184784676854821
3479,-1.4241748126823426,-1.0842260570260895
3480,-1.1837266960300201,-2.6079335144876614
3481,1.115236189227238,0.9793735439119785
3482,-0.9352557482071869,-1.0234756987338516
3483,0.5414059116464456,0.6731089287910432
3484,0.3166399497376796,0.2626057781817447
3485,1.1788620897017346,0.796417590519829
3486,-5.614501051758241,-10.032244867737637
3487,-1.6685106471363864,-2.0284820300114705
3488,-0.11078716970755782,-0.09837625494760525
3489,-0.7597170474208754,-0.8653594557224549
3490,-1.1379968706352885,-1.5023507207706117
3491,1.4501969820410359,1.1665799532784071
3492,-0.48060694958925465,-0.6648735450070579
3493,-1.306661252533396,-1.7755385749357715
3494,-2.112375095824939,-2.5320696200574386
3495,-0.709209149660943,-0.6679095392761988
3496,-2.258547292802256,-2.0216708544653677
3497,-0.3627762193650169,-0.36819564578627345
3498,-4.930788383147879,-5.3321851437448915
3499,-0.6835213129691484,-0.9189766697554085
3500,0.5491044953580031,0.45975001537201676
3501,-0.1725724666373999,-0.13162454706373064
3502,-0.22028270020851193,-0.27338138469952566
3503,-0.5678337144062671,-0.5143828519184845
3504,0.9980297031273766,0.9247211945721588
3505,-0.8633356389730077,-0.8256350058401704
3506,0.05610789565829188,0.07581896276729298
3507,-0.18158164376718006,-0.19366371569279756
3508,-1.0151473551017764,-1.6960462356728654
3509,-1.360110772933342,-1.563164099568588
3510,-1.3522137330701016,-1.0615808619799552
3511,-5.597950352200927,-7.005213883186891
3512,-0.3311949787604945,-0.41401429248208416
3513,-2.4963635223380245,-2.373999122809843
3514,-2.37991521517782,-2.6275966807655493
3515,-0.22193889223268573,-0.23128630919335022
3516,-1.0761115903423084,-1.0779198060659625
3517,0.9751792611963792,0.8943348750342748
3518,1.3096801187590033,1.1240474634287831
3519,-0.031320814059201424,-0.0370151884907928
3520,0.10151187171512631,0.12077793171838877
3521,-1.0641234849061754,-0.9825018400069336
3522,-0.4607376085274001,-0.4107177261543766
3523,1.0622474646897704,0.6927327760522787
3524,-0.244357206967606,-0.2671900662264384
3525,0.02077068419227494,0.03965959228299078
3526,1.022680495519513,0.7633374504638575
3527,2.1071828417032856,1.536930941710593
3528,-1.0116186407048076,-0.9221413740752792
3529,-0.8170995782947358,-0.8056620393520478
3530,-1.637535714590238,-1.4271884594610686
3531,-0.8909664268377747,-0.977283185147112
3532,-1.230419892321448,-1.4112638600922225
3533,0.904710901792502,0.6370331411891699
3534,-2.1907422669411813,-2.694166540829931
3535,1.102554567497949,1.3146289860323328
3536,-0.0468702434176332,-0.03932836963749481
3537,-1.3432292271544146,-2.0495172650587623
3538,-0.7257281848217959,-0.6549048740536217
3539,-0.0395470211443947,-0.025601327637606197
3540,-0.2431344800955582,-0.21554554955174737
3541,1.195669190427271,0.982241032376861
3542,0.7514005656579625,0.776003947761989
3543,-0.7893494343093828,-0.640993966824743
3544,1.6149699567866154,0.9758392153595982
3545,-1.6967891148819199,-1.7987556817201846
3546,0.03180040921756873,0.03047685542005795
3547,-1.8523370384695046,-2.6714709421514677
3548,-1.1810425855358553,-1.9247275524636003
3549,-1.2611969289358769,-1.2584017963171492
3550,-2.1401095347493286,-1.9249515419480292
3551,-2.1381577823328373,-1.7163242790434978
3552,0.181385017130317,0.2045609438675039
3553,0.3433187484715093,0.27377727229747517
3554,-1.952023811985595,-1.5828522264522427
3555,-0.06894588248786696,-0.06301660404388382
3556,-2.6820643903128603,-2.7885013758808417
3557,0.0790793784220168,0.09724590563230588
3558,-0.850747993888373,-0.9341753049633813
3559,0.782337147737078,0.9819148554199008
3560,-0.09655325863463494,-0.16614146119455833
3561,-1.313982057151649,-1.6093942319499484
3562,1.5317630616213451,1.5285578325162266
3563,-0.5283314182780996,-0.5799022588755433
3564,1.4327164541723874,1.4219898583188721
3565,0.5464182458743413,0.492422605530449
3566,0.796550506726698,0.7313253592897796
3567,0.48669758724165496,0.4275072412493217
3568,-1.4209128189091673,-1.466237022898875
3569,0.2908225731027123,0.27540592728633617
3570,0.524673258723756,0.4594105059088023
3571,1.3829936755645091,1.0659511740392813
3572,-0.9438421390994731,-1.3849120909131267
3573,0.46291791651538416,0.393596541197922
3574,-2.1130920201619947,-2.0108242794521254
3575,-0.3904153088497644,-0.3635444450860825
3576,0.9837477117077058,0.8106249834458561
3577,-0.6949336013567811,-0.7056136142083361
3578,-0.09639063499165942,-0.09400787190604407
3579,0.9581126603501876,0.9373436907137418
3580,1.2651959387227274,0.9378331393483738
3581,0.6846837665597679,0.6686031689502997
3582,0.6101797015987089,0.351193544230674
3583,-1.6988804661086616,-1.7124436614212386
3584,-4.683187917304883,-6.267491539632569
3585,0.38692090530419104,0.4165727273571775
3586,-1.6545221238817862,-2.2990812186987974
3587,-2.095468140050019,-2.327286510052345
3588,-0.06525806722934682,-0.0704445861445979
3589,0.0006791244071965842,0.0010068427734471876
3590,-1.0924665615672347,-1.5437610634559298
3591,-0.49453337629216637,-0.5244869357461895
3592,-0.8899086044071233,-1.186069234938624
3593,0.993746629651111,1.2351144214415362
3594,1.58730981472156,1.6777768000389042
3595,-1.5824245272459414,-2.1063648743406884
3596,-1.8168472591296427,-2.6142462812444993
3597,-2.138046208594846,-2.8476585141864255
3598,0.08436941830848396,0.11001603835386124
3599,-3.5797173983204535,-4.3334798057901045
3600,-1.7806988012972647,-2.2590749968041925
3601,-1.5816846375628697,-1.528676311981697
3602,0.9096769216545771,0.9326686937432204
3603,-0.6414224510395025,-0.6314657971123301
3604,-1.5692694793931292,-1.836146740564997
3605,-0.5309712599404195,-0.3894613617951861
3606,0.3834422806966535,0.45455765783592966
3607,1.0322281108335665,1.0720851202501063
3608,-0.987970726133838,-1.2477685341719695
3609,-1.6038655426746706,-1.457090863391336
3610,-0.4318643742865106,-0.3631587702903525
3611,-0.27572929881984604,-0.4216707197837932
3612,0.3974283901092948,0.4577647182766381
3613,0.05706250344767214,0.08195580276309886
3614,0.187943744240731,0.2718959592663317
3615,-0.4830816063986745,-0.4623103309118341
3616,-0.7165357075334392,-0.7809733160084799
3617,-0.36438354299346526,-0.6107926885711991
3618,0.33285788231896263,0.31880459415856216
3619,0.3523477093508368,0.26933365967625617
3620,-1.0157848868156056,-1.1497324636939419
3621,-2.2678706596814164,-3.4537826118267874
3622,-0.11096717185863168,-0.14088585725368366
3623,1.4850601542050998,1.1457733631348015
3624,0.3499537914240268,0.27480709216563076
3625,-1.2339378125463352,-1.3588966141234586
3626,0.4513920761536365,0.3580526265479235
3627,0.46948169772072423,0.6397441436877546
3628,-0.4623966835962294,-0.5090282748021024
3629,0.4711501733196718,0.47819144636850786
3630,2.028144073368332,1.5722384651269912
3631,0.2833999355883809,0.1920872705435877
3632,0.38222706030987935,0.4565368493712115
3633,1.5595301978752905,1.1965600164173145
3634,0.6004897798183307,0.4602383192069157
3635,-1.7498590610889595,-1.6811093976656335
3636,0.06610917981809808,0.0940116840429783
3637,-0.03904706604329998,-0.04195926220336142
3638,0.3883126750979317,0.3247602889050981
3639,-0.0036961427803125463,-0.005507156437020242
3640,-1.1868255498513853,-1.7590616011946558
3641,-2.3802052070935207,-3.4006711418602946
3642,-1.1530159755309617,-0.927712757505018
3643,-1.7405525578269887,-1.7730679118111945
3644,-0.9546651798120028,-1.4413992868580048
3645,-2.699190870570703,-3.852994858637022
3646,-0.7268294864636424,-0.9257751264449142
3647,-0.40682034272916406,-0.5790556590629486
3648,1.1121344548401568,1.0138169829369752
3649,0.19876832258476906,0.20645388034956444
3650,0.013964872073116967,0.011448091989587813
3651,-0.5155763532417559,-0.7008816204798823
3652,0.9646833592917624,0.8850072808415917
3653,0.9336292063212936,0.6492122486444065
3654,0.6615760245810952,0.7096789483426512
3655,0.5476221774296202,0.6076331892679885
3656,0.5010979498559909,0.5854067696894255
3657,1.6520147122134714,1.066148030480555
3658,-0.41930586316446744,-0.5375361002924591
3659,-3.2410112881044943,-3.473811689435066
3660,1.5190614353429752,1.7785927530936059
3661,0.722442620459691,0.6947596834067693
3662,-3.158503909953461,-3.1243304416589823
3663,0.7554996442786764,0.7450505014194592
3664,-0.2655394673261779,-0.24094562888036813
3665,-1.8146880146412476,-3.3465603737874887
3666,-0.4724099932512784,-0.6435782631852508
3667,-1.036984159359984,-1.0303295271980595
3668,-0.8753951674617853,-0.9235089426794377
3669,-3.0333572358985377,-2.4567135744053825
3670,-1.1440719248639064,-1.0458170417308401
3671,1.3817584525202053,0.9779127903883832
3672,-0.09768537116853691,-0.11813622081265451
3673,0.8977318872748111,0.7357166076374566
3674,1.2912414136253099,1.0788829996990037
3675,1.4040751106698175,0.8320153020139821
3676,0.49693238850815763,0.5905161326923201
3677,1.0142229950512458,1.0935855372072474
3678,0.39961057647636405,0.3721853870444731
3679,-2.198522423520829,-4.259214863978489
3680,-1.4251715492012695,-1.6281392249803857
3681,-0.02880615457566252,-0.028234067188859898
3682,-0.2504578907168333,-0.3536871933598508
3683,0.8499988441019951,0.7463791130407874
3684,-0.1362464557093904,-0.17045854002332236
3685,0.24440414258446252,0.195857133549374
3686,0.8720482925720068,0.8367435796908796
3687,-3.3210847168724444,-3.9283236199976224
3688,1.7042911820756543,1.5937691659662043
3689,-0.5690780676705935,-0.595511839846223
3690,-3.706481598112919,-4.231543348895859
3691,-0.9621038992722145,-1.1530089433116117
3692,-1.6865109049617162,-2.291546032538716
3693,1.6353946108595345,1.8430142774620655
3694,-2.3062566154536164,-2.7242839539983885
3695,2.2243026791883542,1.9408318244720568
3696,1.2989997746427075,1.1754796215539471
3697,1.1216229871527061,1.1061009570150988
3698,-4.151875071553937,-5.838958813137304
3699,0.2977526143508226,0.2675013805811707
3700,0.23160784984717836,0.4853065910774293
3701,-2.9290543930529287,-4.367355113214944
3702,0.07298870423548728,0.07024419109774965
3703,0.8516299380930922,0.6555524888140788
3704,1.8013343142022862,1.493682109684058
3705,1.5835960005859664,1.1528730956284559
3706,0.9224713698180329,1.0275568744799115
3707,-3.7556523393008376,-3.9413656619260666
3708,-0.009952730176961576,-0.012414982583198385
3709,0.780383982520435,0.7843637793471411
3710,-1.8715953474581297,-1.8151774061579695
3711,0.19305643467815237,0.1641311346822884
3712,-0.0027532976733176573,-0.003436030381856402
3713,-1.4181886881113381,-1.3876914749456972
3714,1.3074152314194585,1.107684111289156
3715,-0.11032556430896227,-0.11282725654020036
3716,-0.8969501250242985,-0.8830448101764731
3717,-0.6070901244829069,-0.8086942527203987
3718,0.4886189576762831,0.44867720906980313
3719,-0.29241901405547566,-0.4103424960776014
3720,0.9880211623660753,0.9608723084755642
3721,0.1398998310357079,0.15063958316711995
3722,0.38136085276224174,0.3220180206317732
3723,-0.03783950755314321,-0.045736157564119057
3724,-0.15133897864203616,-0.14196784130507795
3725,0.9156833737428389,1.01671771656216
3726,0.5073121778177211,0.47418411619744993
3727,-2.6787498699749808,-4.640398057554796
3728,-0.28927941923449113,-0.35384796386297435
3729,1.166044295404087,1.0781069682334812
3730,-1.1527822877001663,-1.2685735210431228
3731,-0.21499853945644584,-0.21403001812014946
3732,0.3820791968097144,0.33314307999208426
3733,0.863148507547644,0.7103698538816734
3734,0.23803612191101642,0.20645960294684634
3735,-0.8326995007290267,-1.298405089538995
3736,-2.5978076808576933,-2.1586468586954957
3737,-1.2760278124443358,-1.6245025117889962
3738,0.8139619610437103,0.7557027299910727
3739,-0.44397534451742593,-0.4976041037666116
3740,-1.4997466450724506,-1.3159503914977322
3741,-3.078248477492309,-4.277939155488725
3742,-1.6119585227884663,-2.368561499360327
3743,1.616502163206403,1.7468243837012578
3744,-0.22401098812711753,-0.24462576342083858
3745,0.001655630959522203,0.0017274602256788813
3746,-1.4517408289442773,-1.1449744793682812
3747,0.022940339357198074,0.02408857348596358
3748,-0.2583447081948395,-0.31754058688907694
3749,0.2956371156554089,0.40105744699894846
3750,-0.08085822457024858,-0.08835479394408084
3751,-2.0969686279703077,-2.4051608360136436
3752,0.5248083294198332,0.5852397449942477
3753,1.1464595371770043,0.9147115527204349
3754,1.2526004951717111,1.2302704391629047
3755,0.8280034926954616,0.6029743614462343
3756,-0.5155060799313971,-0.6412652336946794
3757,1.2284197195498792,0.947935471672837
3758,-1.4603274322033566,-1.3096297176292933
3759,-1.479376985496068,-1.9172851430520323
3760,-1.6319381638475732,-2.0267949852035643
3761,0.3891422649884617,0.3032509424727973
3762,0.3068063818084809,0.30059364306042025
3763,0.6874035802626459,0.5555199838687357
3764,0.22511138578665588,0.21066998347064755
3765,-1.0614395593975585,-1.252685025870475
3766,-0.2004389871933753,-0.226345106674099
3767,1.2423512045475473,1.2673283726560476
3768,-1.2582896625440692,-1.2598634099588852
3769,-1.3957385102882198,-1.8229595357235868
3770,0.4451316618982728,0.4257421867724599
3771,-0.7450495886016603,-1.3536545377890699
3772,-0.01562716716793096,-0.011553685884031113
3773,0.7174091986316848,0.6855335305558933
3774,1.0407684667426866,0.846755627662669
3775,-0.34513986699825544,-0.5107918518533837
3776,-0.6378975627175366,-0.7526630464030728
3777,-2.281769045862277,-2.505214566386061
3778,1.1584352560649378,1.0489956734812529
3779,0.5044565341418822,0.6614482323075533
3780,-0.7068328299953665,-0.6820860103095157
3781,-0.8910545884339076,-1.2224769411762835
3782,1.3386440580392394,0.9134542919102724
3783,-7.80784137711136,-9.035782825875499
3784,0.8961997046432768,0.7010774397233722
3785,-0.13356649235668502,-0.12784659866083445
3786,-0.06928316373635754,-0.060421988247161336
3787,-0.18772756474322702,-0.1508888873933213
3788,0.2732085010713428,0.47364886641473125
3789,0.4297717341663439,0.6717019801883238
3790,1.4650462504733175,1.1827461355785327
3791,0.22449682224002418,0.3438909036732274
3792,0.17487569263634795,0.22809798969171136
3793,-0.7877920884846485,-0.8547780760470977
3794,1.2593819266951563,0.8841963824297985
3795,-2.628296128324934,-4.933531534420737
3796,-2.6969685135125094,-3.010761001534011
3797,-1.7356789375067962,-2.402522904634111
3798,-1.4976710450540274,-1.3903250629698611
3799,0.8894403579807449,0.9796879105989205
3800,-4.200913834556689,-5.0897695160635745
3801,-3.1873200589289605,-3.2941238811357105
3802,0.866359244075633,0.6567241515055283
3803,-1.699510524795371,-2.418853420489497
3804,-2.483024858408621,-6.028748982240942
3805,1.049871293963787,1.2788171556444334
3806,1.2708197535987134,1.117914368284548
3807,1.5702069349067929,1.1484312418702973
3808,-0.5681312319667234,-0.648612555429497
3809,-0.851531450079065,-0.7110322737252248
3810,0.623498871255544,0.5767858264952874
3811,-0.2841513794941865,-0.41079772022878613
3812,0.8598869800511393,0.6555591459157477
3813,1.3957594823365527,1.2727636627685666
3814,-1.4237345006798188,-1.5901949440906462
3815,0.9597042215293219,0.719392805021678
3816,0.5938740124075583,0.5531058258805198
3817,-1.418891358303177,-1.8045036001277188
3818,0.3795879191407242,0.3164055509162059
3819,-0.3709711087951879,-0.3519997229214177
3820,-1.0277283383830316,-1.1619437781117887
3821,1.5515691351958318,1.2453102928540702
3822,-1.5613816899256123,-1.8436685280533969
3823,-2.152868109000596,-2.501029124372862
3824,-0.7287692234742897,-0.7842306158947452
3825,1.0994369129734656,1.1117349228470563
3826,1.727776489867548,1.2622646503498567
3827,-3.1184043169553584,-3.70865093916765
3828,-0.7860615765076172,-0.8418477804911048
3829,-2.6872513257104056,-3.52720612689507
3830,0.3420905311557232,0.2820837174988656
3831,1.3763107822707747,1.0097841637283138
3832,-0.7907268933755912,-0.8203975095220502
3833,-0.3916793968507622,-0.5507975526265477
3834,0.4602973268611683,0.5987917378387814
3835,-0.04627694474132066,-0.05247594557747803
3836,-0.5039952867066884,-0.5164724046187898
3837,-1.206487828425552,-1.5202028436256614
3838,-1.6148628630764397,-1.7807941259017708
3839,-4.623221655870124,-4.991201182053532
3840,-1.9168680911607239,-2.7467680290015823
3841,1.5170185267221619,1.7038376837829852
3842,-0.953715600187874,-0.879768547832664
3843,-1.8452069596160983,-2.141824687550578
3844,-1.2046371088185057,-0.9564602462057743
3845,-1.8396048516524757,-1.578312483974756
3846,0.074428798900771,0.08703457114329544
3847,2.7142067974739454,1.71446265225296
3848,-0.4264684118010977,-0.6393956464456753
3849,0.352368311244007,0.30522155449042504
3850,1.5273070543310268,1.069303751754939
3851,-0.1709110418768684,-0.18565645916425372
3852,0.9948539400734789,0.8827091674486917
3853,-0.14752266899228572,-0.20797598383892096
3854,-0.15350789155141664,-0.12544862766857715
3855,1.5957515836837846,1.785770997083023
3856,-2.8852699608723222,-4.180956840771551
3857,-0.2707517081600753,-0.3070946196056575
3858,-2.2918879952422495,-2.2802202805642606
3859,-3.624831074852731,-2.8389769171690604
3860,0.18645596181646693,0.19239879293538284
3861,0.7541567924297153,0.5827582958431395
3862,-0.11009442492092789,-0.11864218408037328
3863,-1.7928156225741838,-2.788468736480907
3864,1.5345988857352946,1.2488026319758643
3865,0.554963761132973,0.593413942889192
3866,-0.3313077523541107,-0.4263163502636067
3867,-0.20281721397486502,-0.16500285773233364
3868,0.19189934158330543,0.19096951483632946
3869,-0.8715255836523697,-0.751498690223089
3870,-0.7134482335104818,-1.0966637131538663
3871,-4.196436835997835,-4.433287963439278
3872,0.46835755503921817,0.5489320129246709
3873,0.16214379249217517,0.22800313568951425
3874,-1.400510648553107,-2.070305072722374
3875,0.10456014911312217,0.09911113491814648
3876,0.5474905607896411,0.5770768677049328
3877,1.6898762644442467,1.034095245574976
3878,0.433949106485597,0.6472425371405949
3879,-2.093156889483103,-3.6993341748327246
3880,0.7108463307262246,0.48597684793173856
3881,0.4913679958452025,0.48076774501761815
3882,2.001991437995143,1.597047746486614
3883,-0.35070944199937404,-0.3064935417493913
3884,-0.3495443629147668,-0.3665671468375973
3885,-3.8500008453742627,-5.654616608560743
3886,-0.13618212912659053,-0.12421966696069847
3887,-0.6164685454961903,-1.2273808504272206
3888,0.9196975323083966,0.8357412152019046
3889,1.648324995369875,2.516124875398195
3890,-3.3388627463169884,-4.0856412267174305
3891,-1.4774730729223235,-1.465720239806877
3892,0.12271541740255076,0.11398574481605639
3893,0.13108236504793772,0.11227253039138352
3894,-0.3080242548208168,-0.22924742365165837
3895,0.8093193774440514,0.8026418133710718
3896,-0.9777051389779056,-2.2494583540759674
3897,-0.528783083910453,-0.6113627946623413
3898,-0.6846607048054418,-0.663981897042819
3899,-0.12016729288222958,-0.1645482104297566
3900,-1.2056961545972793,-1.3058260208878407
3901,0.6651649475881133,0.7207529715799764
3902,-1.5346817476258718,-2.164920178116912
3903,-0.2986234892223854,-0.2823351880028467
3904,-2.811914850529935,-3.5317015273421095
3905,-3.5535649278090675,-4.762134448628614
3906,1.9003448961839464,1.3408003243895341
3907,-1.8984901796242324,-2.162204175117797
3908,0.2228748324445831,0.39194648546947464
3909,-4.032869232458622,-5.190279095402741
3910,-0.4554943253696595,-0.5878048397945481
3911,0.2748827412919528,0.3004686388187347
3912,0.38280706704832484,0.7107325380542219
3913,-1.7676743312260954,-1.60132272414573
3914,0.006084571955288708,0.008128218964018058
3915,2.1269131960969645,1.7138375579313705
3916,-0.2738416879251457,-0.18129382075047368
3917,0.16818243630188423,0.23739535101937972
3918,-0.390230785271224,-0.7094100675630403
3919,1.1942894143407765,1.293623237860608
3920,0.6497621387403535,0.5700726501922019
3921,-2.9502223972780817,-4.384972412842436
3922,0.7649505168616539,0.683106777960115
3923,2.0054928651376724,1.3875609691774053
3924,1.9338592123571114,1.378241896353727
3925,0.11320276611472377,0.13426864889478218
3926,-0.16347290962707797,-0.1877045902184421
3927,0.9150749924830696,1.0581707596228518
3928,-0.8502433969956468,-0.7331720577447709
3929,-2.396640058838018,-3.4706384536001584
3930,-3.2098721112776727,-3.9526684744809804
3931,0.6736191036829126,0.6509263025425102
3932,2.338317966490238,1.9779459527732717
3933,-1.4032176257412385,-2.542673219184771
3934,-1.4887178149485178,-1.754076770887624
3935,-0.23209099919699325,-0.2797781627978353
3936,0.06100309102449789,0.058733936668459566
3937,-0.6063801671775791,-0.4150176719191442
3938,-0.464362232425117,-0.5899466870080212
3939,0.1341185843723885,0.12218282380679504
3940,1.1525179800752212,0.9700676666367203
3941,1.4915241831136556,1.3148639646077984
3942,0.19852907225316488,0.2266520055221327
3943,1.1719133334370075,1.1928928576435218
3944,-0.34872160603597835,-0.5137643864615768
3945,1.1610359414143412,1.0273001218365363
3946,0.1468056051113146,0.14583799981494874
3947,-0.832482576721587,-1.1692024142698645
3948,-0.6560580996327632,-0.5437684821631202
3949,0.5105016051769188,0.4578188048034317
3950,-0.22233620941537305,-0.26576127473097433
3951,-1.7199026282486822,-2.645848026602329
3952,0.5118064531470357,0.3649329584485311
3953,1.0861633592878794,0.9114355522519613
3954,-2.9675089164210515,-3.343982507760239
3955,0.5633846373335395,0.6599210803597922
3956,0.11911585968102693,0.1347454512647025
3957,0.7953470045475568,0.6561875431975172
3958,0.3648124358627603,0.4710106742334138
3959,0.9817424821210161,0.8317470225370149
3960,0.11093855513993638,0.10751678909076665
3961,-0.20621957641032623,-0.18182798777712786
3962,-3.3513964112258274,-4.080610327783189
3963,1.075621409751808,1.0447115674247636
3964,0.848656914354183,0.8517200185047283
3965,-3.536998975025103,-3.0748165944509176
3966,0.8176122087459025,0.6478127272182727
3967,-2.656191171540403,-2.973512740042257
3968,-0.1876945444485244,-0.19767012855870714
3969,-1.8172550808406855,-1.5755849722154256
3970,1.6269509895342422,1.8787184170821698
3971,-0.3261089390712089,-0.4106396933341677
3972,-2.335114398900953,-2.3731712359569723
3973,-0.04628127654667192,-0.04821898262830208
3974,0.9778843975256077,0.7143507734147697
3975,1.325774718934907,1.4584313516394427
3976,-1.927041881060829,-2.0249502173113463
3977,-0.4583049658701207,-0.40270547208735663
3978,-0.7508545398416904,-0.9691779739326866
3979,-1.2376716238486363,-2.0216855724927534
3980,-0.27636521109218154,-0.33499426357107537
3981,-2.4080595627897248,-2.830463603712833
3982,-1.0853818005621196,-1.172591131825243
3983,0.35560829705864827,0.3337344499306546
3984,0.5832690034900274,0.3526128556127326
3985,0.6306895422543125,0.607385189213989
3986,-2.3552307114998716,-2.990768205352257
3987,-0.45870983522674985,-0.5299654085340683
3988,-2.012535039830335,-2.490527141955096
3989,-0.5092140151026806,-0.9474594748795827
3990,-1.042686093308584,-1.341984474824143
3991,0.1763287847551586,0.24229890189552236
3992,-2.9148262624652626,-3.978120272822229
3993,-3.5034447839009104,-5.373242554709605
3994,0.5447939834567826,0.4595312707669172
3995,0.7386786562820923,0.672444846926397
3996,-3.927964774003788,-5.823686285518786
3997,-1.6886065844348674,-1.8170636429145124
3998,-1.1917596929047152,-1.0268454840047276
3999,-1.231984751185975,-1.489641033123237
4000,1.0975962529627272,1.04995061759058
4001,-0.06762477192760304,-0.05915402518160396
4002,1.3606316299287502,0.9320096994613813
4003,-1.0104810470811088,-1.3077687676630385
4004,-1.3585342413467532,-2.171175372176549
4005,-1.1502386290767213,-1.9263250039564515
4006,-3.3054018294886083,-3.1870615243761464
4007,-0.25498398938576483,-0.30352714168776995
4008,0.2936579110981709,0.37382969950409783
4009,-0.1394865704520104,-0.13918788888965392
4010,0.7842244372308664,0.8367677161858945
4011,0.8599320141908108,0.7013221120772828
4012,-2.0770411569274954,-2.804758248544806
4013,1.6509630733251965,0.9217662147360376
4014,-0.5642630960025402,-0.5073498906854351
4015,-0.49313112695947636,-0.5825341008813067
4016,-0.2613712070605949,-0.36155895898713486
4017,-2.141760286668763,-2.8547577619992963
4018,-0.5210775441464931,-0.7204031376123081
4019,1.6210235620262248,1.3082841232123745
4020,-1.0251654433151727,-1.1105119401185242
4021,-0.5029133607504689,-0.44416102663266765
4022,-0.9351108732223375,-1.410875662914787
4023,-0.03279391368676674,-0.04295372305625391
4024,-0.3622762362594814,-0.3545876462770546
4025,-1.0068543652572544,-1.4769423876258139
4026,-0.036653577132723825,-0.035629163520534975
4027,0.712474216357287,0.6184022317410176
4028,0.9843029457608813,0.7669669146695142
4029,1.9193646255348675,1.6648059097173584
4030,0.6790107872912275,0.5414336980435748
4031,-4.503120580852179,-6.553540465890812
4032,1.4642741923956155,0.9589736481552803
4033,-0.601807164577568,-0.5883837166661505
4034,-0.530116607140068,-0.6153351441683522
4035,-0.6046848584819057,-0.5517723760079011
4036,1.023464733615784,0.8373861944997001
4037,-0.8346043551534388,-0.987554881180807
4038,1.0642578893293986,0.8678355998917014
4039,-0.2348787356489365,-0.28393277099394826
4040,1.1517558457870196,1.1516430903554704
4041,-2.3533386159913534,-2.927461317788125
4042,0.5671746685039171,0.5687800965803693
4043,0.6619987834214602,0.4733522819163633
4044,-1.579126095798219,-2.6530222311239418
4045,1.0075445445589981,0.7287461224165348
4046,0.5210540238293214,0.7279631211066945
4047,1.552378093275428,1.983892983075125
4048,-0.035447675954968796,-0.030201457142552658
4049,-0.7559109111864833,-2.216167715365434
4050,0.19543214080059537,0.18494563878338588
4051,0.11105909326406896,0.1681534293447452
4052,-0.9317167175638422,-0.8865557781390554
4053,-0.08139900925138688,-0.0754624230256288
4054,-2.754917672985651,-2.6175024034158483
4055,-0.38794639887575605,-0.34972333453949345
4056,-3.6761619963808227,-2.651336604991758
4057,-0.7282278132619023,-0.9616103129905721
4058,-0.21685787281139604,-0.23437846254066919
4059,-1.0834777469005967,-1.5464241814702555
4060,0.6685182034568724,0.5721098444574587
4061,1.2924607172664957,0.9336514408950218
4062,-0.5680457686962564,-0.5500764008267054
4063,-0.6550446142218638,-0.6791999390957213
4064,-1.3959679452694602,-1.4597754402059648
4065,-0.6165997415721787,-0.7192749696249854
4066,-2.1891033861852365,-3.7846802673337776
4067,0.07636813363550705,0.06367250043544663
4068,-1.2017363763317075,-1.133398542409912
4069,0.24454824741638173,0.29985730975755515
4070,-0.2389316365878398,-0.22914992719978072
4071,0.8306801596807311,0.9609527182578548
4072,-0.2513587785520384,-0.28102258736720725
4073,-0.8843116496990857,-1.7836985906713883
4074,0.4944449211169824,0.47017291985019044
4075,-1.6980591768695605,-1.862174689554332
4076,-0.13852139752821901,-0.1438438759569428
4077,0.7742664884571574,0.8122243389439759
4078,-1.3820453322704975,-1.3550644423349467
4079,-0.2653354083977162,-0.4599064612989612
4080,-0.06252551867237698,-0.053099836944515
4081,0.4549500498451044,0.668840548559925
4082,-0.1639674006400742,-0.14388331370973667
4083,0.5156741299646097,0.4404662045007158
4084,-0.8858745344523287,-1.2001726566316313
4085,1.7171550848410009,1.3974922592305392
4086,-2.199709540768011,-2.5500163820529504
4087,-1.1239272582941071,-1.504640127745956
4088,0.45788545174416384,0.4894137734576889
4089,-1.012515391037489,-1.9291611571806495
4090,2.355441025614116,2.4088184313375485
4091,-0.7997265797670454,-0.812097921304404
4092,-4.716526254232381,-6.302931348854587
4093,-0.19857456971575158,-0.14928385353496426
4094,0.05922132937881247,0.06446887173247683
4095,-0.1730608533667637,-0.17616991579252744
4096,0.8879247679151373,0.9398992986147059
4097,-3.445009093853365,-2.9632802288270117
4098,0.8624245646542822,0.8148707016688824
4099,-0.6775528854592098,-0.6647828422456833
4100,0.9298483069058083,1.1658235735399551
4101,0.9944671843782873,1.0694509024846506
4102,-0.1795584929272373,-0.16235141433725053
4103,0.5558224739729145,0.7061506756162845
4104,0.1617751833191541,0.18397773856996646
4105,-0.8895163438874546,-0.6580314741503039
4106,-1.6107768424687814,-2.3691337892376865
4107,0.049325731731152456,0.06267539141152349
4108,0.46606387606477556,0.5385349988069678
4109,0.733667454431187,0.6743268489445547
4110,0.3326173856604591,0.3680274091081007
4111,-0.05725848751296239,-0.04861392403602619
4112,0.1938606804061242,0.23189454296721024
4113,-0.481860845219111,-0.5254139722156274
4114,-1.6217775167045347,-2.155760134076125
4115,-0.7704949958676489,-1.290556470831922
4116,-1.1611955406500334,-1.097854048975835
4117,-2.254563001788403,-1.7937039365361735
4118,-1.4393252048222418,-1.5326681313028276
4119,-0.6779072040756187,-0.8125308044335524
4120,0.01813704700157026,0.019724638491327034
4121,0.32913307020786803,0.3111067297037935
4122,0.595380460321092,0.8095823192607429
4123,-1.0852024219018108,-1.9717306250729567
4124,-1.862386562457831,-2.225807579812795
4125,-0.6481470393912938,-0.684321288500799
4126,-0.13303525124348875,-0.13022684063231535
4127,-1.546750610308895,-1.6895152025732485
4128,0.9298843451956149,1.0021075247516211
4129,-0.9289183622627039,-0.7883821477911309
4130,-2.7713072795758986,-2.2053292889771967
4131,-2.1448644644917763,-3.3579080233778424
4132,1.074163893420435,0.9880849274503645
4133,-1.5514338696093497,-2.2038827350553554
4134,-2.126865735933306,-1.789792896376712
4135,0.25023101618372984,0.28251500251927886
4136,-0.043117130041697475,-0.04014204595259881
4137,0.6315492545630143,0.8010986113077944
4138,-0.8137404786511313,-0.7688390692972136
4139,-0.4427758390036335,-0.44102690018931384
4140,-0.5293010450055889,-0.4942625738020249
4141,-1.0795570434626647,-1.225975007510062
4142,0.6793754228250697,0.5871522357423723
4143,-1.7549256228263508,-1.6790788316213325
4144,-0.3878755143286727,-0.49006132112727574
4145,0.6965011141526869,0.46189159347151787
4146,-2.975318593941519,-4.161204370407116
4147,-2.9165463589882528,-2.508546389565642
4148,-1.6027022184819835,-2.033033832014885
4149,0.5498522698290368,0.5959253377875634
4150,-0.01860119290196033,-0.020497763610002873
4151,-1.313540056840848,-1.365297733112559
4152,-0.8341064238267104,-0.9553861458900101
4153,-3.8292987873498547,-3.7860009878365553
4154,1.2058490238714143,0.9530112041707667
4155,1.7797354817222673,2.2638129377701985
4156,1.8371134827581674,1.4777412858284025
4157,-0.6583282093951389,-0.8802491942785531
4158,-0.9384541664002857,-1.00571218999013
4159,0.15357142517493944,0.15098813665380997
4160,-1.167751014657712,-1.0693167485004929
4161,-3.0583975109478474,-3.282682803995839
4162,-0.32266891930292474,-0.3809317329314354
4163,-1.0880463843926222,-1.4694566285861599
4164,0.9975925302469881,0.8097665577770066
4165,-0.3784242865624161,-0.569016269059049
4166,-2.8041351083393464,-3.4057896624421566
4167,-0.4908224460169153,-0.6245210360303849
4168,-0.31159641543770045,-0.4394214338128624
4169,1.3315553404380038,1.0954280238947778
4170,1.300412763088651,1.0986252020850014
4171,-1.1763347987121104,-1.4989572923182817
4172,2.4735620793066,2.0138730532225346
4173,-0.01789899235421197,-0.022573928180213747
4174,-4.757234580594332,-3.6009664590808135
4175,-0.23890818602541522,-0.276769677547207
4176,-3.1962821465698883,-3.6226705637037795
4177,0.47442295850161015,0.5736143958565632
4178,1.4347520820328252,1.3411055046888989
4179,-1.539725834802011,-1.285964691884835
4180,-0.6927873596320342,-0.7737282699026609
4181,-0.49756654694466695,-0.7691263559607234
4182,-0.16400082732834445,-0.2588699183527889
4183,-1.3710650615260342,-1.4740738505590782
4184,0.347325565456738,0.29088128519633116
4185,0.5006037433204122,0.539722601313037
4186,-1.1988508366646937,-1.1906239494077018
4187,-0.42906276577246705,-0.31439130178849617
4188,-1.1406956615740602,-2.122212522376517
4189,-2.39551401188115,-2.4849264379420406
4190,0.09645104264815633,0.09969137513683943
4191,0.34880977392030543,0.3525605425891479
4192,-1.077043457209717,-1.6750828340722643
4193,-1.7791368004108414,-2.0807853199241526
4194,-2.3463296416381625,-2.69925038049806
4195,-0.3958882479989535,-0.31895132339953675
4196,-0.9248684088577092,-0.9690436283570093
4197,0.6961619885784766,0.7455513698320738
4198,0.6172639636646841,0.546814189111705
4199,-1.8350065978534174,-2.0909732926005007
4200,-1.0502794192474503,-1.3381002699756734
4201,0.3910271029825143,0.4040034225222325
4202,-0.2545071098697987,-0.278436494906733
4203,-2.033576065140054,-1.5506175224805658
4204,-1.97802800079018,-2.44654589763738
4205,0.3460767829591497,0.3355030531053811
4206,-1.386100052756253,-1.1156103579308145
4207,-0.6443313913486666,-0.9581306094462791
4208,-0.4309565672074721,-0.9779810459057395
4209,1.5900594737858986,1.3005812027965507
4210,-0.8432507090828435,-0.9780546042304923
4211,-0.8850608129099743,-1.5501527644085136
4212,1.2694075379022167,1.0222602825694356
4213,0.3872423054441077,0.4278718020656128
4214,-0.2396969920728359,-0.2940772186160402
4215,0.7589744653575804,0.6250050329244862
4216,-1.5664766937615302,-2.5150906087919513
4217,0.6746978006363671,0.4840516878324043
4218,0.23913000967729936,0.21466789198964256
4219,-0.2575892923843503,-0.3128321029170325
4220,1.3163523063048788,1.2951184826803788
4221,-0.15241314495177613,-0.12983149101641545
4222,0.025001096229331356,0.022958821695034097
4223,1.6391637659191196,1.2119477696461616
4224,-0.21068818642827,-0.22752482592076784
4225,-0.3295234849168859,-0.4718378820008185
4226,-0.8492838600730894,-1.122815493344003
4227,0.5704944975942233,0.5100492541472462
4228,-1.73171277929554,-1.7697984766448642
4229,-0.5960824852148859,-0.683661500474782
4230,-0.2141879325705785,-0.26083145293798915
4231,1.727737364078456,1.3105472104455609
4232,-1.8016700019013483,-2.700920556173293
4233,0.2576805767182256,0.17304321629951563
4234,-0.4327453332777505,-0.4504229071458213
4235,-1.3850071720337778,-1.7510799028498911
4236,0.671331195161557,0.6749268949158239
4237,-0.050177637906021005,-0.060202311328696724
4238,-0.8203786640959403,-0.8256786792891414
4239,0.2400704348411948,0.19980499255777315
4240,-0.9638792763454479,-1.1498181283174191
4241,-0.32517418619131705,-0.32865970262525557
4242,-1.295199176138892,-1.9461301412536736
4243,0.3698411842858408,0.34165254435524406
4244,-0.3452236006133298,-0.29311065510101986
4245,-0.5503791845185987,-0.5391615550097951
4246,0.7138450661396537,0.6233344150493493
4247,1.4338734894774903,1.1889663318311892
4248,0.9023720057338112,0.8524294689361172
4249,-0.26053835555664445,-0.2840666669135458
4250,-1.0513371554854152,-1.0652934031440189
4251,0.097528729490702,0.0798718846567052
4252,-0.5888017119246102,-0.6796115835702322
4253,-0.1841597165380048,-0.16590185230667434
4254,-2.3605385176852156,-3.253122442351591
4255,-0.2567964148731509,-0.19176423667422812
4256,-0.5859884095547667,-0.5410679061255937
4257,-0.9181454600852107,-0.9292831050404051
4258,1.5419264029796225,1.4318579061920664
4259,-0.4632440606966837,-0.47835583354778105
4260,-0.9869444429744149,-1.013469940251597
4261,-1.1499276164498182,-1.2819192141477838
4262,1.2920247596708654,1.0713433480306223
4263,0.06865142614490434,0.0668108244117671
4264,0.0329338575936913,0.04023477697626652
4265,-0.6410973761645988,-0.571970523109048
4266,-2.441481428799219,-3.0170969482890566
4267,0.7434166606247373,0.5594737728434589
4268,-1.6830266925908144,-2.453909395917279
4269,-0.34045424425752785,-0.3761889731004386
4270,-1.7998693046809318,-2.810623664435039
4271,-4.7381854003382875,-5.582895168117307
4272,0.8993044721504809,0.9479287686756851
4273,-2.1599703294539134,-2.3469896180154306
4274,-1.0273141967614974,-1.4688554329782415
4275,-2.7978246473585577,-2.4040009202279196
4276,-2.3957103564558624,-2.644869260067297
4277,2.763533219974274,2.408615478971528
4278,-0.30592230102237755,-0.34923890725848206
4279,-2.6166407892304098,-3.139077474616467
4280,-0.03384525259950345,-0.04319467876885129
4281,-0.911935820311135,-1.2847642130533845
4282,1.3421528659878308,0.7704889978629955
4283,-1.8981486984272553,-1.744436376253403
4284,-0.21603777928953938,-0.20474531338249088
4285,-0.3242472950301161,-0.30313416979516966
4286,-1.7820255863832233,-1.6243333114758296
4287,0.05651114635570263,0.05310621686790013
4288,-0.3323079080630856,-0.46958781556690177
4289,-1.4571181687212649,-1.2283649432489396
4290,-1.4090361623346073,-2.2561638840786467
4291,0.6911251263813595,0.6438343457121845
4292,0.01581133918485165,0.026209525179287596
4293,0.8675696210011437,0.8060712707019593
4294,0.2444639819740056,0.18745517110586846
4295,-1.5419239475449573,-1.167815916522612
4296,-0.6339525087026825,-0.754424930315306
4297,-2.359644129048997,-2.766960229669807
4298,-1.4509932015214013,-1.671662612890319
4299,-1.8921118953246796,-1.7106780440106477
4300,-1.3557078035129533,-2.982805540295054
4301,-1.2532700618594026,-1.8416636826089452
4302,-0.9773323794768033,-0.9749241212310816
4303,-1.4066242617967968,-1.2995250210533136
4304,-1.970234658570958,-2.6126007656299204
4305,-0.7673854769640542,-0.9439392294406057
4306,-2.422739345896136,-2.3436938575148605
4307,-2.2322456646990743,-4.6531628395567495
4308,-0.8479094703579406,-0.6673489325923115
4309,1.0564293955438375,0.7982353327310268
4310,-0.7746635962418095,-1.1745219301669956
4311,0.0786200830820122,0.13373985322239212
4312,-2.421898421581971,-2.792725036487986
4313,-2.2742672124097068,-3.249847664277466
4314,1.037624348551519,1.0832376510714092
4315,1.824840060727844,1.3789027458945686
4316,-0.2760953619215561,-0.2665849663422003
4317,-0.5810324205481341,-0.8854827220569189
4318,1.8296064286825064,1.2918301361822997
4319,2.467270646593106,1.7868756846370484
4320,-2.462260160539664,-3.5292937701297804
4321,1.0675487834829847,0.7380222453663497
4322,-2.803290831160535,-2.9353282820674544
4323,-2.0099253202751983,-2.4158850953560913
4324,-0.13592223202330267,-0.13531370637280477
4325,-0.2403847103438281,-0.3083320782390741
4326,-1.1471841404100716,-1.0375401308358658
4327,0.5578871139548227,0.5640172674444804
4328,-0.3756336752977227,-0.37571123595267275
4329,0.6500718006402102,0.5345553418664873
4330,0.9671328738876556,0.9011283371859903
4331,2.0958851874563527,1.7987282097374715
4332,-2.092988146402222,-2.41052513434633
4333,-2.271138312006791,-2.465092278343377
4334,0.8335682736786134,0.9379348430464913
4335,0.20044437714196883,0.16857220132891965
4336,0.11319672234261821,0.109591251004079
4337,-0.584386647225452,-0.559618122766476
4338,1.463886845422598,2.0296871139783077
4339,1.1340006688482145,0.8039829022190008
4340,1.296022487822928,0.9869621764810333
4341,-0.5125156986743393,-0.6015901909347714
4342,0.3643318707842368,0.2773428730732651
4343,-0.8193471984952454,-2.117326688160468
4344,0.694002108294176,0.611796351736629
4345,-0.530853497112062,-0.4359401070036656
4346,0.14023278497261116,0.22446288074437923
4347,-0.13043224425356112,-0.1711577343043887
4348,-0.3779941034619747,-0.4536673279044008
4349,-3.487104576609614,-3.9276867200469376
4350,0.7860762409064845,0.7555305028089266
4351,1.0287242017941687,0.9719927067991365
4352,0.7154404743108114,0.6931529834031549
4353,-0.46473693204576566,-0.4444905288394804
4354,-0.5601225425864466,-0.6491533597841677
4355,-0.3745985853759493,-0.4340267078202523
4356,-1.406109126513651,-1.5953780949061238
4357,-1.423527011343971,-1.2800735306656486
4358,0.8013296754075461,0.8022704865127579
4359,1.5137127330865987,1.656860766519526
4360,0.4113766391646232,0.4257005552273778
4361,-1.8908178677122651,-5.670003308038271
4362,0.5651749479146349,0.7840656472361297
4363,-0.20845751873695953,-0.23435338080169277
4364,1.050623771779451,0.9830722563936846
4365,-0.9142501194914818,-0.8338988387909408
4366,-1.5333896543335508,-2.5654109815960107
4367,1.968338993066109,1.6006812496156222
4368,0.39170386588861883,0.3774825549620941
4369,0.46547582256291553,0.5942237476190634
4370,0.2836073055527273,0.23308209381841247
4371,1.272521043629238,1.05479072926906
4372,-1.6732534611975713,-1.5295327200636193
4373,0.053246711383657906,0.06099336911467878
4374,-0.6179775132984041,-0.7698351057174442
4375,-0.6621407008049991,-0.8447819792911991
4376,0.05841165600809266,0.13590216845057992
4377,-1.9808804523231187,-2.7081087549348006
4378,-0.9654390104886887,-1.6649654371829807
4379,0.24378299431446737,0.2670624821067596
4380,0.6517071242022081,0.897100675797163
4381,0.7430291665241587,0.7850846280137047
4382,-0.013891827510723563,-0.012537312670380442
4383,-1.0554873913519816,-1.3497057003117618
4384,0.19534410386501788,0.2078216420560079
4385,-1.6070011324294615,-2.133096452339592
4386,-0.8453535146596649,-0.6994800228709455
4387,-3.5780116701737863,-5.294599161701877
4388,0.5644307238677367,1.053651832980918
4389,0.43341292294308054,0.4297057076652678
4390,-1.2854259286505878,-1.7298184295599397
4391,-1.0273372511635024,-1.9333765890551837
4392,-0.16642196902839307,-0.19257352078194553
4393,-0.5075687258437607,-0.603293817618194
4394,-2.529611241160996,-2.061412771417448
4395,-0.049343437864845706,-0.05996672538778152
4396,-0.6384758144140259,-0.7621969047706864
4397,-2.350643696693171,-2.310219874425216
4398,0.4991727042641849,0.4884381255441438
4399,0.316225890566544,0.42972693740097795
4400,-3.4784335905357895,-3.5542378172766926
4401,-3.0959251096696696,-6.003244667875798
4402,0.09015096657711937,0.09567803350172027
4403,-1.9003701159925788,-2.4705687600866733
4404,-1.6747705395100847,-1.5323236090873584
4405,0.7711959955115176,0.5459513921222651
4406,-1.7053293672387513,-1.737925306982935
4407,-0.7670384206653174,-0.5939177752935556
4408,-1.9358977617314173,-1.792207954021159
4409,0.8171217497082777,0.7027755117024153
4410,-0.4546116540979976,-0.5444039582359289
4411,-3.791313405846149,-4.327824256627255
4412,0.6987252352408966,0.5733235586953956
4413,-0.4947509043202205,-1.0196208831878697
4414,0.1298216109956601,0.15560246938784272
4415,-1.8312446392362034,-1.8604742969830936
4416,0.3261095068430508,0.3030485858080791
4417,1.0145012722354483,0.8910246734810299
4418,-1.9484277724395012,-2.124648433692684
4419,0.154088906676784,0.16595552917039527
4420,-2.1299101848758246,-2.1292474620383293
4421,-0.009008571418013053,-0.007861607803438158
4422,0.5063125669747698,0.4000223091256875
4423,0.27258521836964644,0.23229196636966667
4424,0.5004905428927318,0.48439993627149536
4425,-4.054691348318663,-4.747555712240154
4426,-1.526018003189347,-1.8992635133432918
4427,-0.6914962177277808,-1.5212495875139973
4428,0.6473679148398486,0.5520467883303254
4429,0.255647579131209,0.2519195001574772
4430,-1.6992926873862164,-2.0708500434017068
4431,-1.2198401500208294,-1.5938658343558394
4432,-0.13544115273687737,-0.1494733062575023
4433,0.19955952847022257,0.18421350625601543
4434,0.32057133156742446,0.4194940915530029
4435,0.6097057894983596,0.6157090821302235
4436,-0.3846993355431834,-0.5454031053597342
4437,0.08860960682248037,0.08749655589019613
4438,-0.836692781667259,-1.1855471185493232
4439,-0.5899090007859704,-0.8152580848696637
4440,0.0865323937971565,0.07867807453557753
4441,1.287875918231642,0.90698439968751
4442,0.13658963546352573,0.1616534797807896
4443,-0.769594975674443,-0.6019836917279805
4444,-1.2576429916572125,-1.2730513051883563
4445,-0.7588286566238851,-0.8764677547752122
4446,-0.2309368877295088,-0.28039131853755966
4447,-1.2314943483599108,-1.8272698844371096
4448,-2.2646648563870873,-2.3712078517968407
4449,-0.12013461883675436,-0.11885623597466928
4450,-0.2808436726057926,-0.2751676138793209
4451,-0.5941813457906452,-0.5315857234564545
4452,-0.8770597562872996,-1.3015305068751597
4453,-1.428028224336487,-1.3894969101224652
4454,-0.8136919284485079,-1.1907208583836806
4455,0.09232779015832837,0.09875155025672556
4456,-0.1998685347513214,-0.23358361164756153
4457,0.34440629238371184,0.3845841474808638
4458,0.519248193476619,0.3323772704923424
4459,0.5394142867006005,0.5462798718086128
4460,0.6061462947877748,0.5018441571286196
4461,0.4837784287085781,0.4008662976742616
4462,-1.652649373328844,-2.7525495888807687
4463,-1.7178461442485218,-1.6814335090480796
4464,-0.3131826154332762,-0.3354215017222213
4465,0.49192561205510227,0.5332287778875593
4466,1.0323219409484043,0.7259132844365027
4467,-0.3020741202489065,-0.2428277265743004
4468,-0.041396197733948134,-0.04340146267930324
4469,-0.0024820527546472594,-0.0029697935300871904
4470,-0.5158036692491453,-0.7278340233451737
4471,-0.8577682763754045,-1.0399904360545211
4472,-1.337473237946229,-1.0544089598266342
4473,0.8261125035371721,0.9385517624701746
4474,-1.0790192666578728,-1.2321029555564489
4475,2.2797057865052692,1.8840875571601008
4476,-0.10967947608626599,-0.13733920450583345
4477,-0.9988448304011358,-1.3110907503075542
4478,2.0286826886689355,1.8188161655923978
4479,0.21438514995434207,0.2364529685949548
4480,-0.4674957788197559,-0.42239487555471406
4481,0.24993410108382727,0.1673722857525021
4482,0.9242773914596809,0.6980012049368891
4483,0.5902599579245862,0.5168054125657641
4484,0.498562148960025,0.5256586857654494
4485,-0.1778263008119587,-0.19617453152423486
4486,-0.8379962939378707,-1.096962704426214
4487,0.46627103341006265,0.41704458911960984
4488,0.2641240779875052,0.2828030133993296
4489,-1.2171461752876627,-2.159959450931338
4490,0.5241338753114714,0.5976553213994799
4491,0.8692970060218589,0.8985070026247267
4492,0.9290802605903592,1.4189315112396061
4493,1.1328554996999782,0.6844889425056354
4494,0.864668243376675,0.9313399845642595
4495,-0.3624845705476418,-0.3152318875988974
4496,0.051992741833708986,0.055446943463667235
4497,3.009757092275611,2.230062384137402
4498,-2.1509117968517373,-3.5800432740526933
4499,1.3721308880376595,1.0474441259717417
4500,-1.686747151126055,-2.027120148426182
4501,-2.450183419826997,-3.3160855836916525
4502,-0.07638499385462688,-0.07336682455449282
4503,-0.9314015036426081,-2.557057140631117
4504,-0.2543219800187415,-0.28099108452367844
4505,0.7274204461893257,0.8553637417608466
4506,-0.8848373979056032,-0.8735250008092981
4507,-0.3506064640405658,-0.5226282891029963
4508,1.6185749986152493,1.0484484160001073
4509,1.891069840417967,1.9078596264736296
4510,-0.4564792949553267,-0.39456288749697543
4511,2.259146200328049,1.8377169154070876
4512,0.3966872721104761,0.5461765684783509
4513,0.5374977240837367,0.7087731251128023
4514,-0.4061841382672842,-0.5191515914210149
4515,1.8011708225363408,1.8919836789611992
4516,-1.7360721041390184,-1.9067837577808808
4517,-1.2570296507697372,-1.6542813405004608
4518,-2.240660504983334,-2.572278493282459
4519,1.12955208678679,1.104171256380383
4520,-0.7042987597871277,-1.3678593939301549
4521,-0.5826180836384738,-0.551956814864933
4522,-1.2833947220378499,-1.1748732325024143
4523,0.49031731395358796,0.6376460139758983
4524,2.051509895631694,1.5879134614394492
4525,-0.8253241874820049,-0.9657964821708082
4526,0.7521306558378896,0.8287072774062072
4527,0.889052757540271,1.1481783601139777
4528,1.5133037706493122,1.169281575763285
4529,0.21566854893674406,0.2783044254210684
4530,-1.0982643834050756,-1.156457855516264
4531,-0.46662009181474984,-0.4105895538379797
4532,-0.6493730292011907,-0.4270085227293805
4533,-3.332222411605825,-3.9152781943811856
4534,0.8467625896362351,0.8987266002312988
4535,-1.31075242993207,-1.8585010448645072
4536,-0.6885689301947563,-0.7266098771650414
4537,-1.912371763738987,-2.0031336582044394
4538,-0.19328801676402788,-0.29507688155155415
4539,-1.9585964154064857,-2.2935661636832383
4540,-0.24829637201136065,-0.35450288687493886
4541,0.5071657208268141,0.5886205240185056
4542,1.2673507946002878,0.9647613173250963
4543,-3.3053912519191075,-5.9349455195085
4544,-2.860032773095672,-4.870742123273504
4545,-1.912921384640502,-2.0355482349560807
4546,0.7291796543642772,0.8441307139973697
4547,0.21049213641741932,0.23244765862087893
4548,-0.6359204707540927,-0.6550203666878086
4549,-1.9680944009415762,-2.303448977514465
4550,-0.283891055610877,-0.2717294472795234
4551,-2.12648231494135,-2.6967962770845673
4552,0.6480465282879345,0.7892546854983391
4553,1.2555026639451532,0.9069107317121383
4554,-0.1374574213746651,-0.17678080980569008
4555,-1.259555643517378,-1.837197103179614
4556,-4.809976670587742,-5.457347673470337
4557,0.5550372412402126,0.6788854157748614
4558,0.1979367093370312,0.15491151275072598
4559,1.5601248736388225,0.9919543025838299
4560,0.7727251617442028,0.5817042260093825
4561,-0.8553117809577038,-0.7952549386652419
4562,-0.2590350874215591,-0.24695409270970944
4563,-3.2271450164237687,-4.109310158926676
4564,-2.3916602315247744,-2.443179506887418
4565,0.18977704502958104,0.34790173391283147
4566,1.7565642932818164,1.7916058921321762
4567,-0.187372834901964,-0.20322984272668163
4568,-2.7695970367873737,-4.026304192835469
4569,-3.548821574004554,-5.0854142273744705
4570,-0.19613401998204702,-0.21274370641323084
4571,0.3390283192541042,0.2993177591103412
4572,-3.227611314068596,-3.0253420466760947
4573,-1.1762669678088102,-1.0582479513925356
4574,-0.07001028202421121,-0.09117900863070584
4575,-0.011528400497484038,-0.013453022380223936
4576,-0.10550554792432187,-0.1011271629881196
4577,-3.0692148765167326,-4.018655401368832
4578,1.3457388615011212,1.1582816352935936
4579,0.36857872764767724,0.2988147777931827
4580,0.059516004766264445,0.0886724104310353
4581,0.5984620816500518,0.5691609370959299
4582,0.6484401696252995,0.4920465048081818
4583,-3.0537866031738665,-4.113985078482802
4584,-1.304157521590904,-1.4397953812949607
4585,-2.390920083232448,-2.4484283679560237
4586,0.9976544253167484,1.4190315752007967
4587,2.5305954618308375,2.49800513113202
4588,0.3224188110778234,0.31211163320359886
4589,0.15923072382595396,0.13031258474803692
4590,-2.2193947426056595,-3.697059675359648
4591,0.4895637509847603,0.6108523058894886
4592,1.5125373241341629,1.6396909173932477
4593,0.4684019324044872,0.36031764503587776
4594,-0.6199009143151029,-1.0127288240363976
4595,-0.19259886102139226,-0.22209007262014002
4596,-2.5774206935272574,-4.480665903998204
4597,-1.9006261962530513,-1.9283299081845278
4598,2.0200741605108434,1.4190064619282936
4599,0.2771237988306953,0.2796466712775144
4600,0.4403559314541556,0.3854696743177611
4601,-2.9373514683846693,-4.617689074535722
4602,1.0960039082128687,0.9496846826066317
4603,-0.4697984504904344,-0.45815199429586073
4604,1.1322827576501162,0.7570562739679653
4605,1.98811109572292,1.4690827536004194
4606,-0.47461870264118655,-0.43564694498166723
4607,2.65363293204321,1.9993458620831457
4608,-1.3117563899424565,-1.8826552059809722
4609,0.9097977315357979,0.6994386731923654
4610,-0.2570204068910005,-0.32540213631975845
4611,1.0042312326797163,1.228418206656214
4612,0.256836953753731,0.26195782199079065
4613,-0.09913499406320472,-0.10665998266754143
4614,-2.5314360960879965,-3.677005594027174
4615,-0.8074397511703039,-0.8522237192098376
4616,0.14744170557138472,0.12321464404489578
4617,0.6672791749062237,0.6619229088107216
4618,1.3046257189011063,1.0720979413624847
4619,-1.459877817548975,-2.222604690305709
4620,0.2727782316655389,0.3130274027202585
4621,0.05107110169312841,0.07246845127891319
4622,-1.0504651820123332,-1.2606874254012763
4623,0.021153741568461656,0.021066236949375
4624,-1.2518282543576418,-1.3916637599681527
4625,-0.6239759590346633,-0.8551688188859768
4626,-0.6897589357178031,-0.7726510280276314
4627,-0.3120453215240809,-0.2884966892429522
4628,0.8627102296487942,1.1650034602766963
4629,-1.4918051515551174,-1.6723024608227015
4630,0.11861065666374024,0.1438570496203977
4631,-3.946502999103302,-4.8639700227631835
4632,1.5308762693112707,1.4755129475658222
4633,-0.1715261582047472,-0.18518146624058038
4634,-1.601833185701566,-1.5192133722870753
4635,-0.9308755445035026,-1.184218042184333
4636,-1.8667793207047667,-2.2286102903885094
4637,-0.6095516321361087,-0.4805662179210776
4638,-1.4403974921720315,-1.6451050244265188
4639,0.4498589988632835,0.5306550566901835
4640,1.4653616545532209,1.612069115053163
4641,-1.9238329420964773,-2.145973116030329
4642,-0.8029878902668826,-0.8339860325888521
4643,-6.61132477134867,-7.111537635515321
4644,-1.7911120051104974,-2.2053117663491073
4645,-1.6363941419596872,-1.800172098669284
4646,-0.5259988644817088,-0.4647541044470496
4647,1.8547063200685197,1.4143086403071548
4648,-4.872445337245052,-4.313499072552809
4649,-0.6957004079477657,-0.8986710375135455
4650,0.1487073335249387,0.24950583718634037
4651,0.9964648931274729,1.2489654277358597
4652,-0.5769993991892034,-0.6231887556641608
4653,0.04688698794297561,0.07604451077893835
4654,-0.5043874624264717,-0.6581510315510367
4655,-2.1091787833803997,-3.6270952650677044
4656,0.8251494072379542,0.6721312673475692
4657,2.0516713428810434,1.5514980955190099
4658,-0.10769601833576911,-0.10389351101656423
4659,2.377501374090908,2.2544430822873562
4660,-2.8104978776793264,-4.860602633390294
4661,0.03941423568907352,0.036174862960573616
4662,-2.5248409350982426,-2.9350947228661304
4663,-1.7658843139656766,-2.030883772652792
4664,-1.018727821375909,-1.0573614157854765
4665,-1.996748554742566,-1.6614518303059471
4666,0.9084527443535357,1.1813338531275686
4667,-1.554859121345361,-2.2402046789259655
4668,-2.749910838731793,-3.169787367743588
4669,-1.9133622881941952,-2.1057734039316096
4670,1.3277710773707783,1.1891461898500935
4671,-1.7977424774917152,-2.448922512448311
4672,0.6088668458902434,0.5746325120990117
4673,-3.436002700988563,-5.251418138869222
4674,-0.07750323784984983,-0.07080589068582734
4675,0.16238249032741447,0.2596695612198867
4676,-2.776493258668118,-2.819655558154081
4677,-0.35972161824007204,-0.2957907689009854
4678,0.7430261363420689,0.7048709920886826
4679,-1.8713151040379685,-2.6223092254508575
4680,0.8101545923361981,1.1004429363262063
4681,1.4752238169294105,1.302376960400826
4682,1.4435304908001056,1.1625611925328077
4683,0.024801851852039914,0.032036040462010355
4684,-3.600165346299797,-4.7000825879311225
4685,0.5734346741627415,0.4754642476558351
4686,-1.1600901465653737,-1.5253033994018168
4687,1.029305676321595,0.961403489346194
4688,0.708273008937752,1.0938278585849013
4689,0.8694782994150303,0.6575257630286004
4690,-0.17113342661115427,-0.15089015084973445
4691,0.4698846137879402,0.5846999909177767
4692,-0.12237743196965233,-0.10506678455958446
4693,-0.06600646466931648,-0.06543974616156287
4694,-0.3843814661386657,-0.5308399002483165
4695,0.4890239181222852,0.6308832610188456
4696,1.3424526739477205,1.1786398894353614
4697,-2.213907638197438,-2.8714482143230797
4698,0.40355850586038217,0.414596570681094
4699,0.956485735494968,0.8408026270833151
4700,-0.3378065798781428,-0.26664624645092466
4701,-0.8867049056184749,-1.058266854006847
4702,0.48761914540421414,0.4801988687456388
4703,2.428684869059704,2.1358865102544935
4704,0.974942690772176,0.7531088665568982
4705,-0.6213925984776022,-1.282327795037606
4706,-2.359794371856617,-3.4650360460344483
4707,-1.01453523369271,-1.254129330766033
4708,-1.7685351163997345,-1.9605509173053381
4709,0.5877697849768305,0.5763707053091695
4710,0.43460771205292126,0.38149785852892354
4711,-1.128011144801143,-0.9920497511416311
4712,-3.8446484316152754,-7.783865291731181
4713,0.5145520170058987,0.5247409318813111
4714,0.5244249525554122,0.589572061304321
4715,-0.5945165870022988,-0.814657354065708
4716,-0.07211499879781508,-0.05314745526866706
4717,1.206935421750087,0.7013269632962197
4718,1.5692124049122027,1.439065591249911
4719,0.9850814743568311,0.5998343678955064
4720,0.6516795395730054,0.5004691018423012
4721,-1.1658964725900796,-1.2732053135729628
4722,-0.07486219482484499,-0.09516215250310509
4723,2.073514935387709,1.3268884607378912
4724,1.3935569918484685,1.3117172005869429
4725,-0.8353190648030784,-1.0974264140446228
4726,1.0363702494084976,0.6962307421975975
4727,-2.0639180824103587,-2.51288330871044
4728,0.7674863139504183,0.8142832925938756
4729,0.6847290557881633,0.7181001556077163
4730,0.9963748039938629,0.9286403417336518
4731,0.8814968362301154,0.8131479563434434
4732,-0.3911642670651617,-0.5025852755378405
4733,-2.0196131666929125,-1.9300181732781456
4734,0.3546422987783149,0.38268544375199787
4735,0.5604574980263055,0.5742218695637603
4736,0.8390086528565124,1.0819041649107624
4737,0.6469001378242764,0.7066457165802751
4738,0.5984352901040055,0.6402500251606756
4739,-2.2467474754439505,-2.5775983376514207
4740,1.0168609754824207,0.6904875910559864
4741,-0.07651017419448673,-0.0695416386986596
4742,-0.8739671666639796,-0.9236658720225798
4743,0.5518954684884687,0.5831365647242965
4744,-0.3526599784808046,-0.3166404213836359
4745,-0.17911536071238052,-0.27942557316619854
4746,-2.3278090422324786,-2.5202083542342026
4747,1.5263755016639897,1.2404610057343437
4748,-1.0526044094519158,-1.1148723345056966
4749,0.05376167633848498,0.06787542965019697
4750,-1.4825321508553588,-1.6841604466828353
4751,-1.950053772547745,-2.220085680763761
4752,-0.47747364317388385,-0.572300556915354
4753,-0.24650503922214964,-0.30825745200814636
4754,0.43018113915058753,0.43683257097439665
4755,-1.8821973290757592,-1.5967688230206452
4756,-1.1195381567654452,-1.412097473865184
4757,-0.20566990603980134,-0.2275521702390057
4758,-0.7688254914860722,-0.9933452645186623
4759,-3.5263009429301255,-5.4110509929477395
4760,0.04419535242935746,0.0741347232556646
4761,-0.5002973484611327,-0.70751783141586
4762,0.12805961628632812,0.1574556961454769
4763,-3.010904558472064,-3.3972189704736344
4764,-1.882401948452098,-1.685034207788761
4765,0.5585082314960944,0.5476257432452964
4766,-0.9430379655590935,-1.4993482948392682
4767,-1.661085694670219,-2.205091120553289
4768,0.044836948468270514,0.061396265875622795
4769,-0.8134777170522769,-1.1143882608265723
4770,0.7788415281016025,0.6199526097314603
4771,2.1653329582258336,1.8781483138355712
4772,-0.1565148752082135,-0.17863221157743095
4773,-1.687818262461748,-1.9371220283879647
4774,-0.727841283335419,-0.6714317267842289
4775,-0.7445513514363975,-0.6180102480140657
4776,-1.562200906729944,-1.640889975185134
4777,-0.5840147612015013,-0.7199274677980889
4778,0.2237189027436864,0.2072209950821183
4779,-1.0793537970076728,-1.6433784550031132
4780,-1.8248628659518007,-2.0853313913227907
4781,-0.6969908613806111,-0.8030048877093326
4782,-1.3655970496309653,-2.5404919236862966
4783,-0.6484538282509215,-0.9279727624261265
4784,-4.709052420897058,-5.4112904811860405
4785,0.3800188676438821,0.3884302979340937
4786,0.9988818214211677,0.7668720487323257
4787,-1.7313499995686712,-1.865686701383839
4788,-3.500586991546952,-5.143396420392964
4789,-1.9950426973002886,-1.8471730115952114
4790,2.022159942902349,1.2998934584513977
4791,1.1251967207872668,1.0630389529898296
4792,-0.6784219612585232,-0.9560563508269156
4793,1.019367766884603,0.8650525154190226
4794,-2.7553792580361804,-3.4064985198415796
4795,0.7784710897481071,0.743421954130592
4796,-0.16594394299157406,-0.19974641247430672
4797,1.3937153231387358,1.371541173380669
4798,-1.9706300190396249,-1.9765803976951872
4799,-3.3371554545637756,-2.3506919372106223
4800,0.14099299655570888,0.21903253664982503
4801,-1.3646300357222403,-1.3173263051270974
4802,-0.605262191748539,-0.6646743880085946
4803,-0.6740031891715431,-0.6997522686675587
4804,-0.6740224401542482,-1.1331715993283284
4805,3.148898783557939,2.1220457739930394
4806,0.019312687974505537,0.019782000449907654
4807,-1.080137984201684,-0.9072913882510031
4808,0.8012340499812465,0.6763769338324037
4809,-0.7683253636224064,-1.7628074625445662
4810,-1.2913360460726413,-1.7655033285348358
4811,0.5241566480985319,0.6193474342748702
4812,0.07349132110738085,0.07766362768047098
4813,-0.6405041839673629,-0.9938317154195905
4814,-1.0860391316994635,-1.26011394913014
4815,-0.4606157322465133,-0.5480303223679147
4816,-0.8698376098717213,-1.427130201022184
4817,1.0248340769920736,1.1603381128918375
4818,0.6249468348007925,0.42757026566139544
4819,0.7385467744246189,0.6748871285540153
4820,0.6046379059185156,0.48305389321842046
4821,0.1542810938552085,0.11085375282555908
4822,1.1704389543631815,1.0571794559601109
4823,0.9252301261680911,0.7150890665592083
4824,-1.4359092575472858,-1.2984558695426835
4825,0.208124448559166,0.2641506478007207
4826,-0.16515399127680422,-0.13305306913193563
4827,-1.0678558527785433,-1.0758888849763495
4828,-2.5142570069280143,-3.4958671374862944
4829,-0.35990396170859235,-0.3612764336867175
4830,-0.4376863134455831,-0.33607904157791
4831,-0.7580972909267558,-0.7390352178649071
4832,0.1761781756328868,0.11400970736161346
4833,-1.604541205089194,-2.3392339091957597
4834,-0.3565855857240395,-0.5071636249412749
4835,-2.0862154898789877,-4.364720436377524
4836,0.7108605941116063,0.7945479719035734
4837,-1.54192553337223,-1.8947854148560739
4838,0.2801830313193208,0.23632146746980032
4839,-1.119094339245344,-1.1362998893315677
4840,-1.5137622914558229,-1.6439551638096173
4841,-0.2939270513842447,-0.3695528810049235
4842,1.1321452912487444,0.7429659782375223
4843,-0.8190190620505081,-0.7306559580750072
4844,-0.47285317525786585,-0.5093393287076086
4845,0.1202972097147933,0.12464261515070332
4846,-2.2218600167049156,-2.9073377330069587
4847,-0.6697289636947866,-0.9201256454176722
4848,-0.618517534391739,-0.7066506971016744
4849,0.7685833829939529,0.5172785864071636
4850,0.8136084207877091,0.7316245589901267
4851,-3.0721818600825928,-3.5557759461101512
4852,0.9107341797496433,0.8941372139273845
4853,-4.647458715879,-6.436125778036518
4854,-1.6175508627213269,-2.171413592505963
4855,-0.6790378584613239,-0.8372210659179833
4856,-0.3754727198818092,-0.4626505089813487
4857,-0.5531037581179312,-0.6379600053747055
4858,0.3798981501306497,0.36188129263146357
4859,1.026116395773478,0.6931885659389789
4860,-0.783435036862485,-0.6776078599447699
4861,-1.2052281013316277,-2.226412850476095
4862,1.2025428835032979,1.0338625563188106
4863,0.6346664249968048,0.564011814683523
4864,0.8649234449976342,0.5522109229489276
4865,1.2337836807547213,1.1072977276049762
4866,-1.8801937152905028,-3.5438251871554654
4867,-0.0993795381534818,-0.13116421054562444
4868,0.03694962012115543,0.043012929320228294
4869,-0.8710687107047712,-1.1099764655908517
4870,-0.29882212095353117,-0.4123006308366587
4871,-1.4379027159312419,-1.0110812546520933
4872,1.2380310002871313,1.042239834491876
4873,0.32211112322871693,0.502449061459051
4874,-0.3171347414715308,-0.48382681931487315
4875,-0.7842223390454062,-0.6439777302583533
4876,3.155180435436174,2.4309807881776693
4877,0.1833609289611831,0.17693206411125623
4878,0.08376229707137507,0.08729418025723784
4879,0.34097291299828636,0.3249004724757338
4880,-0.35395857951243515,-0.33971625980619397
4881,-0.13232350694943323,-0.14199608736113636
4882,-3.5272100777388187,-3.4128918318631603
4883,-1.2266713854362599,-1.1393940848753892
4884,-0.881245730219417,-0.9848040789190929
4885,1.7072685165288546,1.5185795738796142
4886,-1.4294670449535611,-1.74193254835942
4887,-0.2973532969685667,-0.3241761869261108
4888,0.36798150669026397,0.4829336184393129
4889,0.932752525451413,1.0359183914271206
4890,1.4148713518061329,0.767904418675004
4891,1.2256462772246082,0.9015356544468682
4892,-0.8381616948370639,-0.96931083403562
4893,1.026113207617065,0.8939401699431886
4894,1.6072713319058791,1.4183009607201658
4895,-2.072975219945084,-2.294900875117743
4896,-1.5566158648220336,-1.8173142127831556
4897,1.3547614880582999,1.8709600800616155
4898,0.4487102090526839,0.5692633958531786
4899,0.5582707832321997,0.5559557254174317
4900,-0.8287899395704147,-0.8276578646360693
4901,0.9260617507163649,0.738080602416399
4902,-3.2053714787201733,-7.777002593581446
4903,0.7484006280990444,0.6402531606560029
4904,-0.6539591745036288,-0.6973116797816173
4905,0.9895302140250899,0.8810395181505897
4906,1.0022965907072088,1.0074930656903671
4907,-2.99072515333901,-2.9971530341373938
4908,-1.4995848663016094,-1.715630145492645
4909,-2.200411960066236,-3.340832113767422
4910,0.6898773854493124,0.6435546892613538
4911,-1.1108621964291054,-1.0597998817295429
4912,0.19431971469136253,0.18549045327440009
4913,-2.7535021499670593,-3.073652515050604
4914,0.4213604401587791,0.38954022737478866
4915,-0.9781002732410342,-1.3289171160000524
4916,-0.57878989707416,-0.5024109051759027
4917,-0.19985019091492784,-0.1518178567784479
4918,-2.5708376709121055,-3.3086275118362236
4919,0.454208893324134,0.4193652780694576
4920,0.8903140777494608,0.8157311376368818
4921,-1.9469979170996174,-1.6017975839007716
4922,-2.4896618736498604,-3.348807214468794
4923,2.0709219227188074,1.5356966432551216
4924,-0.9568308261058709,-1.9633087899342656
4925,-2.056807869991849,-2.80041745538752
4926,0.6263653727066608,0.46260139557494157
4927,0.8072034754889046,0.8111694680450855
4928,-0.4203006534364979,-0.6239642775331515
4929,2.4097472631984016,1.8291106726220123
4930,0.5114134675747073,0.5012853668718866
4931,0.08837442849557778,0.07590807514450504
4932,-0.6127254710927247,-0.5940034715595041
4933,0.8862113997114422,0.6865150869634432
4934,-0.5605192853561084,-0.5362276241535276
4935,1.1678753592967477,0.8484945902162531
4936,-2.4586710635799935,-3.111114812056858
4937,-2.200847646117311,-1.8917728481617033
4938,1.7594295057607563,1.2420504225384275
4939,-1.3628047096572184,-1.7322349366777627
4940,1.7402744457607338,1.4927829290133123
4941,1.9676829862700334,1.6619084302687688
4942,0.7978285729962372,0.8016970035371919
4943,-2.579842862647514,-3.35184809481596
4944,0.4055688800443256,0.3431767451834928
4945,-1.4954751112725315,-3.0260225125653615
4946,0.3355509016899251,0.3051567308632647
4947,0.659940538763185,0.8179075972613974
4948,0.2699911141926242,0.3306092604090666
4949,0.7701939505365768,0.7633391669756713
4950,0.5727464585920137,0.7508231548642315
4951,0.5989781632157928,0.5883277332927216
4952,0.78902553233434,0.69944454610694
4953,-0.8283028976662328,-0.8732777358595881
4954,-1.882283472085478,-1.8681418693666592
4955,0.20817653549146303,0.24178411781998996
4956,-0.3559929257252341,-0.3951994529136521
4957,-2.833122504786497,-2.6618680867245126
4958,1.077347127355654,0.9850828347718888
4959,-2.2445569018767166,-2.9899076199043004
4960,1.3585909001558885,0.9063496499392053
4961,-0.0874805895537336,-0.09800568938474714
4962,-0.691606697802035,-0.6153830656849629
4963,0.03353590918984687,0.03269552358104747
4964,-1.7238108327568331,-1.536741028724302
4965,-1.246129844309725,-1.4466034105461598
4966,0.18150039078352365,0.16063038789330802
4967,0.2662436185513951,0.2442890214789295
4968,0.5176458459072096,0.4432888837748495
4969,2.0045483628608114,1.4783373171778642
4970,1.396287616657888,1.2138589465097893
4971,0.9686214547625539,1.003422305758632
4972,0.6046854632023316,0.46993695957260617
4973,-1.2607833937947772,-1.4053035551605493
4974,0.360566978349105,0.32909094482418894
4975,2.3394697337089565,2.332861467691796
4976,-0.6740994768586082,-0.6865981769798616
4977,-0.49917402221924484,-0.498420735581806
4978,0.7779065340452805,0.6154677071154567
4979,0.009621988610487693,0.008672729967691153
4980,-0.7003779761619342,-0.9157927776512107
4981,0.8844049593790544,0.7149530046546821
4982,-1.0297472624146398,-1.1977738748373201
4983,-1.0457311230726003,-0.9335546845652908
4984,-1.8542050685403897,-1.6381274357590132
4985,0.08477876175687211,0.07799968487598972
4986,0.24580659279458997,0.28899484127837965
4987,0.36013073053026834,0.4209549411093711
4988,1.0725069833498375,1.0693382458293985
4989,-1.64701122215038,-1.6329974467589496
4990,-0.04040752375140516,-0.03564991544080439
4991,-1.455831583589715,-2.1634817055150344
4992,-1.2173606433232187,-1.7101089176460078
4993,1.232873701199154,1.286406889354324
4994,-1.0022955353632426,-1.3284521370311528
4995,-0.14474898891834292,-0.15496273798319263
4996,-1.6863510041670053,-2.2595193040527617
4997,0.0026155393812371786,0.0023615935498947534
4998,1.2237114525507338,0.895621783370816
4999,0.14334471315567082,0.14064723211364008
5000,-1.0475853537030273,-1.765643207814416
5001,0.3846028210506383,0.37309413939485586
5002,-1.192351292023109,-1.1066342876076565
5003,0.9025539286040326,0.8887601054879735
5004,-0.5044298133867373,-0.8249773241981602
5005,0.20640859763436162,0.20208847375428168
5006,0.9863426751377105,0.7101750433623654
5007,-0.09188123464067108,-0.1151940533209458
5008,0.2687998666941959,0.2131224124506438
5009,0.6908966615186234,0.5431652439136023
5010,0.09632153829129722,0.09558940498369863
5011,-2.9758632260929585,-4.416610054714623
5012,0.9553280507247214,1.030941043144226
5013,0.3021966945353549,0.31243899754549637
5014,-0.5729614080942914,-0.8095437479860077
5015,-0.7010743667014733,-0.6611516075601328
5016,0.7865143969751532,0.6970533243163499
5017,-0.19727471695369947,-0.2708799495605689
5018,0.9651542710369726,0.6317045248984348
5019,-1.8698391856093721,-1.6862230550221788
5020,0.5999642771843378,0.5784591627988275
5021,-1.2435525381565011,-1.6004903997132998
5022,-0.8486008904511725,-1.103845838985143
5023,1.6443503399172774,1.1766874095970794
5024,-1.88872133601751,-1.9849713010145553
5025,1.5239514917490897,1.3236612443742275
5026,-1.0669218465805155,-1.570964595744013
5027,1.2108377715894088,0.7844181851370972
5028,-0.9806614021248156,-1.2970449073563524
5029,-1.0998099527180698,-1.4098287942983434
5030,-0.7681667728356226,-1.061628039647894
5031,-1.8924515287883583,-2.392423858174193
5032,-0.8929759350898905,-1.1247329225865943
5033,-0.31734469585044456,-0.20198262376769863
5034,1.117131567966386,1.3050825978163603
5035,0.38198814902910866,0.576815979450153
5036,1.467938191831963,0.8378821925595539
5037,0.513373621806916,0.5734617585373023
5038,-0.5668991234896988,-0.6382150219763575
5039,-2.162434917992069,-2.502871932721666
5040,-1.7403382143779218,-2.00511813846763
5041,-2.812127873723899,-4.458114858425597
5042,0.0074010631421032,0.005605420973560736
5043,-1.5812511336727453,-1.7956056810105498
5044,0.17912411438379755,0.196375366274524
5045,-2.0675362540580147,-3.954703143339331
5046,0.9777583533106122,0.785957186317831
5047,-0.7311803926695576,-1.1083102279065253
5048,-1.1400527147778237,-1.1616482643897441
5049,-2.482683832158229,-1.7491394212918632
5050,0.7673636952035809,0.6647510986373285
5051,-2.528305402987916,-2.399428817420363
5052,-2.063438830620511,-2.8423667160250417
5053,0.17313032456831023,0.1509061456275462
5054,0.15593003883170725,0.1770075555388631
5055,0.46020969144753326,0.602421606961866
5056,-1.4292191960879033,-1.1936035032329846
5057,1.9179806305418856,1.353045967661131
5058,-0.8379212669930302,-0.9388078311867585
5059,-0.6433339440746367,-0.9913271647292633
5060,-1.0998380498915148,-1.2938775376231628
5061,-0.010674861452419079,-0.010113289858709457
5062,0.8673926961511252,0.6931399347223653
5063,-3.2384964519814425,-3.9630291126586084
5064,-1.6707765784559108,-1.4079205530683883
5065,-5.733070889819464,-7.815985636490068
5066,-0.6115039724603928,-0.5070920482506522
5067,-0.6076951991376485,-0.7042888357664349
5068,-1.3207734936188635,-1.988061680049569
5069,-0.5029442863875129,-0.5065927302176805
5070,0.4130105536218717,0.3935588234981092
5071,-0.023715269292874576,-0.01772395816784941
5072,-0.19309034447109824,-0.1604954663007989
5073,0.623050304474284,0.6711764882029148
5074,-3.5063939214578403,-3.517753565904489
5075,-0.2188645256751068,-0.2096815188419345
5076,-0.20508572992388668,-0.17942354097233362
5077,0.4600709760252004,0.5308895718154221
5078,-1.001350132474342,-1.0227010737602604
5079,1.0200693820788667,0.9715124846923818
5080,-0.4695835517299811,-0.42892516468173353
5081,-0.7589368267527802,-0.9530828685018362
5082,-2.679879111779283,-3.2586640191852934
5083,1.1371591205345308,0.7585023778743211
5084,-0.3291264206448776,-0.5379564402101967
5085,1.9106537879834293,1.350540181194435
5086,-0.7135564093804152,-0.7477440066683054
5087,0.3825133007459884,0.4952474723608938
5088,0.15182783027507285,0.16672912195807252
5089,0.33314958320289306,0.2742950401999917
5090,3.0187384323512427,3.058700618937138
5091,-3.1640028022549664,-3.287198109038621
5092,1.2679618486432267,1.2639940828169633
5093,0.7501241151398486,0.6166252535892578
5094,-1.5159940203691482,-1.7595036719808308
5095,1.0331066650314222,1.0272998745194712
5096,0.36235880845444146,0.3008362458164128
5097,0.880140213988077,0.8503456005073268
5098,-0.5707396288734468,-0.7789026174640973
5099,1.1168674112748853,0.9987622668578447
5100,0.09323575156993019,0.09829716584850524
5101,0.3903568478267365,0.3671618996079688
5102,-5.477908355022541,-6.437041926506364
5103,-0.135581791847531,-0.10516565965571796
5104,-0.2514503581263343,-0.25064365411882006
5105,-1.4382641502927886,-1.2835114958267704
5106,0.7608089699436767,0.7489639072385936
5107,-1.1154601450102095,-1.1653561826898426
5108,-3.3522320309088025,-4.649537091367938
5109,-1.791200519603025,-2.2516024430474166
5110,0.5062803789742943,0.7338709569977544
5111,-1.1560912465206141,-1.5502197109855287
5112,-0.22850948661588819,-0.22533250005920488
5113,-1.3727675974363853,-2.069697986576224
5114,-5.129528901213568,-10.560481800499549
5115,-0.16221578495230732,-0.23266486709614415
5116,-0.469274919584861,-0.513152534814351
5117,0.6316132948092334,0.5029554514618756
5118,-1.574998443153831,-2.5155578040149087
5119,0.252195059360488,0.23922416113685024
5120,-0.934852052834243,-0.7157194376561886
5121,0.6635804055449691,0.5307052781597227
5122,0.3506669166450871,0.2939181177239455
5123,-0.26578343634467505,-0.23716266820139267
5124,-1.737963231242178,-2.9956823786888913
5125,-1.826254885309374,-1.6016080521073293
5126,-1.4544761948323222,-2.023475957672133
5127,-0.8631660008866247,-1.7431179038675582
5128,-2.2748029011509425,-1.950386263841071
5129,-1.5282540576409858,-3.6558060140351514
5130,-1.4710269036045631,-1.8474088276796063
5131,1.7695095900832547,1.683714748672003
5132,0.5773514699918396,0.7419698538881728
5133,-0.5218109950246278,-0.5950550739028424
5134,0.4416481065193381,0.5532791884416808
5135,0.9892360274402624,1.1710808474620285
5136,-0.25294102596703155,-0.2428024679550898
5137,0.00029303494028283544,0.00037388099831654455
5138,0.8975470822212316,0.9579357329823875
5139,-2.0587967927219966,-3.3124389047892295
5140,0.19336170088963775,0.15335088001691824
5141,0.8748309277380989,0.7494567873981415
5142,-0.8879212476806648,-1.0079774052622992
5143,-1.4542616412300589,-2.944986278178834
5144,1.0848792168883625,1.226812407779931
5145,0.2087332942310177,0.14215035432002282
5146,1.0064953728999375,0.7303415594261161
5147,0.11713665297903862,0.08749900146560148
5148,-1.6254110425328672,-1.6362289512479997
5149,-2.5691529657830827,-3.413800037895475
5150,0.11964906348693893,0.11609664015679223
5151,-2.28262580991569,-3.509037213610841
5152,1.3636721724703116,0.9717469944520828
5153,0.5895107807160935,0.4111552489132666
5154,-0.2242126988567161,-0.17972532344370515
5155,-0.13401345598900688,-0.17361091848862728
5156,-0.444612973875896,-0.3637023065496316
5157,-1.1602751790353159,-0.9076997150367648
5158,1.9283900294267593,1.6641093685142339
5159,0.40045544874696176,0.451370286838466
5160,-0.5839816340172275,-0.6976228969110184
5161,0.3883457946031013,0.3123525340298642
5162,-1.2769996857065424,-1.2795552282353237
5163,0.9731980728618367,1.0103126221966268
5164,0.7336682494526428,0.6719022462240478
5165,-0.7923625733776767,-1.2240906809546868
5166,0.5943290496048195,0.5320280330156955
5167,-0.5160061517002714,-0.7749465453494803
5168,-2.247083280951312,-2.4669359203444077
5169,-0.8127156642173383,-0.8254678437327524
5170,-0.7873617476172623,-1.2413998974338918
5171,-2.63724524462151,-4.030912205680536
5172,0.032767222516732836,0.03400799863550611
5173,-2.0173089852604478,-2.620009952480514
5174,-0.21638745796002473,-0.2245580733330797
5175,2.696083693875087,2.2758909215210172
5176,0.11731489466056845,0.1322405349398271
5177,-1.6413892125204366,-1.104305720639764
5178,0.26784515221969507,0.27621205043695196
5179,-0.8658051451596399,-1.2096839295544373
5180,0.8842480569381062,0.8538229841862904
5181,-0.749998083669023,-1.129985175480003
5182,-1.2150001527069487,-1.4054212398145622
5183,-0.7260134999524084,-0.8411623414052753
5184,0.12569747041370552,0.16803391775581028
5185,-0.514915861061212,-0.565069809032872
5186,-1.3829787906242879,-1.6549267905243688
5187,-2.6715551942164733,-3.3136741558863116
5188,-0.6608287827277655,-0.5112503110585279
5189,-1.164891157340814,-1.5698058882184265
5190,0.11795421883075345,0.09752392283574418
5191,-0.5189665706483985,-0.6045605701537962
5192,0.38541852377963803,0.4475017650688984
5193,0.7173612057931764,0.7794087809583183
5194,1.8287491912020644,1.6413041247615519
5195,-0.9339764328424304,-1.419681334798157
5196,-1.6772292296247042,-1.4955255765232893
5197,-0.00906503181021868,-0.00829176026075173
5198,-0.3717116911598973,-0.41203905242662825
5199,0.1533027158724135,0.30023781717159576
5200,0.8749776426140028,0.7187258469059943
5201,-0.5341864034843778,-0.9156937343485524
5202,-2.393552457652923,-2.2195111648249974
5203,-1.0369218572858525,-1.2108732554074686
5204,1.8959845361227299,1.257293257926808
5205,-2.7260254413510028,-5.441546749083296
5206,0.9078892959627188,0.9428437900894244
5207,-1.468438307786784,-1.5919370475817298
5208,-2.775752543340005,-2.6875070731408814
5209,-0.5450860672399468,-0.41081966390547725
5210,-1.053774134014651,-1.195915939659226
5211,-2.065365509070047,-1.7269852684722407
5212,1.9124849131897395,1.9533752449561657
5213,0.0504180794407875,0.07494258189487399
5214,-1.9895177113601574,-3.218379562909382
5215,-1.460692397005832,-1.6410802619731302
5216,-3.0150321203832626,-2.6766157586733343
5217,-0.867284023903845,-0.8238789449409425
5218,0.03407129727616213,0.025481374630605902
5219,0.2160446984939316,0.18636538299574656
5220,-6.006497088599123,-6.800326333249978
5221,0.020976653401061408,0.018645939675264418
5222,0.8843850014695924,0.6853537078347516
5223,1.3536838736412626,1.2701187480444092
5224,0.28716848319106253,0.2778375332153374
5225,0.6249865619727923,0.5766695304944265
5226,1.1566396993497479,0.9028861009165671
5227,0.3621315085551073,0.25457432136510866
5228,1.1128488207986476,0.9830858702820293
5229,-0.1957128509219797,-0.18986121593458322
5230,-0.16589288398282587,-0.2664743864832632
5231,-0.4865558542578851,-0.34597324148988556
5232,-1.7605022110609012,-3.2429685974728772
5233,0.4042372558362537,0.5077975313083125
5234,0.16640455123698364,0.12122402517831687
5235,-2.1057071339701006,-1.8649846982288727
5236,-0.20291442346527153,-0.20640876073309491
5237,0.4237924081528017,0.37700590492603414
5238,-5.580251055658886,-8.394190240307749
5239,1.1226686397658003,0.8997651051638368
5240,0.35447857818113265,0.3605114143672437
5241,-0.5127616249385898,-0.42302615169137137
5242,0.27880283658955424,0.2616637303554356
5243,-2.6300229845906338,-2.3733165301058694
5244,-2.012182006892835,-1.7300418782932845
5245,-4.6599829780246225,-5.321177559722172
5246,2.4440674609272004,1.7651423581008363
5247,0.0005608167087766111,0.0006572181489314783
5248,0.4615601490949793,0.32816257462213694
5249,0.6276878780719491,0.5511783133153956
5250,-0.45097501706492604,-0.5267608206812446
5251,-0.7327610010240364,-0.7293236652918751
5252,-0.582817333055753,-0.5511427560157529
5253,-1.0455367503863664,-1.4309662576351372
5254,-0.9666200904368698,-0.8383744787960075
5255,-1.6346790758512197,-2.330645590193574
5256,-1.0048055707856869,-1.7787818956894972
5257,-0.03707948737602342,-0.03375707561129146
5258,-2.121329334695952,-2.602975764734533
5259,-0.005795763137518419,-0.006577116629177086
5260,-1.3722788387641547,-1.4665448905337366
5261,-1.5527277571468572,-1.6334907523715392
5262,-0.11948699303997486,-0.10309385788874978
5263,-0.3229592056306214,-0.2828980444716558
5264,-0.478444080662485,-0.4875860603055078
5265,-0.3102401682463129,-0.4176728203310698
5266,-0.1886102357447242,-0.19853830017596233
5267,1.1345288430610185,0.823330865595425
5268,0.8632395203441344,1.0860876936165942
5269,0.05918858348467861,0.06794574798597319
5270,-1.4038640259132193,-1.8337932622459954
5271,-0.764799084282203,-0.664507970963262
5272,1.4975393010428921,1.4223964828767812
5273,0.4435044078256187,0.41571787933823195
5274,1.7037824493301021,1.5422962299555603
5275,1.145578658123877,0.8871984614941646
5276,0.1484644336471139,0.21354891375656326
5277,-1.2453283498886556,-1.1314364862091366
5278,1.4474263365247622,1.4421184545106043
5279,0.6702325327905199,0.7043283754230458
5280,1.1816624611577788,0.7853767457494721
5281,-0.5419502252701668,-0.5322007840633429
5282,-7.1347269804462945,-10.40861661313422
5283,0.2968962664689239,0.3431301736048819
5284,-2.684964958439452,-3.7171150821454444
5285,-0.8726921272027726,-1.4083947151076746
5286,-3.189858166044821,-5.0030316966910835
5287,1.3979493549136666,0.9818818540267762
5288,0.011563159998933625,0.0120297832084813
5289,-0.247793974617357,-0.2827097969846452
5290,-3.2849822833349487,-3.845333443228385
5291,1.6172010286715752,1.1697208163741961
5292,0.79208446431593,0.584546368460192
5293,-1.4868145750309212,-1.2363577897546254
5294,0.2454759491818835,0.256546783325852
5295,0.5268086678293289,0.6209480250788866
5296,-1.261467990982512,-1.311272197077314
5297,1.8060172390256752,2.1670621767704907
5298,-0.15022158483779346,-0.16031692291998773
5299,0.4458287991761692,0.47208250025965354
5300,-1.8947010372725002,-2.4180657521670343
5301,1.7619400698353869,1.5983852323334777
5302,1.4642655378713005,1.2178653368692702
5303,0.7403179538793039,0.7838588677662948
5304,-0.5182941628573782,-0.7285158046387643
5305,0.1581124230174856,0.15568970903116067
5306,-1.6751640960293324,-2.2227459682192103
5307,-1.210932333917307,-1.376490739162236
5308,0.20796855795536895,0.2599581870810441
5309,-1.7269999760113728,-2.241311308244122
5310,-0.3755290008225094,-0.37144937058711053
5311,0.7817303674001261,0.5523383283049564
5312,-0.8448510966845879,-0.9953305210802283
5313,-2.09998436244182,-2.3677088172964096
5314,0.05901260364591428,0.0516889266654543
5315,-1.1565385215119592,-1.9826103846008407
5316,-3.1108726014911006,-3.5497100235028403
5317,0.35520492706982804,0.3138893849845416
5318,0.13651927127139543,0.15503215210890303
5319,1.9951515527106443,1.8801185075278402
5320,-4.657339313307793,-4.747664224317869
5321,0.371140714335164,0.27014590690744256
5322,-1.6428052426145032,-1.6731859740375765
5323,-0.3902106456541388,-0.4234330952357215
5324,0.022705819775101534,0.030724564386182228
5325,-0.6765207912141497,-0.8209320697863737
5326,-0.22069368571232684,-0.22099127730709542
5327,1.8171666891076197,1.2658711411271455
5328,-3.3278080697166534,-3.2249330469391904
5329,-0.405203165240171,-0.3989759611978067
5330,-0.1999375280037613,-0.27585534244109516
5331,-0.5190457541576363,-0.5846131542520864
5332,-0.3752434342970439,-0.3963808274504164
5333,0.5285039350554879,0.5406234287577685
5334,-2.147035751927975,-3.7955407338800224
5335,0.29289925039047965,0.2621782779003388
5336,-1.029155166641491,-1.3119791275331956
5337,-2.25809196184341,-2.7089676447548916
5338,0.2799156220505547,0.2870719667272484
5339,0.5599174789215762,0.5024097276089722
5340,-1.113230762222286,-0.9064410514744758
5341,1.7175253373205677,1.4024128733320465
5342,0.28502461942666585,0.24311482774377363
5343,0.3677702691346359,0.3380964558498679
5344,0.5128534360302719,0.7695736775719647
5345,-0.0655505481487342,-0.08044005944675306
5346,0.6045201693346381,0.6907815043477954
5347,1.0742437470840318,0.8811153899123493
5348,0.37736915763898804,0.3373859063093118
5349,-1.1527517435629813,-1.6117704294849189
5350,0.06358476468672282,0.08127568486328185
5351,0.3515735131989912,0.443468189380941
5352,-0.4503254263842619,-0.384406125246075
5353,-2.1848945737400887,-2.642884549202747
5354,-1.4724056019559575,-1.750119509517701
5355,2.2205920254826514,1.525478548145582
5356,-0.03297510677235147,-0.0354042337147949
5357,0.2559584993734915,0.2978039212826989
5358,-0.19940370699220517,-0.1567689663347794
5359,1.4482722043252874,1.9903708861565028
5360,-0.48107199250593125,-0.5068174117813599
5361,0.929132631792292,1.0359138133932855
5362,0.7592103041194304,0.5426380402277927
5363,0.4405305586319433,0.34880317513397224
5364,-0.38203838380858746,-0.404165288796487
5365,0.7321784658828748,0.6509588448756725
5366,0.5913283484340699,0.49898005594300426
5367,0.24686932306277445,0.2621136451430886
5368,-1.730243428822797,-2.243911178409129
5369,0.7004014847245065,0.4879729563124782
5370,-0.2892087474329096,-0.31330005368074887
5371,1.39057746382905,1.1363563809474009
5372,0.2984381897792535,0.39358256202482145
5373,2.0655770482495375,1.97425092160881
5374,-4.062479867423125,-5.06472261681927
5375,1.305187183722205,1.1732069891339438
5376,0.5876229302824214,0.5233502037690093
5377,0.08323424960832541,0.07326260150527289
5378,-0.6374914843593422,-0.8459650926218554
5379,-0.4512531924868336,-0.5603483342423432
5380,0.03576514391729082,0.038328678327949166
5381,-2.384075013961796,-2.289314862177823
5382,-0.9087581121036051,-1.2408202569943554
5383,-1.4219960240100147,-1.589633085374651
5384,-0.08248298695205299,-0.09688706786717163
5385,0.2799619640534522,0.32913906184078046
5386,1.8854526608332862,1.685197582076976
5387,0.6051864955480738,0.5900806994362093
5388,0.29512473104360254,0.44797901341552426
5389,0.08951316822942153,0.09071216453313459
5390,0.3446970417655673,0.39313093278908856
5391,-1.1109618766581577,-1.1095978990153113
5392,-0.5596709127701714,-0.8852888643813188
5393,0.9751652514803368,0.96455471666576
5394,0.25544426389929265,0.23826824451941486
5395,0.7891653574992809,0.8569422352868018
5396,-2.6377831272363825,-2.653639673635829
5397,-0.6492348977218464,-0.8032023025859154
5398,-2.3072814161290656,-2.4465816825125337
5399,0.229701631453032,0.2843034754329262
5400,0.15666030598692898,0.1449741253212783
5401,-0.9782163502944442,-1.2150445935834675
5402,0.1440143377686918,0.09025834499978098
5403,1.1581418019208052,1.376259622639919
5404,0.7189339680706366,0.6314928391612905
5405,0.698922467795241,0.5068132200308337
5406,-0.8563398965194595,-1.3142366366716194
5407,0.7394590763609487,0.7579096151229655
5408,-1.7307488555736623,-3.098177963970172
5409,0.9753070451453997,0.7813739712080261
5410,-6.8291052282896025,-8.281810883325834
5411,0.6120305553493497,0.6458366702269178
5412,1.1191717160311045,0.9739432769249577
5413,-1.7288373146726035,-2.3047414446069485
5414,1.0044948331344996,1.0390062945440068
5415,-0.7677890763491023,-0.7452630865143152
5416,-2.0113190134896803,-2.9962591664252423
5417,0.37909364883549773,0.40819774782830254
5418,0.34264784846640917,0.5281868040763353
5419,0.5862415626026661,0.4890577098365093
5420,-1.245987284563513,-1.057192844204836
5421,-0.20080975868484494,-0.2897092504004083
5422,1.6318464205481438,1.538319760381167
5423,-1.9436483587293283,-2.6269520577019474
5424,-1.0373083506558631,-1.5052656064539418
5425,-0.2829990437342672,-0.25001975486665334
5426,-1.5355355053672624,-2.590630643732348
5427,-1.3253155714354419,-1.2213264606564544
5428,-0.81818719141001,-0.6879392937012152
5429,-0.08300684661558852,-0.08520124693466438
5430,0.6773765438734078,0.8148089400393714
5431,-0.7373091123157416,-0.700842989762688
5432,-3.1431747458616663,-3.1707092951641633
5433,0.8534794724352504,0.8344141090148679
5434,-0.38845525266082637,-0.40065323123655583
5435,-0.07378470216248113,-0.0895528103184231
5436,-4.70899178566918,-3.584492636692741
5437,0.34164939032580427,0.4478568574959243
5438,1.327978503192088,0.8937996667408474
5439,-0.250028968111754,-0.30196691506753864
5440,0.644720153518829,0.6769345086916843
5441,0.33928598115916575,0.5236024984031283
5442,0.23111363999008672,0.2832380543672559
5443,-5.07424514025994,-5.558420981713008
5444,-0.8017590777830422,-0.9452203468643516
5445,-3.211833789832591,-2.8392352154482374
5446,-0.5515475160860475,-0.6666128475175802
5447,-0.8577668164012422,-1.497689169032368
5448,-1.6286480730016923,-1.5058632425494056
5449,-0.5675451619707291,-0.5689805539182798
5450,-0.16975093160924265,-0.261337384483689
5451,0.9058573463593969,0.9835726702183056
5452,-2.6830506085775405,-3.347885796068466
5453,0.02227787354968998,0.020347621675293977
5454,1.5368762245895036,1.1366950693491669
5455,0.6005907043436379,0.536021384684537
5456,-0.8184209746133158,-1.00959812921593
5457,1.5929095343700328,1.2196563617438005
5458,1.3671259902850563,1.2873785974657108
5459,0.513811974053119,0.5326902972466465
5460,1.0660044837935565,0.8993890351361161
5461,-1.046380509679974,-1.1150853289106242
5462,-0.1055359485848598,-0.0769484082355697
5463,0.39157386030714747,0.3710530109157136
5464,-0.8769447207080525,-1.1254829506575514
5465,-0.6847990245615033,-0.7968388329248709
5466,-0.807043883613227,-1.3869644444695681
5467,-0.8644369117788883,-1.3607548164977996
5468,-3.8086079198422564,-3.9567784177881387
5469,-0.0026404742079491187,-0.0030355977214362668
5470,-0.1140686418189598,-0.12653988897844662
5471,-1.2328618185103406,-2.489986281608448
5472,1.647285978347602,1.28843760710744
5473,-0.906587542357907,-0.9060798205618212
5474,0.45537643441504244,0.713075925181552
5475,-1.7726554300000368,-1.7092846595128999
5476,-0.7333569394056253,-0.7720576634112302
5477,-1.8013975344121163,-2.4629435859632935
5478,0.4017357731804978,0.5267219757130731
5479,0.5892670892115731,0.49249149238780576
5480,-0.02547587325811432,-0.02331334545196393
5481,-0.0145529331880875,-0.023480742847127947
5482,-2.8741085136605524,-3.932756040601822
5483,0.2811142519628131,0.1985979722718167
5484,1.2940503888871682,0.9243513036038583
5485,-1.7954541953411691,-1.84160337184124
5486,0.641252722938072,0.8129166932094548
5487,1.167453866072312,1.0677501991536604
5488,-2.556484628828867,-3.078590433144106
5489,-0.32587756072685653,-0.405020451263234
5490,-0.30138917074668314,-0.4590925373967613
5491,-0.3682387799178101,-0.29504008992743497
5492,1.341089507357167,1.8172001799204691
5493,0.8189665658722948,0.7173234532746864
5494,0.5839264948275809,0.43537443441924717
5495,1.0896301693866044,0.9948493686231484
5496,-0.23269249027040217,-0.278146317439328
5497,1.1068523669904733,0.9519322104330029
5498,-0.06744547155864092,-0.08786364823012037
5499,1.7615076192542958,1.407069125257917
5500,-3.082009134460985,-2.8561877390104007
5501,-0.5052301742167109,-0.4333320914839686
5502,2.0358884558540695,1.7205387884815837
5503,-3.5915158700076892,-4.526261925027856
5504,0.12087588806601117,0.1602149601267325
5505,0.9686120415859024,0.8660915005511579
5506,-1.4118572131826448,-2.152641056988827
5507,-1.4714274431552021,-1.766081471226308
5508,-2.0693237268554676,-2.795277147907233
5509,0.6218412191197,0.5690913574636004
5510,-2.2633203235932475,-2.0514804896926697
5511,1.4783597116941771,1.3094796567303506
5512,-1.2284866022686682,-2.0810475918842135
5513,1.324803080358011,0.9134646912788698
5514,0.4610018679804816,0.34681025992451114
5515,0.03976201475475209,0.029743843410760307
5516,-3.8222360069831884,-3.938864570525316
5517,1.5939163980646125,1.5207618822888322
5518,-0.5015427594450861,-0.6223487208036664
5519,-0.4346949432396111,-0.3379955577417854
5520,-0.07160617698785976,-0.06312845848004282
5521,-1.588554099348721,-1.3217175677207351
5522,1.4632190468701995,1.3689446656130309
5523,0.0075875636842738835,0.011082458882250339
5524,0.26726436809168347,0.2725251159150399
5525,-1.1218343062468596,-1.4288447349124256
5526,-1.3202550375305782,-1.6332312741908064
5527,-1.0175199843349263,-1.1535943697356725
5528,0.40066619763243827,0.3016119764342805
5529,1.7738757212987075,1.804941393414754
5530,-0.3539060985349433,-0.33252200284253036
5531,1.2351614741392276,0.8642858255979252
5532,-0.14957924141047949,-0.28612178024047047
5533,0.970130117903921,1.0687467483320958
5534,0.18139919496318005,0.1662411718876173
5535,-0.2579918129263958,-0.3177351521436449
5536,-0.4124180349448305,-0.6003500738189231
5537,0.5060110079830594,0.40557707501582346
5538,-2.6131395443626437,-3.143142562367879
5539,0.04356503475176228,0.041030193545082076
5540,0.5162936819441929,0.714491894258409
5541,-0.11424978048315178,-0.14087595975397446
5542,1.1438392081106241,1.012227322822943
5543,0.6438265838492452,0.5113916028029021
5544,0.35186799722942524,0.302020557589325
5545,-0.03156187809680319,-0.041493499257716636
5546,0.5998659835122881,0.5302935252827571
5547,-1.4507187594363034,-2.145907721050527
5548,0.5040114609362603,0.3404645523699155
5549,-1.5238683115268032,-2.8279792489960154
5550,1.396160839661554,1.2695506363769036
5551,-0.7820284209517038,-0.6591652800921429
5552,0.281344776194684,0.26588018058381035
5553,-0.2889938172873031,-0.22855773147098718
5554,0.611836096415899,0.5200390117045316
5555,1.0428714517640463,0.8927260485497465
5556,1.2824064934260535,1.4882822500210993
5557,-0.7180574038705854,-0.6149982382039092
5558,0.24674910775116576,0.31475931371178795
5559,-1.4018273716908374,-1.3641712617029533
5560,1.618046258126063,1.1837900901480345
5561,0.5931847978098146,0.5027896354689712
5562,0.2608178534156571,0.2982977091752624
5563,-2.772897859342924,-5.254309429327004
5564,-0.3451266454172192,-0.4726271426759972
5565,-0.6654720126428104,-0.6293519961813707
5566,-0.4778149024808069,-0.771535744950018
5567,1.0468372672250124,1.2407891668401836
5568,-1.4973706687650379,-1.3401437257219388
5569,-0.7955095393961857,-0.8238439455951155
5570,0.32461814315701587,0.35245595715974565
5571,0.416918742904984,0.3878577156702844
5572,1.682573180652533,1.7093956055046335
5573,-2.379213563406668,-2.704162224226648
5574,1.6279934124362052,1.3617960643143328
5575,0.17205438121771802,0.20078283714663217
5576,0.5523353764405662,0.6111070205734467
5577,0.42522006482813407,0.42900815484928406
5578,0.6139417267214534,0.4679585337605384
5579,1.0798723166403363,0.9159333174254088
5580,-0.40947927776541115,-0.3548705709353537
5581,-0.22973154578561433,-0.31879680178906084
5582,-0.4056800056486451,-0.5671651676261287
5583,0.7809907430373682,0.8532389951978603
5584,-0.7429335660002975,-0.7442858586673173
5585,-1.604016762419744,-2.237772929355269
5586,0.5018336398885793,0.46156202224999293
5587,-0.9056288653120791,-0.7257519834730981
5588,-0.4429979121145563,-0.35024762201509024
5589,-0.3965780501247779,-0.41744011109653034
5590,1.511018205237034,1.3543238713541803
5591,-0.04247750581158366,-0.03015799420912062
5592,0.6746656808734838,0.9904309870720023
5593,1.1057417349006096,0.7855454828397349
5594,0.03741221620995659,0.03710177582378328
5595,-0.056770080716690034,-0.0609283760375021
5596,-1.0777192081559996,-1.6554802546544136
5597,-0.838822095115143,-0.8776712497791329
5598,0.0011642816790187306,0.0009931760595167846
5599,-0.3245584152033109,-0.3310272002936456
5600,-1.2819256529216714,-1.1309738644118414
5601,0.10882522538707333,0.1078139866661474
5602,1.1084869461007985,1.1736828672611015
5603,-0.29132409340656384,-0.40621217128424464
5604,-2.008116220661014,-2.9595517572446672
5605,0.9527766993078215,0.6253806623911171
5606,1.3085133822194281,0.8337213785829787
5607,1.944871661541086,1.9181853238750777
5608,-0.7644486639335857,-0.9728649911561409
5609,1.6127254167288003,1.12374126540092
5610,0.21099590173611657,0.22069652950295932
5611,-0.34572997682028117,-0.4481611780988544
5612,0.6326724914290928,0.49235616745907795
5613,0.6742017047097519,0.7722792424982183
5614,0.9328592715650457,0.5816522515321612
5615,0.5705178167896566,0.5919135435761954
5616,0.6928906264023986,0.5582008114607402
5617,-1.234796993909217,-1.3961954533429208
5618,-1.194287993713532,-1.8700531417078115
5619,-0.9473428572023391,-0.9821281732871511
5620,0.7632067981600541,0.6549426506580907
5621,-0.42670395057607124,-0.44078873301276544
5622,-0.6073643530384855,-0.49296158652387617
5623,-1.2734734901434508,-1.3600033176933095
5624,0.9234509394136288,0.6222468682063507
5625,0.3271543946468327,0.3637757578086834
5626,-1.7603481592952657,-1.634549644685826
5627,-1.4261721597388615,-1.9422374484073395
5628,0.5603215829962679,0.43306417996450886
5629,-0.8467819606471744,-0.9262310713731285
5630,1.0187655666160147,1.1242443420061252
5631,-0.8108487142972162,-0.9085222202151415
5632,-0.9121376156882914,-0.7418054392610495
5633,-1.6224185543105136,-1.5815177193606194
5634,-1.426550266208019,-0.939879392668224
5635,-0.15515548925002262,-0.16719311417469995
5636,-2.1394723215977463,-3.128162324673679
5637,0.050262827239590455,0.039564300660294885
5638,-2.2818005526411413,-3.9166952025688238
5639,-0.08967674637268931,-0.08351366897107332
5640,-1.3133473707931373,-1.1467291953505487
5641,-0.2859806154228689,-0.2378849930770456
5642,-0.9454916759067558,-0.8325239765884055
5643,1.1023351893574498,0.9696206282567306
5644,-0.09307972499463608,-0.07804255194651223
5645,1.1955026134051068,0.8890036957694715
5646,-0.6665328511795813,-0.6407907162804652
5647,-1.5738679954215034,-1.5428672927200457
5648,0.3542596368007852,0.2871177308524726
5649,-1.3438195194125846,-2.029652982245933
5650,1.0904212885799827,1.0001167505116624
5651,0.5920345562183547,0.6934943814595864
5652,-2.111444189976558,-4.06970439838676
5653,2.0497108042091745,1.5955062859605935
5654,-1.222512811901153,-1.3056059880736084
5655,-1.4118021230056959,-2.5206057912076707
5656,1.076447151412879,1.1571261740404062
5657,-0.6719555382617781,-0.784581641035318
5658,-0.49065849506939074,-0.6723985414910635
5659,0.9795575089647883,0.8119269576500151
5660,-0.7192774523277179,-0.9242132727059692
5661,-0.5072474894597996,-0.6070623242713669
5662,-0.6901127702795946,-1.1310701095594038
5663,0.5525723486051581,0.7284831773687106
5664,2.1736518238424756,1.9317555036287315
5665,0.07296307842272604,0.09341830887427602
5666,-1.1775469132248515,-1.3407467075075765
5667,-1.4758764566009297,-1.929989187397504
5668,-0.7633038227813098,-0.9632241870811332
5669,-1.069752759276696,-1.4999379296667668
5670,-0.18975452751261693,-0.19262592408847337
5671,-3.5711048650962933,-4.649941917669489
5672,-0.18015884178104732,-0.1497375669286899
5673,-1.6952984996377622,-1.0650958673109496
5674,-2.6378622877804663,-2.618994843821795
5675,-0.38497054760894867,-0.49740498275326345
5676,-1.5418877234074233,-1.9886835783788175
5677,-1.488453147498372,-1.573737137634909
5678,-1.2317451895330567,-1.490830564120121
5679,-1.5362182718586614,-1.6084986617531707
5680,-0.4984856326624971,-0.492976667896032
5681,0.09518340894312642,0.06425283251118993
5682,-0.2610366158611545,-0.20932236851294247
5683,-0.8696695656309997,-0.7694400558037773
5684,-0.6856235521805437,-0.8392149057361381
5685,0.7486098645174053,0.6313540109457152
5686,-2.4401449365351255,-2.906510565677855
5687,-3.4838141351986405,-4.4860456573758976
5688,-1.5226485797255065,-1.5494907544463496
5689,-0.7137259044398897,-0.970749531078956
5690,0.8300688882618722,0.944216017363655
5691,0.6208201064285496,0.7297636572102008
5692,-1.6169697865162782,-1.744160061344668
5693,-1.5080922056659327,-1.2503217906578237
5694,1.2268683277911503,1.0639226882961292
5695,1.82421297036008,2.062663211874648
5696,0.3645985099081517,0.5265771202892554
5697,0.8504939445248386,0.748692551550129
5698,1.379335901387471,1.5504151509067443
5699,0.9297621719168688,0.8979055135866543
5700,-1.9478251762056837,-2.6678923137585357
5701,-1.0372551448447345,-1.1657853571329904
5702,3.2072001198940203,2.014942695560654
5703,-1.1998626297744568,-1.6741357201847087
5704,0.719568728274044,0.4836929100600912
5705,-1.1130659772065152,-0.9504945808301606
5706,-0.6723242562639782,-0.5307639428658067
5707,0.5952892848784054,0.6588384501348992
5708,-1.4194851678800326,-1.32549122278236
5709,-0.27722841210513455,-0.26808635805480524
5710,-1.8604901714955806,-1.369240801666854
5711,0.8271775668101994,0.538163918679858
5712,-1.665289825168288,-1.2285244910818522
5713,-2.1480341579291404,-1.7271553758214204
5714,1.4745101119409265,1.0297232670259346
5715,-2.030245747277071,-2.0533327979310756
5716,-2.7448497949882897,-2.171656998621955
5717,1.5801607415970855,1.337132164838168
5718,-1.0162499080226044,-1.253291731697616
5719,1.1893589850690633,1.0085939898554104
5720,0.6770030778779685,0.6739610030608149
5721,1.870126053163509,1.7121731180182045
5722,0.7615194026195424,0.6663220882127521
5723,-0.8976490586821281,-1.0829037133425266
5724,0.6203941839359899,0.4318141906268426
5725,-0.2231521538174474,-0.1959835711557309
5726,0.4542161008057308,0.4363389674250603
5727,-2.706458336685874,-3.8022573329328813
5728,0.09148364827566455,0.09424813110510169
5729,-0.6960645534485619,-0.6757981978450223
5730,-0.0896789485065268,-0.09134535549379685
5731,-1.645622791494203,-1.8097253225539192
5732,-0.8743951532971169,-0.9467771461474009
5733,-0.5963819921723492,-0.5958323782467142
5734,-1.0613990954467358,-1.2209737335083228
5735,1.1470512805172461,1.3097315397559472
5736,1.254984753960024,1.031377677379855
5737,-1.0783851689707449,-1.2310720068162213
5738,-1.3205622035479698,-1.6467091445928947
5739,0.7047845336767583,0.6623995070526596
5740,0.21701385132645118,0.16945663246926948
5741,2.1367001160419403,2.0240680130689466
5742,-0.06466230780265972,-0.06577349999643463
5743,-1.251344671430211,-1.6365658395776161
5744,0.0824179928791086,0.09158344279175887
5745,1.1099826121826615,1.1076386478667914
5746,-0.426000497204153,-0.5995599461757676
5747,-1.4091597661761166,-1.6983590237815036
5748,-0.008823360089028169,-0.007646838539191901
5749,-1.9341058088619156,-2.3100940738667637
5750,-0.1614857343383773,-0.248870654352174
5751,-0.8474995839238036,-0.7110502083028253
5752,1.2255925846782434,1.0319177183935804
5753,-1.5783546178447854,-1.780751007481992
5754,-2.5834636026540054,-2.4530525082215626
5755,0.4458269217696613,0.38559816161248267
5756,0.840041508249607,1.098049199296477
5757,-1.3014097627819865,-1.3274295169599029
5758,-0.10648762398408543,-0.13777720381400355
5759,0.34490698339059783,0.4661284435262852
5760,0.2927641961271201,0.2729576870223561
5761,-3.314287983346603,-3.2288230177960777
5762,-1.3547966348445228,-1.4274078511999808
5763,0.6037028635791332,0.4711078844708254
5764,1.55721292454988,1.39456938705641
5765,-0.3211153435388904,-0.28138973322091915
5766,-0.06917673467371441,-0.06016442125969744
5767,-1.3410428763771431,-1.4125521435884816
5768,-1.1631945616952577,-1.4495237598334239
5769,-1.971323024190789,-1.9377669956615586
5770,-0.07155973617966602,-0.1428306873444405
5771,-0.7931184031363168,-1.0353159745306222
5772,-1.0671994802998235,-0.8014101587499863
5773,0.6251709785988029,0.6411793290913484
5774,-0.20581044952622274,-0.20201082158695538
5775,-0.8646755484998546,-1.0481460048833153
5776,-1.1553531354208952,-1.7296314574963012
5777,1.4472945620478037,1.8397094913020213
5778,-2.7329452205820424,-3.1815591224195092
5779,0.46465486818698,0.3962921238481
5780,-0.09569464280682387,-0.10923697026053013
5781,-0.3374304603772599,-0.4507094988975018
5782,0.6888866553298845,0.60959259600475
5783,-0.6269029960743916,-0.8366694807500761
5784,-3.4493484457761907,-4.2694904001500085
5785,0.27671339215038343,0.29751015273709536
5786,0.9126151743645027,0.8374885988051394
5787,0.24732086373553694,0.27910778600096764
5788,0.8137440640522489,0.8277812820893226
5789,0.2183425552391431,0.25348229652640525
5790,1.4437714742264114,1.0979411629757077
5791,1.066667252827774,0.8186243348791021
5792,-0.272076732922545,-0.27228581504176647
5793,-0.002384637566406957,-0.002492229386237352
5794,0.9512151609650518,0.8400282812730209
5795,0.4274388876542495,0.4837983305835349
5796,-0.8474725961402214,-0.8590654226927227
5797,-1.6202540478759597,-1.5736559184163972
5798,-0.21783792896814455,-0.16532141939548126
5799,0.63306158852353,0.47983378246612285
5800,1.2123996398564745,1.215289882817378
5801,0.29565156704944034,0.4552265943811754
5802,-1.8922397178314392,-2.756024558272103
5803,0.20888430052892107,0.2646734905036565
5804,-2.5114843395845363,-3.383688831128573
5805,-0.43361259863000284,-0.3657993363991769
5806,0.5858804470659953,0.509766985073661
5807,3.0988575466854456,3.5138229580327267
5808,0.7624045115520807,0.8116764939864913
5809,0.8038247300049709,0.6866037554932379
5810,-2.1807332151601115,-2.9481282816927825
5811,-1.8571817589450292,-2.1658022881834573
5812,0.16194780788980176,0.17764272874647016
5813,-0.11381272458502475,-0.10953455222516442
5814,-0.5208482824346913,-0.6772482097310104
5815,2.414777546381923,2.232232706357064
5816,-1.2938253216071878,-1.38841381541922
5817,-0.07511374810952635,-0.06250501519247463
5818,-1.1947216997726187,-2.3129070721259555
5819,-0.1004955648317091,-0.09430742625783758
5820,-1.3547119564827217,-1.831984400034128
5821,1.7077465692166514,1.5599216427189513
5822,-0.9512567318250802,-1.3492583871291033
5823,0.04562242122173834,0.047896041384208235
5824,-0.3443618510150591,-0.23939160882943206
5825,0.9191930004598515,0.7677991091130425
5826,-1.2661300718378392,-1.532998021354361
5827,0.6894581782006728,0.4841085362647112
5828,2.075683090673,2.207465733064593
5829,0.6418737230715257,0.612044400222114
5830,0.06679291477704673,0.09501810001296943
5831,-1.3280730156953724,-1.446296356606882
5832,1.628293297296481,1.1476214484794451
5833,0.8779028331189025,0.9891181064125313
5834,0.04065431331867422,0.03450832444228431
5835,1.6294929974564794,1.4319550519960196
5836,-6.166101936824464,-8.363515485628788
5837,0.6607477417428662,0.5823089954051759
5838,-0.2182037576527822,-0.23646665654925025
5839,-0.6272531524378929,-0.734711092510975
5840,-1.478431364912207,-1.741448417022603
5841,-0.6099766349535022,-0.7909926759509186
5842,0.2127700848120196,0.23720911356885066
5843,-1.1672259379438925,-1.6605937780767368
5844,-1.4489999503265087,-1.7700438377596075
5845,-0.23900908664215686,-0.39199272489504583
5846,-0.6486876522370892,-0.7331369983684922
5847,0.09170668972897573,0.09250858274740273
5848,-0.6630099100763331,-0.7702543127604327
5849,0.5210413310543919,0.3686099558385215
5850,0.4930481163846627,0.6195296696322261
5851,-0.5065097696746177,-0.812294420374841
5852,2.2543333400398513,1.9081051897343682
5853,1.700931288258867,1.4492898522770565
5854,-1.4210659180842273,-1.867706364530945
5855,-0.9263708767502745,-0.9970560996931075
5856,1.7163116849077673,1.278885384236971
5857,-1.1346458285654264,-1.6135859370173824
5858,-0.3745247521605389,-0.30281785960856833
5859,-2.1947116551685366,-2.73982841543229
5860,-0.646977195293705,-0.8614885719454348
5861,-0.15484210544773222,-0.20448008300942563
5862,0.700583838275507,0.6329383572375678
5863,-0.65882365884574,-0.613803200415298
5864,-0.6739074692810765,-0.6590108468794623
5865,0.15006903554933884,0.1519759482698993
5866,-0.6621572861176634,-0.6484215215272661
5867,-0.20300070859038175,-0.20572223556221714
5868,-0.6845199464468009,-0.8366140374698514
5869,0.6893466244446533,0.6787306400047562
5870,-1.5930576542429693,-1.7669691897397306
5871,-0.3566302723368976,-0.3771401810265247
5872,0.5315192093497773,0.32099637152246696
5873,-2.02185714322783,-2.1294373902047146
5874,1.6828112699014373,1.1879674790230985
5875,0.915244106647212,1.3900776940387793
5876,-0.03147375610116273,-0.03405156719916742
5877,0.947522999178442,0.9178486157671082
5878,1.095105358103912,1.3888869900638148
5879,-0.3236573739580631,-0.4148869090884207
5880,-0.8359530645079098,-0.8901680519371796
5881,-0.7505073074764926,-0.7319014805967353
5882,-1.7318175334462589,-2.6145858476199737
5883,-2.0131507120235894,-2.9016484999127443
5884,-0.8630838227227874,-1.4229972527011034
5885,-2.1871342913072827,-2.970289798401395
5886,0.5761576656429295,0.4999474884354402
5887,-1.094965508163355,-1.0199694970158142
5888,-0.23159458813707973,-0.32603647033771954
5889,-3.537367258877504,-3.8844562965274765
5890,-2.216118082846336,-2.5624348168762596
5891,1.3494254787028248,0.9580940147325745
5892,0.17735279486540761,0.18384385468161105
5893,-0.693401095012129,-0.6954876366886191
5894,-0.39739923983853354,-0.4990845852162582
5895,-0.18276643438787527,-0.19946960025762833
5896,-1.4423653719132077,-1.4612196541955957
5897,-0.5775253210703524,-0.7431950809665653
5898,-2.35431161738898,-4.263990192422667
5899,-0.11884853433719364,-0.11810303787102933
5900,0.5959621730317464,0.6633431046745184
5901,2.402376684765977,2.0416268031648572
5902,-2.4991245354864597,-3.3984913239912715
5903,-0.14818000970198894,-0.16032005956904677
5904,1.5003737022139154,1.5075760093415045
5905,-1.1203691016847568,-2.377018975332866
5906,0.007205284482780103,0.010211690593733282
5907,-0.8025887556286143,-0.6267104575025587
5908,-0.6153444857529192,-0.5762906862456525
5909,0.20378852852763765,0.2500378638469328
5910,1.0902045389319555,1.3736993285578805
5911,-1.9435495052541334,-2.579915620897837
5912,-2.798876395168692,-3.6035099140362092
5913,-2.8276357807716836,-4.580435142753574
5914,0.9271026601941464,0.7810166917164352
5915,-0.343346724534351,-0.3764544059807067
5916,0.16192353450060645,0.16686132488133665
5917,-0.466488478864517,-0.5887482872265852
5918,0.46671171728675487,0.7296145305501738
5919,-1.0383820022855215,-0.7981074062789368
5920,0.14663933929743445,0.21089243859192505
5921,-1.1612995071997738,-1.1861319760638949
5922,0.10477751293567424,0.09775545176672863
5923,-0.2956069969728755,-0.348775871944333
5924,-1.1352389702143892,-1.4923011387713714
5925,-1.0900428369714847,-2.0957505728024257
5926,-1.3009260297222711,-1.304024487366434
5927,0.6789010363506781,0.8479239121511354
5928,0.9858139978837767,0.9637398337309294
5929,1.5620402544556313,1.330019262054005
5930,-0.5117605676364432,-0.46310101437168194
5931,0.40861624436969085,0.5668208066435738
5932,0.06978183381061161,0.07564032849743485
5933,-1.4613704229479303,-1.7446524051066106
5934,-0.5494003827580582,-0.9738359339000914
5935,-1.5188289907009318,-2.5349476293490723
5936,-2.203372387509186,-3.692003478850487
5937,0.6207444757899971,0.5094428233837027
5938,0.9276349503284976,0.742513152349684
5939,1.7983187875420952,1.9165247347591663
5940,1.0709293771348292,0.8031731837640025
5941,-2.6112743080562413,-3.0110369506811736
5942,0.3096847687794616,0.26083818087163496
5943,0.4305617814125035,0.31181614761980725
5944,-0.3590670837874486,-0.5641726402093957
5945,-1.4297566610281827,-1.5333847595922372
5946,-0.08347326637060645,-0.10567413419003187
5947,0.04015416342259315,0.029736549508400892
5948,-0.3724611237251535,-0.6308653446812897
5949,0.2924893901320634,0.253992721183149
5950,0.7310787784445479,0.7759392893251041
5951,-0.31724016717209375,-0.2977682322643197
5952,-0.1858137134999588,-0.23045358838109128
5953,-1.3037624215886123,-1.7985403206783177
5954,0.7359147451215488,0.5825556128082072
5955,0.410549909494711,0.33700153433918656
5956,1.5086112353450003,1.1913836158577873
5957,1.3867050663824474,1.1502993483664135
5958,0.4014439411099346,0.40882272488363364
5959,0.10038777304984724,0.11449272174090576
5960,0.8337939111424068,0.8175481294311017
5961,-1.5078080851619553,-1.543874641858247
5962,-2.0644036095194647,-2.27998250814915
5963,-2.04552308590855,-3.2894308971536135
5964,-0.01234827708682932,-0.01725473386332393
5965,0.4829177536425101,0.613018539799367
5966,0.7931943932796297,0.7862657712722971
5967,1.3669108224190398,1.1090427567598418
5968,-0.4672668541944005,-0.5673983094069787
5969,0.4711972514701273,0.6320363677160352
5970,-3.181218745244149,-3.8200933958422802
5971,0.8648351231811114,0.9133839183288861
5972,1.8460335982148104,1.0937419870945315
5973,-2.2438571276326407,-2.792424431237062
5974,1.6745856532808419,1.6602854546614405
5975,0.8313511582948397,1.0091192872596353
5976,0.9272526478463888,0.9775413933580336
5977,0.13718049470436655,0.12989428461270158
5978,-0.638876935211584,-0.6890944946124654
5979,-5.014924410315988,-5.606632234299799
5980,0.5091330671271129,0.37258654552197423
5981,0.34002986031914484,0.33025106586625586
5982,-2.011889462386084,-3.6314071567549937
5983,0.0704471022857697,0.051602852526650755
5984,0.6264523923189756,0.6252900385655563
5985,-1.670398043457944,-1.895669254633559
5986,0.26767474666501245,0.32221908394744636
5987,0.224093195080675,0.21383452346246418
5988,0.1935036626637909,0.18084780062563718
5989,1.180751095070195,0.8294383557974008
5990,-0.054945039046100666,-0.036151702175053944
5991,-0.5402586934022078,-1.2624928895354162
5992,-0.5155014873028935,-0.3816601325833373
5993,-2.2555637621822187,-2.9253072488324396
5994,-2.1278857048605646,-3.0363589795370025
5995,0.5523360722027356,0.6305887218731208
5996,0.6056080056278103,0.4861535480950329
5997,1.318039543926985,1.018183492777815
5998,-0.38148132187530936,-0.47286968198880724
5999,-1.4410013639090822,-1.5269738885434185
6000,-2.7676624560233254,-3.3430144114230793
6001,-0.43200755155837584,-0.5603109515586134
6002,-1.0951283775372012,-0.9761617119381409
6003,-0.16596696153542598,-0.1999969639231172
6004,0.7132473843980328,1.0580017758310105
6005,-0.4712340850977824,-0.4799372700748295
6006,-2.7620659911105636,-3.221166223679905
6007,-2.1991353326569865,-1.7547105696321184
6008,-0.6114809399600339,-1.0014814616859156
6009,-1.4186264043399903,-1.1841091499067824
6010,0.19686870473717893,0.15592670438229408
6011,1.0034529790570481,1.203158540911086
6012,-1.3235031621711828,-1.0553391716548977
6013,-0.9019410316160854,-1.0145672967286947
6014,-0.817787450102505,-1.4147565019748078
6015,0.9080033454012674,0.5909896016116399
6016,1.2801607037134761,1.1694603975535263
6017,-0.414175446791869,-0.4563964490925614
6018,0.03246914983568146,0.0378108064380585
6019,-4.195938881795381,-3.879115101475076
6020,-0.8789600028026147,-1.2006314860733587
6021,0.5100595797495944,0.49212725275407365
6022,-0.3117879973850961,-0.3521380200326806
6023,-1.627743903325085,-1.7505976834012622
6024,-0.7541539846029861,-0.9996215264930831
6025,0.23478447014965795,0.1871348369692416
6026,-0.08388669695614168,-0.07396162280352965
6027,0.022357510551987498,0.01881210267772203
6028,0.795908331074855,0.4930009872140454
6029,-1.0213815508571504,-1.2006685556667742
6030,-0.5319019056043732,-0.5248316499600539
6031,-4.921049568622238,-4.75220636689887
6032,-3.0202223613530315,-3.5109832788850532
6033,-0.7710075402765996,-1.2041043818747086
6034,-2.8893036971742334,-4.270982518321971
6035,-1.95549242603559,-2.576336917993973
6036,-0.20429406818491597,-0.19919158296371234
6037,-1.9693143083452012,-2.0442690128592025
6038,0.5660730081842072,0.6848476072081716
6039,-1.4788513526086942,-1.3532313271101628
6040,-1.965905160045088,-2.5324486954540704
6041,0.21595320606635618,0.15980122276112854
6042,0.12378708021230271,0.1851913058030098
6043,0.7879891984236744,0.6012854564920396
6044,-1.8763103477658858,-1.762336521545081
6045,-1.6110241430504173,-1.4249191467073783
6046,0.2540932672890843,0.20939554331064644
6047,1.4096751633372977,1.2439575761798507
6048,-0.4902454650026979,-0.5003381981249465
6049,-1.2739664923284257,-1.7461110153709445
6050,-1.2945312636342705,-1.7004135239906535
6051,0.7443316620050531,0.5311351751543899
6052,0.3216920116566309,0.3229300900188741
6053,-1.5765413284154197,-1.7881764162106473
6054,-1.2085111726354516,-1.2205212009896584
6055,-1.0459743664284913,-1.4471492555562968
6056,1.421517802082599,1.5334315446533537
6057,0.11543041639916159,0.12311969171969617
6058,-2.6639561896171493,-4.111418737276651
6059,-2.5434845645704285,-2.2756937481216135
6060,0.7928360053765532,0.6606229500830127
6061,-0.2050085199317755,-0.1668083984946265
6062,-0.3028027209667009,-0.4323434465201764
6063,0.30585244915997456,0.35451348376771863
6064,0.6722202402222861,0.6664365563285373
6065,-2.0248682303899046,-2.5122361062216916
6066,-0.6086885670058665,-0.9205748140056528
6067,0.14678235609731843,0.11318851490899941
6068,0.18491104228143287,0.14816898440262394
6069,-0.6960122890677953,-0.7520668533234532
6070,1.7356861752681882,1.8090260024513638
6071,-1.7685475136635114,-1.97626421949407
6072,0.7567088724376897,0.7373824801874562
6073,-0.4100368952800488,-0.43926860858634836
6074,0.7431056470422396,0.5803688491913522
6075,1.1072593376793969,0.9899818182808922
6076,2.1466499348417916,2.2694448268668004
6077,-1.889086293000936,-2.244622120402069
6078,-3.8563680387688493,-4.732400532514492
6079,-1.0673132866165536,-1.577175820465689
6080,-3.9170035310956965,-3.670117317492419
6081,0.37518290257620707,0.3022697248643035
6082,0.2305919349608933,0.2240666262215484
6083,0.22565244236601464,0.2267396026116516
6084,-1.8209264864159482,-1.8921522403707045
6085,1.4131453777374094,1.03030185194926
6086,0.12226302635380505,0.08184158623942116
6087,-0.8906483010029193,-1.323044383272113
6088,-0.9374869499227002,-1.0540425061222747
6089,0.23047057887206476,0.23137209316079552
6090,0.010964419553102706,0.018183105832576582
6091,2.0651101712314652,1.7343603747741774
6092,0.6172298281436566,0.7120250692725519
6093,-0.09438044470185877,-0.1051214039095301
6094,0.6344878213409564,0.4530468901565418
6095,0.18962104383555228,0.19867040233592598
6096,0.9811785084736243,1.0500174533304698
6097,0.6713717624980934,0.5992664122622842
6098,-3.7006531552977258,-3.440835605811988
6099,-1.3927078303698543,-2.170951807707747
6100,0.10464307727153534,0.12876910255853072
6101,-1.6658956463485741,-2.462569423438084
6102,-2.589874751090641,-3.0148160751073867
6103,0.09024062284177048,0.092397120644584
6104,1.5835850564303833,1.469638783498535
6105,0.02021882458862175,0.022161872328503158
6106,-1.6059315505773097,-1.7348085873139036
6107,-0.6832496756184668,-0.6138823969509142
6108,-0.4967897271257328,-0.49083179678803723
6109,-1.3432219890758337,-1.9635129034642562
6110,-0.34064439534871516,-0.5563866526546914
6111,0.5827808485549762,0.7567360634944204
6112,0.988952191034334,0.9309218686047324
6113,0.8163978321975017,0.8909483260728941
6114,0.08275902233692418,0.06656212240195762
6115,0.3616946328217955,0.47636141922337144
6116,-1.3186806161331417,-1.1889408831319102
6117,0.5317128386027526,0.5195605077358832
6118,0.6026073018395223,0.5383290894097988
6119,-4.87849503255123,-5.189556502911071
6120,-0.9798142276318637,-1.17995330148129
6121,-1.3632623991749793,-1.7870865582129118
6122,-1.0609458051761047,-0.9122768630630531
6123,-1.9351790302644607,-2.3768329882393586
6124,0.15459168452958674,0.13868162886315252
6125,0.7373973685772323,0.5250021177954035
6126,-2.970832098513284,-4.3093255829245365
6127,-0.24081541522861843,-0.2990576004243713
6128,-1.6934972433937592,-3.8789712516156487
6129,0.07991497111858076,0.08394683937029596
6130,-0.37930432904367156,-0.6148474871282072
6131,-2.270086310722613,-2.676168948283632
6132,-0.8658272826865723,-0.7819266489530172
6133,-0.5606297783002583,-0.5838371079036269
6134,-0.20884378535056028,-0.274975584405332
6135,0.3353076510214053,0.2478950886342945
6136,-0.5797739238390441,-0.6631391752792876
6137,2.0016135083137856,1.376473193804404
6138,-0.2641178474382014,-0.2919290388149076
6139,0.043463729432202676,0.050173711356865096
6140,0.4332559062957039,0.4370460188605621
6141,0.04612537017764513,0.060613386631497575
6142,-0.5245940823054703,-0.5159886960457517
6143,1.0725104922005315,1.2764362526864708
6144,0.19106292055272414,0.1628084076777198
6145,-0.828150105417284,-0.7208122204828139
6146,1.1404705190672633,1.0361293225206962
6147,-1.3066000171056384,-1.5438845236754468
6148,0.43856992680647705,0.5205942194546197
6149,-1.2813564814525449,-1.4564793892577639
6150,-3.6903730272703563,-4.889311868575438
6151,-0.8239849414185393,-0.7795882339860756
6152,0.6539365352319706,0.4400172477907996
6153,-0.09444408149342674,-0.10699512471764672
6154,1.0461203736119817,0.853979674937321
6155,-1.7059928641678537,-1.7780848806923089
6156,-0.6653609343323237,-0.7724252537250875
6157,-2.033079812974287,-2.2582698004112385
6158,0.5484822595184257,0.7455844602228227
6159,0.5759954122439871,0.5098882628170246
6160,1.207957810289847,1.0495660975057364
6161,-0.5399664219007717,-0.34496143587116695
6162,-0.3270200979083292,-0.48679274587846894
6163,0.47972009684477357,0.41953703594775643
6164,-0.6098756128708418,-0.42493338061863833
6165,-2.2470854705064816,-2.071394813903638
6166,-1.6558906136651579,-1.5416204564520157
6167,0.37336306466179836,0.3596154601455619
6168,0.9689926462144892,1.118422895413569
6169,0.20394507629284972,0.19476230534511166
6170,-1.269459253561289,-0.9811449937052016
6171,-0.4937125044812738,-0.550962533701404
6172,-1.6387449077123133,-1.5705789643873378
6173,-0.5625648574988756,-0.802355318500066
6174,0.3525455739147832,0.4132715390921381
6175,-0.005514747114858294,-0.007804402303890853
6176,0.5593640810940457,0.40376445838706976
6177,0.6697076689668079,0.6801931305862718
6178,0.4471669085522874,0.6593042517156568
6179,-0.2630231019828317,-0.22631157341961675
6180,-1.6957759722870824,-2.6338568732495933
6181,0.06701357490318059,0.07172891874400882
6182,-0.08326519065843661,-0.0927591166020829
6183,-0.710781855743549,-0.8757003840236401
6184,-2.419062681360912,-3.2521374554680658
6185,0.7291336364017255,0.7265691752342947
6186,-0.671617080709318,-0.70263403203725
6187,-0.8279845426526292,-0.7057968392773295
6188,-0.30221207340343287,-0.5555938560267327
6189,0.19545244475122658,0.18667050332706128
6190,-2.101293751568131,-2.984375315821248
6191,-0.09218955476569925,-0.2076065568752131
6192,0.5557435139532517,0.47694689519846534
6193,0.698404053999183,0.7778753918187132
6194,0.9720540838706447,1.0590088155793569
6195,-1.0888020690431317,-1.2359587878136888
6196,-0.15935105038478772,-0.16994025752565953
6197,0.9817925896955243,0.7972546955841838
6198,1.4166000081102263,1.2196377369400804
6199,0.9307849633955252,1.0041416252133188
6200,0.4494505890853016,0.4775519547740764
6201,-0.5781395077590008,-0.5176845465552724
6202,0.5906362537856467,0.6995287755781717
6203,1.4256294945830452,1.4366648210023654
6204,-0.9485938414113981,-1.2592424673844897
6205,1.138310175160114,0.9110945857194913
6206,0.3144116847325323,0.38917941987468174
6207,1.166094288043566,0.9681289462058786
6208,-0.6122971621671327,-0.6777658676420153
6209,-1.0164570638557133,-1.731858451053647
6210,-3.086077966567247,-3.3824530397901906
6211,0.48437974476870826,0.4598752853761179
6212,-0.20088923448845797,-0.28134070774930375
6213,-0.7684212734735504,-1.2968802236619892
6214,0.0149754255342553,0.045083776384702366
6215,-1.020925431306798,-1.1835471763590366
6216,1.6496065013974381,1.1342880160449194
6217,-1.4645383480763097,-3.711881100936163
6218,1.5143609668023104,1.5277930729181972
6219,-1.6960057231663643,-3.239698102499772
6220,-0.5824762106773407,-0.6089155402758961
6221,-1.0427450296390015,-1.044612764374968
6222,0.4135377543148679,0.478314306279304
6223,2.409661995619707,2.0146345773760506
6224,1.3607851556719777,0.9131699634893504
6225,-0.12458829054798354,-0.11292424019598696
6226,-3.3459502891161996,-3.4890280687836968
6227,-3.337374674399465,-3.3317382012575334
6228,-1.9040159074779894,-2.5566613142894488
6229,-5.039181364579224,-6.435871504354991
6230,0.5008224916915439,0.571012348423935
6231,0.7718113634185616,0.6926863179534265
6232,0.8320750212147103,0.7749194894865357
6233,-0.7295836606023511,-0.9684833828739735
6234,0.13194302321709636,0.11039599862836515
6235,2.018609678331393,1.430707137349179
6236,-0.12682712261479012,-0.08670597291813595
6237,1.321384772772633,1.2623237885074161
6238,-0.5265129499898356,-0.46591559182142084
6239,-2.90464956294685,-5.142751330460674
6240,0.7635121253416992,0.5834306372014252
6241,0.18789252536503598,0.2538228954549619
6242,-0.2405030406606864,-0.5108242506119876
6243,-0.5401809997575947,-0.44382066221010313
6244,-0.4007855860218926,-0.46922044859906054
6245,-1.6061030314759486,-2.4040075769148133
6246,1.4355539797972172,1.010522864880286
6247,-0.31778550538121453,-0.4693431272610076
6248,-0.18906315082026665,-0.168984311121807
6249,-0.9765783841162453,-0.9686996136261246
6250,-0.09325343075707432,-0.09057977014172192
6251,0.15252827285366263,0.12973820506189188
6252,-0.5936428150804733,-0.6479683946298121
6253,-0.7731792023639746,-0.8834015101018832
6254,-2.470758244098903,-3.2217753300532945
6255,1.6153492358045831,1.361549868784382
6256,0.13568315968323283,0.15118423068723474
6257,0.8351174686071882,1.0028179380631659
6258,-0.17804157571029436,-0.23941513972071116
6259,-1.155903431992597,-1.5629912478800396
6260,-1.7070478557354687,-3.4779279548465776
6261,0.5996601159478504,0.39337867457398545
6262,-1.1913489675840279,-1.2120294121743265
6263,1.8429065421175128,1.5370377805952335
6264,0.9266527369026993,0.8667898970186761
6265,-0.43257583790837845,-0.5577981368080464
6266,0.3061759035848821,0.3961495862474047
6267,1.2213641237613557,0.9330938489208481
6268,-2.0322725643384816,-1.6722572352830922
6269,-1.721678282936725,-2.023455867238889
6270,0.17789287508406754,0.22045404425079496
6271,-0.17136127082943756,-0.28119805393077485
6272,-0.40047122398841967,-0.5855828721994719
6273,0.9286437233694316,0.750149801043397
6274,-0.6997291016813874,-1.147992551901024
6275,-0.24630604811296522,-0.2616422598772238
6276,0.26437809997993,0.3966028491953777
6277,0.5676503564426204,0.6002090862020066
6278,0.3964606934996129,0.3425022759768763
6279,1.0362062757980386,1.224177397872477
6280,1.100126667149483,0.9550231491591652
6281,-0.8742609587781441,-1.3359368991167417
6282,-10.375671097717657,-10.769129870113586
6283,0.6048187319824293,0.8397518749670401
6284,-1.531636707078424,-1.8250008943833667
6285,1.4238000282840302,1.07343663285976
6286,-1.026204412194457,-1.2944453472606288
6287,-1.0085362465857421,-1.1199602450437467
6288,1.1104395311101456,0.9091928776774953
6289,2.4012368155777124,1.573635184653293
6290,0.7088691052014018,0.6010616082024636
6291,0.8147922702936757,0.6048049899254565
6292,2.4495708844292556,1.8232478958279603
6293,1.0048726652226558,1.0340185867321534
6294,0.6263739169506198,0.6917656989816013
6295,-0.8287029247924598,-0.6540848362723971
6296,-1.6721719078380712,-1.8284814181162594
6297,0.2724483582480055,0.3477867413587423
6298,-0.4660616820102837,-0.8855419774567036
6299,0.17728522878938974,0.28039498340489827
6300,-0.41531445965530245,-0.5961581050244276
6301,0.25816829945932857,0.332992484298191
6302,0.9744724011929762,0.9907124681010879
6303,0.038348209433390235,0.030026279170889784
6304,-0.08705186455581035,-0.09343144719109124
6305,-0.7745748492813933,-1.0274642350818655
6306,0.5138445100219031,0.47504261425699584
6307,-1.3509845905430213,-1.503340956929122
6308,0.20095145593682212,0.19744981735176445
6309,-0.6270873582681711,-0.8705806960247814
6310,1.068659525138137,1.2600529207391935
6311,-1.0018226759466473,-1.3062597457462184
6312,-1.8665099719623415,-1.9637446207642377
6313,-1.1911500577378296,-1.2421262731114278
6314,-0.8333566989566398,-1.647410261298362
6315,0.6890061352490712,0.8249591547874875
6316,-1.5915548079999726,-1.700716816330778
6317,-0.58821142687158,-0.8798367748118717
6318,-0.49532350774716427,-0.7504355727496805
6319,1.3585441954727733,1.0691662660470969
6320,-0.5347865416755923,-0.7147820109571295
6321,-3.4361849815457433,-4.31832267510244
6322,-1.755802897138617,-1.7215719170999557
6323,-0.32754500698964406,-0.3210612756126504
6324,0.5932366817614898,0.7286480935164462
6325,-0.30068185845100165,-0.2728357147217145
6326,-0.7443313204888903,-0.8058550991959339
6327,1.448734874261664,0.8861340294968303
6328,0.3633201641161147,0.31574747941694487
6329,-0.9096361230693527,-0.8316354087245243
6330,-0.8169291217790665,-1.0050409334060428
6331,0.2643885490571449,0.22167611872352322
6332,-0.4795022790870981,-0.3825447776034857
6333,0.9649631787526736,0.8177736648545207
6334,-2.8490374506268066,-3.641621073684994
6335,-1.1712900654638323,-1.4423301479720787
6336,0.5845838854086542,0.62261741928681
6337,-0.07906509073035634,-0.07806836774410737
6338,-2.9845118616443127,-3.0283967534212284
6339,0.4701161901758077,0.4067315674192972
6340,0.6525620737982826,0.6365842987936535
6341,0.6212508012561603,0.5648943338651086
6342,0.8531988040273791,0.834842591078963
6343,1.2528016918108316,1.2394324445159604
6344,-0.8988731978231616,-1.0997433397299474
6345,-2.89224078780767,-2.8339675418079113
6346,-1.183227405312339,-1.488376323001024
6347,0.635742234441422,0.522909622683161
6348,-0.338344187973491,-0.35294869982211363
6349,-0.18480887240787341,-0.18698077708336833
6350,-0.6112768194694314,-0.9690643886395482
6351,-3.464273908420875,-3.5787728789702147
6352,0.8686971743962771,1.0383889840739469
6353,0.14878876434208604,0.21478295604661524
6354,-0.598293563573858,-0.8844327808451808
6355,0.9808144143111175,0.6995827361905586
6356,-0.8394039013847132,-0.8868752281096561
6357,0.3338942645614854,0.5046065261715277
6358,0.7653768344853229,0.7269523889713962
6359,1.4849955560603953,1.1815334234588046
6360,1.1173976451083605,0.8773420914798762
6361,-0.7044931174354351,-0.5974505318395682
6362,1.7121051811990056,1.7815177024356008
6363,0.405586561435738,0.3834069028072836
6364,-2.141064440306026,-3.9314641968328092
6365,0.1365023078972672,0.12404779261280645
6366,0.9011741818894538,0.730717763348839
6367,-0.6983042318341127,-0.8993323440153647
6368,-3.529080368421515,-4.5384723368816715
6369,-2.0684227819317615,-1.8380966293259096
6370,-1.9307748120835528,-2.363601827850142
6371,-0.045180608047349184,-0.0381104512559772
6372,0.9445221041947759,0.7919891358764957
6373,-1.9876557211866135,-2.5532312518716087
6374,0.42701357272909474,0.45772159745599034
6375,0.7977968597367369,1.0682256901431246
6376,-1.0878806633814586,-1.1287716811109783
6377,0.45966425904920427,0.46332849099184675
6378,-1.7926300389494314,-2.4212335125859035
6379,1.3520342765931757,1.313274824732389
6380,-0.8035380626478252,-1.0543918842922235
6381,-0.9200479738182897,-1.097743547924559
6382,-0.9008598922628964,-1.0001491111743959
6383,-2.184688102359299,-2.859288181544396
6384,-0.5454470611237777,-0.7666229017022401
6385,0.8200919103782184,0.8515150733387008
6386,0.28567910780617967,0.2735941599597164
6387,-0.9430897898828445,-2.0396057173897284
6388,-1.6832146410533155,-2.1076109822070412
6389,1.358176943694654,1.2249517580406586
6390,0.39342875962771356,0.471264122225457
6391,1.099133400545848,0.8500712718378666
6392,1.0500506098515716,0.8529650305878591
6393,1.5288650339394991,1.1370249587256427
6394,-0.7850648827477694,-0.8287068351575365
6395,-0.303750031754937,-0.33588887354218805
6396,0.27808961819833183,0.26870009794761746
6397,-2.235295287567821,-3.6383113968677807
6398,-0.6098726277289473,-0.8428582898088879
6399,-0.5000258230938355,-0.5658505332987813
6400,-0.39725981584369036,-0.35441646443661506
6401,0.6022869074937053,0.6596399906123218
6402,0.9368834082330127,0.757038117601893
6403,2.211317987415542,1.8581877350827691
6404,-1.3281162900858698,-1.4350299037394354
6405,0.3272313238777687,0.3034889584557911
6406,-1.7050695757959264,-3.388011267397827
6407,-0.18059641300372073,-0.221390800242519
6408,1.1805267915324549,0.9089614972640203
6409,-1.3453520683120126,-1.401174181987362
6410,-0.5147275743161405,-0.7781996551115902
6411,0.7329301586422642,0.7775935146912182
6412,-2.778042114930057,-3.7123283339680055
6413,1.4434690127508465,1.3764900897554027
6414,-0.6573874873739766,-0.5293950781826364
6415,-1.1956351971461725,-1.7258202123594517
6416,-1.5736120383694343,-2.012006079470042
6417,0.4473963555322805,0.3395947739713117
6418,-0.8389773075338519,-1.3985440303411272
6419,-0.1336600514346988,-0.14841264007764343
6420,-1.0839437731111585,-1.499747700403844
6421,-1.2162601042769512,-1.5127573757473467
6422,0.830700071103188,0.6175563880021403
6423,1.3125315062775322,2.017447796973039
6424,-2.5473448851780414,-2.4920373260235915
6425,-0.8424631493482221,-1.0463936341021316
6426,0.18694814780675295,0.29691891771033463
6427,-2.5071956705422043,-4.288435597741045
6428,-0.640572283958583,-0.7476588247855762
6429,-0.27357044624687277,-0.2395332704654379
6430,0.9748568968962916,1.0172563387251154
6431,0.36595847313307533,0.3296267804600678
6432,0.6029326480232403,0.5466591467599261
6433,0.8354164480003076,0.6326130722296782
6434,0.3662176640697028,0.4238465833889669
6435,0.7599872032478818,0.8431212381944511
6436,0.8706983409591781,1.0777928651238842
6437,1.4086459002889655,1.2015558844349337
6438,-1.6302529363687008,-1.5912484003852527
6439,0.07358057373045149,0.06422110710386186
6440,1.5738379710604287,1.1175974117662644
6441,-0.454295469324174,-0.5382426039716786
6442,-0.17436373156383717,-0.32126082314015963
6443,0.9344626993187909,0.7687040082062542
6444,-0.04090926668873992,-0.06120187727348621
6445,-1.6973816424178494,-2.235920638429375
6446,1.5653455815298114,1.878698674073158
6447,-0.37160789066745964,-0.40229211635516954
6448,-2.809814755278621,-3.0479758444540153
6449,0.729173013420255,0.8044833074038413
6450,0.36563746447194717,0.31568300511501785
6451,1.9865815651342273,1.9938564974657507
6452,-0.2312307023451417,-0.2849320789244464
6453,-2.096171843382173,-1.6152290217121665
6454,0.18019063553285167,0.12156988980331852
6455,-0.5565810702377435,-0.8470243801561362
6456,-0.3369950910501215,-0.42902353487052564
6457,-1.6639634925937883,-1.6562469463732334
6458,-3.351001926784815,-3.294581271719534
6459,0.28715147581968664,0.23991305882934857
6460,0.32477806865183423,0.3956690643811153
6461,1.017737716457668,1.0534056020496891
6462,-3.021779138216485,-3.7032697627491586
6463,-3.4779255739867088,-4.312640278762773
6464,0.2023359029134707,0.4528940007580983
6465,2.5293494044706573,1.6614121620417357
6466,-1.3631388531844169,-1.8364284257760468
6467,-1.8638133264583714,-2.0472179620601874
6468,-1.3872319533482884,-1.4457115189038787
6469,-0.7444755665188031,-0.7609282373712473
6470,0.3659757595735219,0.3664012692615189
6471,-0.45053215899035276,-0.40215471321420143
6472,-1.4040484869774588,-1.4133125863189129
6473,-0.5869494396217791,-0.7815668905223287
6474,-0.10738151145715993,-0.11602935061356
6475,-0.20826718636559322,-0.14635852010063183
6476,-1.2144049857792396,-1.4472626919428173
6477,1.4640120608704443,1.0924320166798172
6478,0.1392394335479207,0.13198111384553093
6479,-0.007289261385491198,-0.00794550779770868
6480,-0.6355749165169463,-0.8840897158228692
6481,0.1345609461255535,0.14265486197785152
6482,0.2636953757926886,0.27244813440295595
6483,0.24544970857222786,0.35484302557566105
6484,-0.7539740356940631,-0.7948592181927677
6485,-2.993080366639619,-4.149597982516714
6486,0.3131976856302163,0.29167153321026007
6487,-0.38947581047175656,-0.33041993373892325
6488,-1.9921643732850538,-2.0938462778858886
6489,-0.359737248016559,-0.39089201242074806
6490,-1.0463343701960728,-1.0292483908972863
6491,0.2644946924850064,0.30384592078597117
6492,-1.687166190165898,-1.692178637622961
6493,0.6400233594055965,0.5687389800595253
6494,0.40313873740314954,0.4943076038782652
6495,-0.31038079983409317,-0.4266006806768486
6496,0.32528907001114427,0.4611713569321976
6497,-0.9739477402511624,-0.999989288258557
6498,1.1343886103903134,0.9076231360754993
6499,0.6105005769383548,0.5781336086002047
6500,0.9697316718750464,0.7557289388923644
6501,1.603077827202926,1.4720210475837012
6502,0.00969242924215019,0.012664796767286454
6503,-3.4745044141257577,-3.8693899328591157
6504,-0.40449377142368137,-0.28932627279507006
6505,1.4139055713008992,1.0758987985025223
6506,-0.3968234716254205,-0.4936271209376057
6507,1.3667601017498403,1.0704582464877026
6508,-1.7222827327475752,-1.5603180502759146
6509,1.378267572394432,0.9667283276348865
6510,-0.8145253635690162,-0.8147584344864854
6511,1.8699463729594605,1.2718429623437308
6512,-0.2858142437559952,-0.5768696232236028
6513,-0.6173476283794346,-0.6056376026059714
6514,0.2587159846970287,0.2625519092700123
6515,-1.2327224232925011,-1.6541160237849113
6516,1.3677122700488376,0.9132911601829535
6517,-2.140285569850039,-2.382820653123448
6518,2.4464668693653184,1.549596328030287
6519,-0.12782546517951007,-0.0949408666522315
6520,1.8625071931554702,1.4247806469412014
6521,-0.2637294668908075,-0.2721050634338936
6522,-0.4504601839157404,-0.37761804743760097
6523,-0.4899400862005406,-0.3963988405161506
6524,-0.37552676059332046,-0.2713190297765228
6525,-0.7950738396658117,-1.0366792226083494
6526,0.42947891641257596,0.2943855628641238
6527,-3.751530673545809,-3.7666468277845464
6528,-2.452180689621346,-2.605406065327312
6529,-4.899998299433297,-7.135443168793103
6530,2.1465489690676742,1.5814455850113152
6531,1.1632604471907626,1.211705382782295
6532,0.4063515363379994,0.6719962524899452
6533,-1.2261552075343394,-1.1444636458195514
6534,-1.8592894325306424,-1.8996261617184633
6535,1.4946788953407772,1.4418479834950617
6536,0.21793896575222296,0.16081539305885495
6537,0.24884230183255457,0.2334053608527878
6538,-0.02109031071322539,-0.03191731478496191
6539,1.5900656559730175,1.723060712866643
6540,-2.8110702819403293,-2.787357809637278
6541,1.8261901955014033,1.478057193555685
6542,-0.6191284976648624,-0.6895331703783115
6543,-1.302944498817537,-1.1356895391699633
6544,0.09449843065354029,0.13546949768305275
6545,-0.12195321970967091,-0.1738628545242221
6546,-0.3602417709670482,-0.5760241710669957
6547,0.2072697188613998,0.14517965770262306
6548,1.1437021054258694,0.8853665462131156
6549,-0.3614699479630458,-0.3384973013286179
6550,-1.7724026781104312,-1.8108640140975327
6551,-1.075981106306384,-1.175990328114377
6552,-0.1338323193728876,-0.1696428003038395
6553,-2.066110395281656,-2.392661408881836
6554,0.24796073652045977,0.35710285931764485
6555,-1.4930995461352266,-2.175723155501107
6556,0.7713934618501477,0.6698802696279236
6557,0.07354283701237202,0.05676437304455216
6558,1.2392721964128721,0.8710928643512896
6559,-1.2039789166299242,-1.5340112145478904
6560,0.3812317752430531,0.2737664638702577
6561,0.8465954330903385,0.6899026402405826
6562,-0.6674951936155864,-0.8969365109294438
6563,-1.100110736989914,-0.964668058053015
6564,-2.0881669249629558,-4.00933729367064
6565,-0.3495505431908138,-0.4420482258581828
6566,0.9848443525861387,0.8688167653020495
6567,0.024982455977320725,0.01719947960921936
6568,-3.9233330700400564,-4.798871675587829
6569,-1.6671179297946022,-1.5966610281442024
6570,-1.621133372954086,-1.6177226897054076
6571,0.7779875665077071,0.6351835946669931
6572,0.27094294997036206,0.27508309271182385
6573,-3.285283888223302,-3.760455491617059
6574,-0.9809379858581188,-1.3302269467244678
6575,1.0341154362646479,0.8343861287489801
6576,1.962291708237708,1.810203963187976
6577,-0.2752237224710037,-0.49760866158330225
6578,-0.05201242450077036,-0.04790363829725046
6579,0.5910014597076864,0.546819775447353
6580,-0.8486094724640765,-1.2730066939477804
6581,-1.8471092480345739,-1.646372076821526
6582,-0.29517102222601277,-0.2503366655619987
6583,-2.508922310585247,-3.8311508086302424
6584,-1.4106671917169369,-1.8831543888101914
6585,-1.480101574101046,-1.743776818024391
6586,-1.19656090647852,-1.3547902875853222
6587,0.26966877346537305,0.16364306039104873
6588,-1.8153455013430138,-1.8955101151554665
6589,2.880320671518322,2.5126114833130724
6590,-0.21094501225565246,-0.3107079882425803
6591,0.8413238435033523,0.8063112346452843
6592,-3.0643773456150543,-3.8927705940463384
6593,0.6225277680454502,0.5879245787917516
6594,-0.5570396546360812,-0.7069671420149864
6595,-2.2041217306934797,-1.805914505957292
6596,1.3255606842706662,1.122212515994622
6597,0.47685801438961745,0.4132807362731949
6598,-0.8911208861946314,-1.038866229807236
6599,-2.7977425212812594,-3.332707500292943
6600,-0.19257577576930412,-0.2496040473742711
6601,-0.7144514373488798,-0.7831265346966795
6602,-2.504418770874769,-3.467063530799013
6603,-0.26019548044328017,-0.30503029451550184
6604,-0.29887638952308526,-0.29356633893548734
6605,0.019345626041781132,0.019010208705812826
6606,-0.45261141613034633,-0.5516258711271373
6607,0.6717347589054682,0.7639295294634312
6608,-0.9378591878700774,-0.9268447666691412
6609,0.1686932768697043,0.16459115354229908
6610,0.7301743747447825,0.5851223457206117
6611,-0.1346831625202645,-0.15633418188749076
6612,-1.3570676917185702,-1.948126540293056
6613,0.5814082960750143,0.6025430075392847
6614,-2.9398818127676973,-3.278419477457676
6615,-1.4854855109338692,-2.7064839390600155
6616,1.5401542958874552,1.1646743213029869
6617,0.9349455732863565,0.860281140981441
6618,1.878710910816318,1.3163394868146645
6619,-0.9788381440396932,-1.9063047342535635
6620,1.0922682171701374,1.3217126865684448
6621,-1.2070299472824455,-1.2104898681754528
6622,-0.5676556650067305,-0.5842824967182623
6623,2.095926789051849,1.6569114533768845
6624,-0.28324025970531214,-0.3107008404135792
6625,-1.074866276164113,-1.4146521585218257
6626,0.22361943076153762,0.22757838880470943
6627,0.45861184265565236,0.5428347688841209
6628,0.013925029355973909,0.020498994054797114
6629,0.32126442424482393,0.3010188484882279
6630,-1.5709679431285968,-2.124316181196503
6631,-0.3639557272713119,-0.49558741816885665
6632,0.43871495925044635,0.6457336403133608
6633,0.6260517213750505,0.6317097764721393
6634,1.0669846945057653,1.250936491340263
6635,-2.9170077992118872,-4.2621153045024665
6636,0.3287062978661482,0.260378418198634
6637,-0.3241359683506194,-0.3187969646731362
6638,-1.6016871324689355,-1.9900494382818554
6639,-0.621815841269989,-0.7545283359006111
6640,-2.9508417395054876,-3.8672850185215695
6641,0.4421862579520114,0.41422426234548326
6642,1.022525413360331,0.647972495432249
6643,-1.0757486258779019,-1.3778545279581003
6644,-0.7911148266879107,-1.087878256784481
6645,0.7761425015629528,0.7470478930887053
6646,-1.5785418318158004,-1.4323139442674173
6647,-0.7012482907030054,-0.5327495701015363
6648,1.2932093978118373,1.081763865832274
6649,-0.33142363350166903,-0.3990876713408967
6650,0.6111596745328195,0.5212036022759384
6651,-0.14476276458129897,-0.15758751701157556
6652,0.8615704320752061,0.9021481053141983
6653,-0.5219371590544051,-0.535989488307494
6654,-0.020958428579784267,-0.021723385601829744
6655,-0.481972348325972,-0.6013125439525293
6656,-1.0833291817312025,-1.2366335285384942
6657,-1.0321884201107887,-0.7981455328831696
6658,-3.337452604973549,-3.572216854753397
6659,-1.0679042448429046,-1.7827687502394387
6660,0.6379808967667476,0.7577786363511423
6661,-0.07252571065508384,-0.055438194396923136
6662,-3.5552619944659387,-3.61244555053784
6663,-0.5911380683651428,-0.5874898583267345
6664,0.46355952673231954,0.4323725107708384
6665,0.36178549002764404,0.38706476734748485
6666,-0.04455160611313792,-0.04380187512099533
6667,1.344208441052877,1.4939518405801409
6668,1.3034259885714286,0.8818905006243282
6669,0.4083141719174412,0.27084410970640865
6670,-0.6562124102545022,-2.128851018291538
6671,-3.2029592970123693,-2.8731281341016706
6672,0.8426827117453065,0.8976558405976304
6673,-0.6215076291317597,-0.8969128822159919
6674,-1.5879911254716892,-1.9835097839148312
6675,2.781781450797668,2.23197345031688
6676,-1.8292933925049757,-2.5570824279614714
6677,-0.23891437651328787,-0.19069098866848158
6678,0.6188154013771987,0.6788091653363663
6679,-0.17384808887692227,-0.1650971867953309
6680,1.29558069405927,0.9896316896664865
6681,-0.22187835661779712,-0.16534859887022268
6682,0.6870264059407102,0.7311008982802907
6683,-3.1173121101587373,-4.2032175313633475
6684,1.8853640612366231,1.9749641048175919
6685,-0.7012325941127266,-1.0442027830990277
6686,-1.1457681257048156,-1.0652328555217443
6687,-0.11559283822977659,-0.11142516479314052
6688,0.626475237578928,0.674357566245202
6689,0.4501187051359116,0.32793557351914365
6690,0.3833217048444526,0.39813025125588364
6691,-0.14686476945207913,-0.1450149519759069
6692,-3.3961148551784843,-3.6943406919793604
6693,1.598160121035703,1.2601526272821255
6694,-0.46964878947049676,-0.3926548022148468
6695,0.15665347616932676,0.17410859092074438
6696,-0.17907745247918355,-0.19152104520689367
6697,1.628393194950834,1.5575727991955701
6698,-1.5534672230227382,-1.7391147147967039
6699,-0.6564748795291697,-0.5161693555375968
6700,-0.8719753579773524,-1.006665793573097
6701,0.5881731075288902,0.7329888665183795
6702,1.701811670963029,1.1819121452479109
6703,0.4740516730218642,0.4999806736467431
6704,-0.322383301658856,-0.4613211866835579
6705,0.8986094109777795,1.1005927633740633
6706,-3.387537493140542,-4.925888648218284
6707,-0.33194817285688294,-0.35333674923196584
6708,0.3635725361476876,0.6593153463698423
6709,-1.5311441381430022,-1.548236422463016
6710,0.10462721457895603,0.10164607514865961
6711,1.1658220556270658,1.1825156065884972
6712,-1.3712977092712064,-1.5199150879464565
6713,-1.0169039233812014,-1.3742954060947619
6714,-0.8770154932300103,-1.2803460287285067
6715,-0.3862319166293079,-0.4386748268242037
6716,-2.585038750960839,-2.175431375864596
6717,-0.07668081160075765,-0.07960360887965
6718,-1.1893162015224827,-1.0672531740909137
6719,-3.1486160326539077,-4.339431605513252
6720,-1.2679646459301352,-1.6752387520903977
6721,1.0736289116561653,0.7626680964042207
6722,-0.2986911530369747,-0.43173324351412123
6723,-1.064729910176035,-1.823375058752717
6724,-1.7663235660386916,-2.33718699564865
6725,-0.9495396242425873,-0.8107569228626189
6726,0.1466617859158029,0.2456019706135647
6727,-0.03866916461921261,-0.03324169384340287
6728,-1.0171437844237528,-1.2051155514428726
6729,-4.634817565673501,-4.452774641591671
6730,1.1929054080404382,0.8193950795667111
6731,0.21804158085878364,0.23956117856135709
6732,0.776511531834777,0.9675511718993716
6733,-0.06269041685382915,-0.0876259869140519
6734,1.3987806361257842,1.109531741361664
6735,0.07325956672749656,0.05541145856637641
6736,-4.97031255205452,-4.493484235680456
6737,-0.07143663791118733,-0.06238928440173194
6738,-0.06717721760866659,-0.10648350379528063
6739,-0.7486205310841493,-1.0706018143687388
6740,-0.6614559141676513,-0.5663441578066922
6741,-1.9700717958446503,-3.107614468302808
6742,0.45979849566632575,0.6862442596175475
6743,-1.3992921535628107,-1.7530647999758027
6744,1.2572429631562636,1.1027092824002331
6745,-0.39701523270472033,-0.43934429908375816
6746,0.17020561834794956,0.1812098561763743
6747,1.2226666760342852,1.2288228601985978
6748,-1.9654638228498236,-2.044236905531603
6749,0.410902247454222,0.4330356721859238
6750,0.9342477671191476,0.7948188539428996
6751,0.7515352600674604,0.9289731572747445
6752,1.491991177265435,1.317104578736413
6753,0.6516724483437883,0.9922106080968557
6754,-1.2568668948680204,-1.2666091485210296
6755,-1.2608100018473496,-1.3523032997197468
6756,0.0054938886878733864,0.007166605171767124
6757,-1.0626305538334382,-1.4191188517395623
6758,1.3000419557370462,1.2251641532083493
6759,0.028250461556369,0.03616792589882496
6760,-2.298000261263013,-3.0708388752634654
6761,0.640846638314672,0.6150176909458056
6762,-2.2216701268096597,-3.536271458459128
6763,0.8353589237661129,0.703486443761824
6764,-1.6568950752632854,-2.113479835386841
6765,-0.1696955333394192,-0.19211966581633658
6766,-3.3033167061026334,-4.009393070414352
6767,-2.7537990883572054,-4.882114969837124
6768,-1.4956944012025204,-1.5359158069940564
6769,0.45981061232493353,0.6794946476553105
6770,-0.6741936500941049,-0.8129503182190878
6771,-0.27719292927071515,-0.304214879511579
6772,-0.9203052080962675,-1.0089180288034933
6773,-2.522523128559487,-4.676374773349272
6774,-0.821572194337864,-1.0980514679067792
6775,-1.6800031684665206,-1.5712184757260057
6776,0.9732647952709003,0.7811007275588172
6777,0.13394476957430065,0.1707756991567555
6778,-0.936534979101136,-1.0869922375192065
6779,-1.5007532850155272,-1.5216115579371825
6780,1.9539824468578795,1.3967971801472465
6781,-0.5699555775172861,-0.6763010200029296
6782,1.3733936886288132,1.227981749681393
6783,-0.38989919598415895,-0.5330525611478384
6784,0.0872744723906354,0.09459601761714181
6785,-2.8839770845856614,-2.9747993150934415
6786,-1.2408510395987273,-1.272282169978406
6787,-5.075714972484432,-6.891972711302155
6788,-0.5262693298511608,-0.7424885888449668
6789,-3.579658580996502,-3.7616438410862867
6790,-0.7513592742828838,-1.2292187366671146
6791,-2.6656549032790378,-3.207822942249001
6792,-0.4861937362962035,-0.561879171361912
6793,-0.7642815742854349,-0.5943511134593804
6794,-1.646420028484374,-1.6814274478052056
6795,0.3469314723007456,0.334007363240554
6796,0.13292445276449744,0.17723415614286728
6797,-1.547964527427496,-1.840990715177346
6798,-0.11856555282699352,-0.08496789271436982
6799,-0.7940031641893293,-0.9361023963982272
6800,0.22577419326522674,0.1888673255948453
6801,-0.8500045591345509,-0.7598245911159783
6802,-1.0670710566425614,-0.9666368062121369
6803,-1.6564614342976434,-3.5339926745957024
6804,-0.6231330836778308,-0.6161150667362322
6805,0.1226418928533911,0.11480741514327898
6806,-0.5017143732601959,-0.6526198041565958
6807,-1.23013190239215,-1.5446095488770604
6808,-1.3334338691595053,-1.8959222281067767
6809,-0.8231117742710437,-1.0034122124604086
6810,0.7868335372339667,0.6003883187202643
6811,0.03255150922415513,0.0398777888165718
6812,0.011248633662117112,0.016823132427757456
6813,-0.2416473926507223,-0.2546373292889973
6814,-1.855818530053719,-2.1548148861083027
6815,-0.5511467762706036,-0.688333931541544
6816,-2.0887306577381324,-1.9810286533939956
6817,-3.181187344166879,-3.6253984909368766
6818,-1.5390316799484847,-1.7509866451722897
6819,1.0190524915940362,0.7860593149573742
6820,-0.9016360103831822,-1.0233724464164229
6821,-1.616905937965917,-1.3891045885789628
6822,-1.4873886960287703,-2.4776807540191
6823,0.2601461508766576,0.28863122131772445
6824,-2.078085340980546,-2.614457832934921
6825,-2.7859804386851796,-3.6776427909365115
6826,-1.032006113379691,-1.9016756849933156
6827,0.9331100218210818,0.7349378415023838
6828,-0.6852737750177125,-0.698113866361873
6829,1.8245113771248194,1.210868825166929
6830,-0.021975991348403487,-0.02291999127636068
6831,-1.75316700181882,-3.143941063580641
6832,-0.08487455052742113,-0.11539879444237573
6833,-1.889236035525866,-3.929228064705314
6834,-0.9941725818282438,-1.1028232331387504
6835,1.0269766459591783,0.764921613249721
6836,1.7652352175373691,1.297863040414665
6837,-0.5283585986950142,-0.6457328118277157
6838,-0.02649493830431541,-0.02821003860839603
6839,-0.07357817045511246,-0.10235060084566347
6840,-1.8305743632189477,-3.20778508842316
6841,-0.7978258175638491,-0.9802831118231102
6842,-0.8169602719205818,-0.8867193111609192
6843,-2.1473441852745725,-2.6897498569957845
6844,-1.3386936618753742,-1.4714184101295062
6845,1.9388805962278897,1.31503978369409
6846,-0.49110817805780504,-0.6259036106831003
6847,-0.5813444566252751,-0.637867411763132
6848,0.5678100874137658,0.6440104759721094
6849,-0.8199201254428637,-0.8842101193235944
6850,0.4832893152911187,0.7243059197957987
6851,-1.4054178422570864,-1.7778482998343879
6852,1.4761869364128255,1.4669477938555822
6853,-1.4543297814424074,-1.9628354158897667
6854,1.3642684054427359,1.0883077175854448
6855,-0.7191581938118669,-0.7327182382909283
6856,-0.9940862582425284,-0.9457527564303142
6857,-1.1428919421409556,-1.430215044788351
6858,-0.7896182025317741,-0.7234603091420989
6859,-0.6275495252155133,-0.7354377323969377
6860,-0.5921540917154677,-0.9483775718516414
6861,1.5157765557793805,1.1874818031814038
6862,-0.2717540608069614,-0.2552307119915531
6863,-1.0945987200096943,-1.2576255991316212
6864,-1.384136291020167,-1.4363732103558902
6865,0.8052353430791834,0.744472573657332
6866,-1.5525740980629734,-2.1094326266942693
6867,-1.5681987772306087,-2.314889850206762
6868,1.143340866860102,0.9478717574710359
6869,-1.2598179649349543,-1.1475714204379472
6870,-1.057627936626276,-1.591245973514758
6871,-0.7518642974063624,-0.624533353864839
6872,-0.9334392733924198,-0.7991407215936719
6873,1.150890014462299,0.9595314481754066
6874,-1.169524834654925,-1.2618236328469405
6875,1.2864254709411074,1.239984044956583
6876,0.6764159392934458,0.7189738703762517
6877,-0.43403652377497026,-0.5746063220337546
6878,0.18219883902622463,0.3083837508158517
6879,1.4068070399781423,1.1962838005675263
6880,1.3796998582355975,1.2541817598638703
6881,-4.484219763525896,-6.590671168798461
6882,-0.4565204890258559,-0.4939661340576386
6883,-0.8218563646106906,-1.3463269821449833
6884,0.6686894908072678,0.7100021029876619
6885,-0.2247118842839147,-0.23062936524739544
6886,0.17170731166566292,0.25039038019339394
6887,-1.076249756859897,-1.0724712594721397
6888,0.6921182979731737,0.6630536839433848
6889,-0.09714905087036622,-0.09454935941460885
6890,-0.046365708289194216,-0.06057277855090969
6891,0.2726676747731672,0.22576633035095275
6892,0.1893757184630438,0.13744413042389234
6893,0.3368232563569352,0.3765787657177027
6894,0.6210525439806169,0.6370567362987425
6895,-2.1205789085195947,-2.281240489042531
6896,-1.2446458317160565,-1.3562470236482336
6897,-1.3705900437697371,-2.6734889644424733
6898,0.5096715510586135,0.6942477263118354
6899,1.4478063805320944,1.529741289680295
6900,0.33235667089894516,0.47883919038150696
6901,0.17590040615388325,0.14856979530310246
6902,-0.10332176107935728,-0.10082552218143269
6903,-2.75499109991704,-3.145569905495137
6904,-4.7911918004854,-4.118532828086063
6905,0.0640225452761181,0.06940983168528818
6906,0.07897857124235061,0.10679880521016516
6907,1.8227903132813055,1.571204698079472
6908,-1.8701760791245887,-2.7481720593079713
6909,-1.4362636173085404,-1.5567454678244141
6910,-0.1348855350248818,-0.29896698352802803
6911,0.08740858119113178,0.10384999856327558
6912,0.7326060997636704,0.7978028157762974
6913,-3.7926292947749123,-3.79810760275575
6914,0.47590006890584313,0.4640049380868642
6915,-0.7532513078083374,-0.6922409215659473
6916,-3.9839294777113747,-6.150400064043466
6917,-1.1709122071459364,-1.3392121429215014
6918,0.5736235421924644,0.563735852151463
6919,-1.0731230161313117,-1.9038288473137441
6920,-0.17250446314170592,-0.15922376565893773
6921,0.8785297783803598,0.689512547580395
6922,2.8628736346297172,2.3308758925842294
6923,1.566786736122517,1.2388696241880846
6924,-1.2031672171882557,-1.2638675657534375
6925,-4.596600637833756,-5.662297382284003
6926,-0.01783409444709718,-0.029678013555604812
6927,1.6331866034902793,1.4086746156093526
6928,0.6637596112455116,0.9065235280881911
6929,-0.1421298289709254,-0.1455642341387526
6930,-2.261528239659201,-2.2151770064477407
6931,-2.5681493897093715,-2.979319325518407
6932,-2.129742664081433,-2.3790897428545392
6933,-2.4728351692255006,-3.7391291209188218
6934,-0.23953992658062556,-0.2954649163091586
6935,-0.7955264752879507,-0.9414758470186799
6936,-0.14450336749910275,-0.16113735628300596
6937,0.2846104311742734,0.32794772057314314
6938,1.779308698284025,1.53449891213076
6939,-0.5425701782125788,-0.43737025549108083
6940,-0.9663532742755592,-0.8714903024738482
6941,-0.4547561131883422,-0.3315645825405545
6942,0.5597715077172836,0.7101742881761028
6943,-1.1124181588566415,-1.0033510024334484
6944,-1.2828453902624515,-1.2284638180597505
6945,0.44850635804678257,0.511826666495923
6946,-0.7469385169021879,-0.6108953801919579
6947,1.19224913532376,1.4637308784450118
6948,-0.3876271918623252,-0.4476493421743776
6949,0.8007361427646487,0.6990809789535574
6950,-2.225660101246059,-1.818587140204118
6951,-1.7514087200980724,-1.7631959839875546
6952,0.6080098519851315,0.5433882329070395
6953,-2.318696289810742,-3.7131578520592003
6954,1.472600907108148,1.1884415327369113
6955,-1.6164905008530874,-1.9015713912439258
6956,-0.8639456666609513,-0.6115085949166247
6957,0.073277139380595,0.06883803788516878
6958,1.5205257899430455,1.351219362174569
6959,-4.178981663748429,-5.930700355130723
6960,0.14925312387739245,0.14688303439010594
6961,-1.9845173515677628,-2.694177316873595
6962,0.7729485792713497,0.7803591443855052
6963,-2.737021258960744,-3.381919655139958
6964,-0.026754808662525126,-0.03257903893812534
6965,1.5623880966811727,1.6353592379268342
6966,-0.4972748774247187,-0.5660017601020069
6967,-3.5951976906450134,-3.984044840868003
6968,0.29629890023610655,0.3058228922085595
6969,0.23163681483369875,0.1621451352427931
6970,0.6851068580267702,0.7207204761898445
6971,-0.8359210125966408,-0.9226729993811643
6972,-2.648487758523499,-2.855226858605327
6973,-1.6070236182338893,-1.2265336567683167
6974,-1.1163999614192222,-1.2447011822227352
6975,-3.7754413834413025,-4.478084619723984
6976,-1.9239730041753327,-2.491288658424416
6977,0.19555475090933394,0.2486295226805286
6978,-0.7316974235500532,-0.8579995574134989
6979,-0.23354605803146414,-0.2578934954707429
6980,-1.2886953329906794,-1.6912965127432908
6981,1.90318012608933,1.376947938944067
6982,-3.7131612669270835,-5.23450657763485
6983,0.6353582127806152,0.4007377153597588
6984,-0.8331852362206018,-0.8866631271336614
6985,1.1113911139039787,0.7015553079064948
6986,1.3804102439417671,1.4202282059690532
6987,1.9400832761830924,1.6051515101565457
6988,0.2219663346123574,0.16809681267140603
6989,-0.8160537182524613,-1.6962502288359131
6990,-0.5620697907107214,-0.5608960193148701
6991,-2.2124764773424963,-1.8577731415889522
6992,-0.7439756399413429,-0.829392655980093
6993,0.19093973295671743,0.20205465925316343
6994,0.6107178831307761,0.5663343681311415
6995,-0.6645653321464072,-0.6847643355511122
6996,1.7927335291751751,1.4875467716009116
6997,-2.104687085073528,-2.7832899242067373
6998,1.2454721359200618,1.294982383075259
6999,1.830121032075182,1.2095087243645004
7000,-0.5783083902923524,-0.4884459119558694
7001,0.1816413135149269,0.22676684054356713
7002,-0.42020515954471654,-0.8173324667874009
7003,-3.694877980113636,-3.2683013700111654
7004,-2.2046492366405195,-3.1147346184984954
7005,-0.6535501675907717,-0.4945357389732954
7006,0.6749775705835157,0.8011988917808217
7007,0.8495559761183599,0.9944812329867915
7008,0.8589097956324436,1.0845659924064217
7009,1.146604222512909,1.0862198363813498
7010,-0.21973018179771242,-0.28281583397453347
7011,-0.7360819446879059,-0.6928804155230784
7012,-0.11615989605580537,-0.16038360216412906
7013,-2.112528805990314,-1.9623180301543601
7014,0.6631012570736559,0.7844952497401857
7015,-0.8893853560255456,-0.7503552961918929
7016,-0.09486851614763941,-0.15127702989039957
7017,2.0108922909677003,1.6500917717519192
7018,-3.6781063583581006,-4.761547160393947
7019,0.43978696070913537,0.41479581221061956
7020,0.4895889645891431,0.4236612001049056
7021,-0.7338455265548544,-0.829673316483093
7022,-0.824448002586242,-1.4526840847101836
7023,-1.6741160060097822,-1.628376555790334
7024,-0.3801815521816373,-0.5716460031651953
7025,-0.014425388919485372,-0.016909716665341336
7026,0.12367957207026803,0.11583136089576929
7027,-3.653267372160737,-4.061694355469587
7028,0.5834910640362051,0.593833577448518
7029,0.08061780213888338,0.09084672310138622
7030,-1.8015446145288647,-2.3132246892762462
7031,0.567199656804289,0.8787365408680642
7032,-1.5709656382684232,-2.076506487840802
7033,-0.13966578853901915,-0.11873883966393672
7034,-1.3610231673743485,-1.5795669901076974
7035,1.0965359548359568,1.5353305808488904
7036,-0.6208784570402359,-0.8828285434808729
7037,1.9881626853196508,2.5057219696689756
7038,1.0767457386576396,1.0042572078931935
7039,1.006088936950584,1.0516003995617196
7040,0.15194234672663665,0.15976272536997677
7041,-1.6075157525447354,-1.6408531089424174
7042,-1.2028186042371263,-1.1794728814488817
7043,1.3126048223567488,1.015154059161882
7044,-1.3762587693066801,-2.690309602526712
7045,-0.3697500580129451,-0.30955617149374365
7046,0.11120949205102884,0.09624552049406326
7047,-0.5040239700118536,-0.8803973331845171
7048,-0.525972861402309,-0.49812526553990566
7049,-0.22154127739787205,-0.21629475443269366
7050,-0.8401128035964552,-0.9450541551782151
7051,2.442897753778154,1.9765245005758885
7052,-0.2623538823994813,-0.34023303019773193
7053,0.9695660054011158,0.6868730705765655
7054,1.0251582491565554,0.8957726334150349
7055,-1.8667568241778183,-2.3321852202325677
7056,-1.0609763649056299,-1.0885634774074044
7057,0.1950713191464309,0.19245111486923358
7058,-1.6517682678850383,-2.4357311406211593
7059,-0.8226495077202236,-0.9267650248880526
7060,-0.2651190723700025,-0.22025964700983883
7061,-1.4915022691924757,-2.119218089499916
7062,-0.16915165935590942,-0.20239037207449379
7063,0.19879607596547913,0.23022261813669437
7064,0.19389558035470938,0.14415961221942322
7065,0.7513826697634197,0.6086706437771804
7066,0.31233130656684777,0.29696058424111443
7067,-1.7836108112177254,-1.5493378716963488
7068,-0.688127697211223,-0.7698149853413377
7069,-1.216266283722975,-1.462615183955803
7070,1.1541361217040889,1.1997363385294186
7071,0.8363617695840861,0.6865282332883218
7072,-1.5914036537426661,-1.6543633735783911
7073,0.031094700960047284,0.03392420747255566
7074,-1.4616865496218485,-1.998895733008042
7075,-1.1300716755808804,-2.1959473843986066
7076,0.027729663386637703,0.024039880489570745
7077,-0.858168785121161,-1.4008307871738486
7078,3.0458126259222498,1.936894490111961
7079,-2.76574200562443,-3.4276101342187393
7080,-0.141003241098743,-0.12194832716065024
7081,0.2798292256131563,0.24226194165133685
7082,-1.3951422561450229,-2.72411351307393
7083,-0.8970001645636327,-1.3780371539522966
7084,-0.0505282741690228,-0.053038748827099184
7085,-1.532783419254159,-1.574292857901025
7086,-0.7947015250745256,-0.7712509038531251
7087,-1.6350389466810338,-1.7767195713828514
7088,1.4708410484062622,1.643542620541197
7089,1.071400500296355,1.0974417851301466
7090,-1.1307441047120819,-1.0803406148959835
7091,1.6691453485320413,1.2415885929276667
7092,-0.8073880146805822,-0.9913780621265501
7093,-0.5105731379242368,-0.4876939870316247
7094,0.3551496426617909,0.4693381254821625
7095,-0.735298346474643,-0.7293461212284735
7096,0.45892537402915623,0.3955382526451167
7097,0.8900243853038361,0.8347902494727543
7098,-3.086896427172181,-3.4357078785155686
7099,0.2949051758559809,0.30914342246488485
7100,1.8487857723079892,1.304002603242912
7101,0.571284370959765,0.5194649562894967
7102,0.557805033479728,0.4827239050292903
7103,-0.7072938041015384,-0.6037167922268634
7104,-2.642247522555091,-3.731183128445474
7105,0.22437486525706377,0.251284717348428
7106,-0.440475166579195,-0.5597086851581236
7107,-0.5144614507708796,-0.6378046385430718
7108,-0.10492148004165039,-0.09074187992563784
7109,-0.5832842307845824,-0.4323376110164099
7110,-1.9120929002561586,-2.1644457907366723
7111,-0.664088932015156,-0.8016423185322215
7112,-1.2829396382821876,-0.9892426707457584
7113,0.6816702761175361,0.9555224837538029
7114,0.2425915839351813,0.24674233990482286
7115,-1.739260193923345,-1.944365245383644
7116,0.36611824998192805,0.26424620338374344
7117,-2.5416457568335775,-4.178622045151013
7118,-0.9406646549788747,-0.880812123841514
7119,-1.3447549362840652,-1.1188618341082825
7120,-1.5806401582023737,-1.770538098408418
7121,-0.9795392054127439,-1.023963759871968
7122,0.4317451133140893,0.27557614117409146
7123,-2.17101070332553,-2.518241077121395
7124,0.12058533842981992,0.1260343618850359
7125,0.7174274042331847,0.5516757683920192
7126,0.7813663197212339,0.7992768469238921
7127,-1.3030721662642726,-1.9892600185195577
7128,0.44476359966695583,0.49184642918163207
7129,-0.6241858680125357,-0.7139961753435162
7130,0.9501787735405501,0.9207696845741281
7131,-1.9819414283559325,-2.1915105930127763
7132,1.0719602341084788,0.8721634236200826
7133,0.6251065163205399,0.5951841679661108
7134,-0.7172928032521247,-0.9300106721892747
7135,-1.5557110705188075,-1.4610274568989725
7136,-0.7685347891055394,-0.6400589475295306
7137,0.588145438795755,0.4338154457187589
7138,1.0759461993004795,0.9046227952418224
7139,-0.31283703067477425,-0.35866430859229825
7140,0.1919992455369026,0.25898939419701406
7141,-3.656681466055128,-3.8305308018202866
7142,-2.6852664182275108,-5.503905559535741
7143,-3.5924734243243703,-5.931012994948381
7144,0.3346936979025727,0.3516592721626726
7145,-3.1448333820161327,-4.119456174283421
7146,-0.17164158801296694,-0.19365921602781566
7147,0.5480959131650381,0.6360471154544286
7148,0.5464333353921806,0.5241954104549329
7149,-0.6114366858884656,-1.1036817279725164
7150,-0.6977010311948115,-0.9209616273514325
7151,-0.31900004350583794,-0.3424160988378889
7152,-2.090986222193888,-2.4538934882361527
7153,-0.09176308210575058,-0.07445260781397074
7154,-2.4342784622644906,-2.090767818593747
7155,-1.1097334658709388,-1.4210897364353519
7156,0.31773115975523036,0.28460478819526097
7157,0.7299458756753083,0.6428565669794619
7158,-1.025089944970182,-0.7153431592211368
7159,-0.13262775745997146,-0.09975007796424464
7160,-2.693389161033552,-2.512372816814924
7161,-0.7472572195949979,-0.6041494988967845
7162,-1.2413299168381868,-1.1414454714143965
7163,-0.7994056232973779,-0.7384777779603494
7164,1.6973829387633084,1.2352165035777853
7165,-0.6565634106181912,-0.9197905182997761
7166,-0.8478687534138893,-0.7103173689927138
7167,-0.16191724663426021,-0.14846438495926803
7168,-1.5587578648865057,-1.6899396292124764
7169,0.5194529947243726,0.49903929464185487
7170,-0.2333475653203826,-0.3223307139340085
7171,-0.8692162539492707,-1.4706014986523832
7172,-2.2466055543760035,-2.4849467949421538
7173,0.44651564292361284,0.5449193001936253
7174,-0.9272245406522688,-1.3009521487021767
7175,-2.4595082314579533,-3.462194730548037
7176,1.455181385592586,1.1602269141543495
7177,-0.44368145089756733,-0.778432306758922
7178,1.6092445378449354,1.604341733588711
7179,-0.04781228058498707,-0.04739250278634125
7180,0.013774335635918804,0.021879255193655852
7181,-1.0208425072397502,-1.1649234691915635
7182,-0.6895619044110814,-0.6738471098446109
7183,2.0156733696402696,1.8799456519695192
7184,0.20632505213201233,0.18742534804831118
7185,-5.016960730740546,-5.418953613380469
7186,0.8842549623376711,0.9579030961880581
7187,0.7807031450593562,0.6168594857536311
7188,-2.729966806368743,-2.951984842055838
7189,-1.38001537432362,-1.6591908734268268
7190,-4.406848975021082,-4.14125953359586
7191,0.35278812595649284,0.46764661430302507
7192,0.29789524072679346,0.3060658210701003
7193,0.19318783735428602,0.19861285221006486
7194,0.2464083232909663,0.23019718139482315
7195,0.2857417059423739,0.45413824386125856
7196,-0.2542093485572779,-0.3522680494204638
7197,-3.9499690838751667,-4.0877614136191305
7198,1.12540494741826,0.6891044186843326
7199,0.32055203319471215,0.31375400839862855
7200,-2.4284373659105802,-3.6682839663285067
7201,-1.1278088365498251,-1.2954513677436932
7202,0.7034966711837985,0.648368425121778
7203,-0.6213516390606483,-0.8220825730680215
7204,-4.261131385063828,-3.8106176345553906
7205,-0.8820331812098333,-1.165944837039181
7206,0.21041999685992638,0.22810794922983452
7207,-0.30376638465920663,-0.29947005819873335
7208,-1.962828492117888,-2.9294375161476593
7209,-1.224582148101479,-2.681784541057084
7210,0.386323232935241,0.34351287538276815
7211,1.4840757028300264,1.123360141597277
7212,-0.1792464093480296,-0.16308147493858363
7213,1.1066699226614722,1.0988881765196568
7214,-1.3154878890867188,-1.773175941877624
7215,-2.4477619601011784,-3.477400764323511
7216,-0.664549488009964,-0.7261337524855104
7217,-1.0531358785774247,-0.920827754499944
7218,1.356017969479454,1.4573988428630307
7219,-3.722558975211231,-4.5502713136064035
7220,-0.9894944718262773,-1.665150724208015
7221,-0.779186807438595,-1.5279734608130568
7222,0.13944519968348917,0.15150185610360217
7223,-1.5718604229550992,-2.5434689239647907
7224,0.6445087332722677,0.8201674165430303
7225,-1.0400281523402992,-1.494524943905596
7226,-1.0888082706405529,-1.1726124704311502
7227,-2.659621840710601,-2.8388691872094807
7228,1.0170144284939857,0.9189309604302174
7229,-0.42899374293641457,-0.5563461494774259
7230,1.303454624630309,1.2478834421440799
7231,-3.405660252279499,-4.816649228864191
7232,-0.39007331225182196,-0.34072112400619997
7233,0.5282681170545155,0.6444348788845717
7234,0.26964844452358355,0.23417568479044204
7235,0.12293190219056606,0.20687514899225048
7236,-2.9827021847202397,-3.229524038529647
7237,-0.9989083571916788,-1.6061277916897498
7238,-0.7216061435903565,-0.8182253555282454
7239,0.11951812889822312,0.10510497379222392
7240,0.8321075531645404,0.6420652486166982
7241,-3.556131587379706,-5.002468060200667
7242,0.21908001650586564,0.19655974300400536
7243,1.6433974067690122,1.758891322367746
7244,1.1240782893569659,0.8149480919395089
7245,-0.21570188029913626,-0.2244408706888001
7246,-0.16813769605902648,-0.18996023676452312
7247,-1.101850216715995,-1.1734965288908756
7248,-0.04657727569250864,-0.06429000973919463
7249,-0.3407378156653528,-0.4189719250251064
7250,-0.8930214961063014,-1.0231992031870911
7251,-1.1429397469102769,-1.8117337490575784
7252,-3.5450275329520893,-3.801483041314338
7253,-0.6507985419133365,-0.7248947188570058
7254,1.4256209291939932,1.0439782476457993
7255,0.3686323671529901,0.29776041686775984
7256,0.6125688283231046,0.4004927027110909
7257,-0.6250463969146505,-0.5372927290599212
7258,-0.691360977953563,-0.6919354463999742
7259,-0.020565865221600494,-0.020956040474368793
7260,-0.5414419869372286,-0.9492039454236318
7261,1.484555860614153,1.2021484409084995
7262,-1.1584784881663341,-1.1368189947741878
7263,-0.9683401743776967,-1.4827099907764043
7264,-0.5861725283005451,-0.6301465384670518
7265,-0.5876604458009435,-0.8275119340876413
7266,-2.228946289159252,-1.9836324063645667
7267,0.7630896191864202,0.850621801376745
7268,1.9229676232142128,1.634347433446635
7269,2.1267407977059563,1.560889544697467
7270,-2.6214682867046704,-3.44071293337282
7271,0.5334760994984251,0.5470164022312584
7272,2.2562384521407486,2.7575028914775235
7273,-1.2440653579331862,-1.1467070773532895
7274,-0.11787497893485051,-0.11247631176856808
7275,2.0157203222291593,1.9255517568227858
7276,0.9795856099836624,0.7221255656283408
7277,-0.0035119734827712846,-0.002944426074619116
7278,0.24676124577474035,0.3527284204486635
7279,0.24462419344600883,0.2355758298405586
7280,-0.16081227103496398,-0.23072903236591968
7281,-1.5086172674693725,-1.650414789624604
7282,0.8238989801912997,0.7045015283347765
7283,-2.123881618404172,-2.3830317082981707
7284,-1.528548416020531,-2.054218073447099
7285,0.10586681268045442,0.1422678656544612
7286,1.4270786994751428,0.9856726071516607
7287,0.504827579752631,0.47609209692684884
7288,0.3483184967716231,0.23944124015707638
7289,-0.8855189677596382,-1.2118315403708677
7290,-0.7633223693060054,-0.7692343176603051
7291,-1.7015837799552238,-2.139936135606859
7292,-1.4150374737970117,-2.0992943323137485
7293,0.4000393749570904,0.26369399111513686
7294,0.033750338741102524,0.03777450295637025
7295,-0.5919713973145203,-0.5164099433696429
7296,0.8288593668982654,1.1109407599997179
7297,-0.9250391930701319,-1.0956011805847357
7298,0.8939711923699638,0.6648073863242793
7299,0.8706023264713736,0.7164106684092387
7300,-0.23168053853488696,-0.2771326886853211
7301,0.798624188678628,0.6743476108497822
7302,-0.32192749767273576,-0.27138476584269255
7303,-4.871835966662017,-4.708162124422761
7304,-0.5565084272721841,-0.5612005895081205
7305,0.9520739900940249,1.084710778001239
7306,-1.1186318509125084,-2.005108643656975
7307,-1.9303437975594173,-2.126186820779568
7308,0.25590200103584243,0.25554656129068826
7309,-0.6506632393589032,-0.6410094651668148
7310,0.5272439863828251,0.4118809940168584
7311,-0.24458893299641776,-0.19438939028274865
7312,-0.3349157877294954,-0.3182769970663486
7313,0.5169521299654521,0.5012506437739522
7314,-1.8244633144536968,-2.3203947470566497
7315,0.5880900641519765,0.47278805688921016
7316,0.3139959668699972,0.2697101273744799
7317,0.3990329793601447,0.3452485694078492
7318,-2.1187318244843336,-2.3861387219124666
7319,0.6426498261514317,0.3807653668224699
7320,0.32084289992776055,0.32938020377695804
7321,2.7113619978800476,2.4350075609117434
7322,0.21476294484686065,0.20523173402242317
7323,-1.2219968805711878,-1.5211981343740626
7324,-3.018303485363935,-3.309304118191384
7325,-0.3870652807348856,-0.38858503627408464
7326,-3.5494536659801517,-4.279305314049392
7327,0.5185104007954581,0.6217825998334523
7328,-0.47474519806664495,-0.7338340583280627
7329,-0.030566332983653386,-0.02945091411566838
7330,0.3066067197622926,0.2897357945230052
7331,0.6513805328204691,0.5039128461148286
7332,-0.9791214609774208,-1.335021639442096
7333,0.6202872580915735,0.44577394097850753
7334,-0.3567514348596848,-0.4346618368437157
7335,-1.2685309865981709,-1.4521508766698372
7336,-0.6758137876642216,-0.681649682545586
7337,0.6514887382373892,0.4795274643322699
7338,-0.04495547978363456,-0.04964368692137072
7339,-1.1067585239620692,-1.2303997950758767
7340,-1.3565798509317528,-1.0884842297145
7341,-0.8655272701985463,-1.451399453859008
7342,-1.004896998850888,-1.8131108491693007
7343,0.1800815853194628,0.1592355488093185
7344,-0.9735188712015764,-1.1594018712602334
7345,-2.7658409431450983,-3.062423263824727
7346,1.1296803222832477,0.9210899518393886
7347,-0.7486192053952236,-0.9690496516679913
7348,-1.0576640029150859,-1.5367689731342051
7349,-2.814913766426409,-3.083068753931502
7350,-1.656129426030885,-1.344037076635026
7351,1.94985539965989,1.5000018113724956
7352,0.5578512503987049,0.5806131656310156
7353,0.44512437978123115,0.44499748192897504
7354,-0.4982326081192329,-0.4493552786137143
7355,0.5436982463792315,0.4800145387579677
7356,-0.039828861183178015,-0.0491895903587107
7357,-0.8051090172417845,-0.9309755959080627
7358,-0.12822003574577373,-0.14605488648075227
7359,0.28952375087789367,0.237337826243792
7360,0.3962565898733666,0.37074320904860497
7361,-1.965926311223723,-1.4469897924539636
7362,-2.6953547191095817,-2.19417006609899
7363,-0.8651241174362718,-0.9816214133219049
7364,1.1374094936651737,1.092376677506887
7365,-2.996780714149369,-2.869587352298344
7366,0.7950963464247619,0.6769337074611546
7367,0.12995491282208513,0.11703583239200993
7368,-1.1572712118702424,-1.0715109456835792
7369,-1.6390065512915626,-2.2308792523221994
7370,0.21853484510266014,0.1882275658482326
7371,0.6939602435878818,0.5977841474133204
7372,1.1216707409594135,0.857311322175025
7373,0.1376071761358466,0.12186523299547253
7374,1.4204707646167332,0.9869141778086143
7375,1.6600628313447958,1.2406101808926437
7376,0.7764427618986685,0.6985074557965183
7377,0.9651841766254211,0.8761510868829632
7378,1.3760595536286084,1.069739724406302
7379,0.47189805431506654,0.5647827820397779
7380,-0.3358703565063931,-0.45982310382735136
7381,0.5149710434477099,0.6018420287679659
7382,0.31365744610862345,0.2375055520960523
7383,-1.0160563248638292,-1.3241881769013417
7384,-1.1516474581173284,-1.3055882270630572
7385,-2.763513284352094,-3.726754464111191
7386,-3.8920961111748116,-3.517857723854114
7387,1.2342930447315346,0.9544717956588495
7388,-4.273783188875598,-5.537812421898508
7389,-0.8475767063851211,-0.8046268574527152
7390,-0.03950809328191554,-0.03559883288493857
7391,-3.139385624576773,-3.354289897864731
7392,-0.2912251941511579,-0.333664975067638
7393,-0.8435284437360983,-0.8866778938643927
7394,0.9941542787473636,0.9187656914847829
7395,1.196807722613956,1.261795419478576
7396,1.0696719447324599,0.9009118625641721
7397,-0.018747203437790558,-0.017206989384570808
7398,-1.1675818286047754,-1.8685939125152395
7399,-1.9841431723050829,-3.197170749551282
7400,0.42865559809760073,0.37002845804855855
7401,-0.8089471811277884,-1.1038469667811999
7402,-1.824803403741978,-1.968027595441703
7403,-1.457929100466603,-1.5908613999121357
7404,-1.8054037403567327,-2.033526550041588
7405,1.2239561780473436,0.992334240099511
7406,1.0053281945259454,0.8401389777911874
7407,-0.06450007935597334,-0.06457833606432525
7408,-1.267057668221177,-1.4296727979976318
7409,1.2210081887685518,1.002807695022868
7410,-2.2476031896468927,-2.259931999056765
7411,-0.19375813595717717,-0.24415836636131955
7412,1.205090389671669,1.0553931713025393
7413,-0.004508505443615508,-0.005570449167646615
7414,1.4479369719234558,1.1846969323537266
7415,-0.0763122927976818,-0.08420699903579218
7416,0.5514465205986719,0.7828825719200417
7417,-0.37846156040801787,-0.45665028734929125
7418,-0.008184735043187792,-0.006841410824938509
7419,-1.5152491268976387,-1.410105050963886
7420,0.722344510732701,0.6918411483905992
7421,-0.7278950850874668,-1.0170118114531816
7422,-1.806593821808434,-2.278093458474147
7423,0.14653258581772338,0.14090049942368268
7424,0.44131469865796397,0.40198104574448734
7425,0.30637302274597517,0.2967612057787146
7426,-2.2538858844320964,-3.3933057970533778
7427,0.22042752991661757,0.3306884309801227
7428,0.023711075424874717,0.02487665191370751
7429,0.25822750118649973,0.2583749127332061
7430,1.1280691062566757,0.8641205222079638
7431,1.0651803313925114,0.9825474085354188
7432,1.0596116732595584,0.8162700366801474
7433,-0.0327814738028306,-0.06562754222117692
7434,0.35122883671503163,0.4713183750621537
7435,1.5111068735926236,1.2534133558728338
7436,0.3096315918045647,0.3539826177613385
7437,-0.12108771898807387,-0.16574701882674928
7438,-0.2137787329408115,-0.24365286449326318
7439,-0.12750094443029406,-0.19598555302999485
7440,-0.8407715927810709,-1.285304795577116
7441,-1.6798127919645525,-1.604162536061736
7442,-1.12926140351693,-2.6230168632596453
7443,-0.26174967545155725,-0.21888287657585406
7444,-0.595928532005503,-0.45426958851598703
7445,2.0891783689308423,2.116506821992506
7446,-1.759372223940444,-2.1126629057626416
7447,-0.39568998948775913,-0.5220501087550554
7448,-0.30595335141112123,-0.3755953738194415
7449,1.0185923165751556,0.9309398094199803
7450,0.10027420213164225,0.10617707860948047
7451,-2.3931478386740057,-2.4742729468424267
7452,-0.5588977911766148,-0.788523595738138
7453,-0.3129119564171871,-0.32930494172420277
7454,-1.8995221561964395,-2.3344319508534666
7455,-0.8065739209370597,-0.8513312121219349
7456,-2.2043552434548377,-2.285096607134872
7457,-0.02655373860318734,-0.032446037467048
7458,-0.9144618798677183,-0.9442841334261928
7459,-2.165936232342063,-1.8412777568395995
7460,0.2121933678072582,0.2544587254970773
7461,-0.27215883118628104,-0.27068180364329125
7462,1.3761531252020778,1.366331492964677
7463,-1.588204885328549,-2.2422649157144576
7464,-2.6457611454809227,-2.564823272840614
7465,-1.4780184157443206,-2.209380580345891
7466,-2.7812415482512143,-3.1801664626001047
7467,-0.6600733491114116,-0.6251398881412892
7468,1.5043232314353343,1.2500233069813058
7469,-3.246704722353771,-3.965145693325552
7470,1.1123978832176062,0.8642562874528977
7471,-0.12707192053193286,-0.11366222187411719
7472,-0.828175784294335,-1.0769501989283856
7473,0.7321361774413077,0.5438795466866854
7474,-2.565969924321406,-2.4365384588348467
7475,-1.2986688700593656,-1.4291957476105173
7476,-0.5975445227017405,-0.7071329705164425
7477,-0.7848529467642875,-0.9154526511693174
7478,-3.6459518460885354,-4.4977225343361225
7479,-1.40509415568325,-2.0536338840191575
7480,-1.7634083695978533,-1.5100726564961395
7481,0.6076098670341189,0.6230378198459023
7482,-2.0886827177081386,-2.2885410548041683
7483,-2.061334317083405,-3.8701902241462194
7484,1.1260645347047087,0.9582986448605948
7485,0.11738624679743376,0.09067419497742255
7486,1.5175000062072164,1.1341845669335682
7487,-0.4585630174671171,-0.47779919410520727
7488,-3.991098998900765,-5.695993632723991
7489,-4.4274244753030345,-5.136445013937019
7490,-1.4470867976115094,-2.400739595036968
7491,1.2262544086805987,0.862649517134927
7492,1.0550236205994743,0.7893615178159147
7493,-1.259266213011512,-1.9585823263014333
7494,-1.3314024274951881,-1.9658291449370817
7495,0.6260579584673491,0.5449962538264321
7496,1.0180210956331317,0.9453813110714246
7497,-1.4549648426267914,-2.739490842627132
7498,-2.0361938408644367,-2.2518480377724135
7499,0.7837586787230375,0.6176203922231255
7500,-1.4048394437869463,-1.677991442459619
7501,0.5479778425888663,0.4587504486316111
7502,-0.9413095309245931,-1.0991868130674751
7503,0.09210689787127332,0.10735001635978983
7504,0.39331831068197237,0.3700916227315917
7505,-0.7550099527818718,-1.905294878773299
7506,0.5232308258808737,0.418864560614697
7507,0.7326186875781341,0.8052046839622148
7508,-0.7783113653454327,-1.0831362616037556
7509,-2.353245441395368,-2.9017158557540035
7510,0.013293521962113832,0.019220527469354647
7511,1.3905269561301061,1.544674737277649
7512,0.13463929039049685,0.15668853582601877
7513,-0.23122173881804423,-0.24861611731524597
7514,-4.145194834063555,-5.161683950225771
7515,2.1516224805064716,1.5005198072120332
7516,-0.21167333920269976,-0.1837515069709719
7517,-1.7600641040007265,-2.0204807099145854
7518,-0.30322971300348517,-0.2941461272629894
7519,-0.21689395104575276,-0.3250584068211335
7520,0.069840302054339,0.08505333001682273
7521,-0.6087070923163524,-0.564558862500653
7522,-0.19954001112043712,-0.2154713599488198
7523,0.6429070587599208,0.6807039837972418
7524,1.5303940054387644,1.0758370532978194
7525,1.9044233727032,1.9025843320270837
7526,0.1632471764963417,0.16805290091788275
7527,1.7514185368250896,1.395479498187918
7528,-2.5605193075648365,-3.2925308878818553
7529,-0.5306395562320406,-0.4330947411332404
7530,-1.965080667107125,-2.816044651707737
7531,0.592837040839351,0.4291515128339658
7532,0.20204524893702464,0.17807152868231815
7533,-0.5612139517967905,-0.6519216177454961
7534,0.6034702434637927,0.6494556742098897
7535,1.5920649922320762,1.1580759420765752
7536,0.8747010695511056,0.6323442543498502
7537,0.7128940287844717,1.1334730572211418
7538,-0.15741520515492732,-0.16008188647619234
7539,-0.10133499734610679,-0.08300831800771634
7540,0.3021885384142377,0.285309693774043
7541,-0.42529219642265437,-0.3807868970841272
7542,1.096909137040339,0.7199635699475517
7543,-1.1520457292153814,-1.672933543252745
7544,-2.41960611204313,-3.8938042509739104
7545,0.010016416790954226,0.010142882495815065
7546,-1.905206804048825,-1.999705089801721
7547,0.39069807984997984,0.355202114037706
7548,-0.6736425496026885,-0.4830999468175324
7549,-4.303694080113251,-6.5745575946387955
7550,-0.3557506726743848,-0.4628734314396267
7551,0.173186361951002,0.20163220242104282
7552,0.6711792163538692,0.6177634500219987
7553,0.017851496906610143,0.024401568041450654
7554,0.6752388944022505,0.6307131002609829
7555,1.311078524380735,1.2347328467029786
7556,-1.9647191832374542,-2.5875686896351286
7557,0.9559276044130256,1.00661022156375
7558,0.6213659483996129,0.6250166951700535
7559,-2.49253039997444,-2.1890258046802393
7560,-0.7934936356889315,-0.9210542054441925
7561,-0.7587923666216845,-0.9425800660818171
7562,-0.617838711681407,-0.6136604603681433
7563,-1.2373383316713242,-1.5574380611519025
7564,0.16149737418959462,0.18782472757496635
7565,0.6255220565393611,0.7136544767797296
7566,0.4897240468751977,0.5384343562832141
7567,-1.1246714442268153,-1.4044835187410365
7568,0.15708099901830644,0.17266966427517175
7569,-1.5596839973611727,-2.126229441140054
7570,-0.06761718651494089,-0.08140458351461503
7571,-2.243681623136914,-3.4074766351510117
7572,1.1255080949029632,0.9148467257031416
7573,-1.1224412484675084,-1.065128550752653
7574,-0.4703284238038167,-0.5027660079601153
7575,-0.752949457365448,-0.7360346608828174
7576,0.7763259890134695,0.5165987300175257
7577,-0.6051896952542076,-0.8796068966710098
7578,-1.8890757399182811,-1.9286383515318517
7579,-1.0279562845943975,-1.316945245412646
7580,-1.5853253878786764,-1.9408210094123781
7581,0.6198457061409506,0.4438522163819945
7582,0.37278627858333935,0.31736011175651374
7583,0.07372700909506417,0.07070799175073054
7584,0.7097844846402283,0.5953353286313506
7585,-0.23159575290133316,-0.22725534077018966
7586,-0.8612053063562488,-0.9450982759805584
7587,-1.3173388269759934,-1.9362997278839378
7588,0.0682514011516811,0.08281917496179819
7589,0.2889888196232559,0.2459519612966736
7590,0.47960923623185936,0.43258534529046255
7591,0.7543966765124661,0.5656781911615913
7592,1.9760616448115167,2.2674665742446414
7593,-0.9297482551518115,-0.8967472822542596
7594,0.8557323899773729,0.869733081779212
7595,-0.4150286699653106,-0.33235646755487747
7596,0.005645434210805137,0.004584457316001009
7597,-0.12491093672263785,-0.16729965991202736
7598,0.4327239884954336,0.5008391640430998
7599,-0.8547077508996236,-1.479848505144888
7600,0.9508962097684026,0.7796408889064181
7601,1.2414111307002091,1.2431644054900226
7602,1.7490412576504535,1.6620674283341248
7603,0.08182286235664804,0.15005457673486441
7604,0.39155038716888213,0.2843421328702284
7605,-0.9210126613855277,-1.2264916150275798
7606,-0.9417755386742934,-1.1032999836779684
7607,-0.24249506625441639,-0.2428571378241977
7608,-0.8416544471415247,-1.086772605580683
7609,0.3522462004669176,0.33732373935049254
7610,-2.0833570754843667,-2.104823982063059
7611,0.264909541416876,0.18807633267165413
7612,-1.9964405569079444,-2.1572571904549096
7613,0.34561351531848433,0.4023916852615624
7614,0.4557199722691317,0.44317766585215096
7615,-1.9881007089903144,-2.238688696159179
7616,-1.2566808958628122,-2.910146078610907
7617,-0.4271766374748546,-0.4926990234711
7618,0.2473365366567308,0.24919224547382465
7619,1.0182727109114198,0.6847672108616385
7620,-0.6242996455276986,-0.5571400305194455
7621,-2.8155421019925027,-2.37645682250833
7622,-1.6819780640386792,-2.868252956266284
7623,-1.3136412263567434,-2.111798678916969
7624,-0.4551316222976074,-0.4779245934561402
7625,0.47761462606341903,0.4569926792605272
7626,0.5079819356363294,0.4646550666883269
7627,-1.3984204848848785,-2.603883001204108
7628,-2.2384107219806824,-2.355699620732506
7629,1.1086910597478454,1.1621180488632152
7630,0.40951617467801654,0.46689682534155624
7631,0.7482516750419856,0.5119061386229261
7632,-2.611404085644747,-2.888023528784819
7633,-2.1362650147346547,-2.1729150539528432
7634,-0.2929906653084842,-0.6895233702940794
7635,-1.2624931548628966,-1.0701421443395942
7636,0.8655671578094071,1.1535818265250737
7637,0.3347127210110304,0.33026331465387404
7638,-0.2061005539848073,-0.18848463450558817
7639,1.1783246724575687,1.0900082895191485
7640,-1.2294819497973108,-1.2268163215797152
7641,0.24283529955742203,0.22020774068687451
7642,0.7237144366645349,0.5674863525419662
7643,1.546161698435016,1.7170518185314703
7644,0.7980421735211847,0.6901331102444178
7645,0.032024350427691854,0.03816420199819318
7646,-0.8205558106234282,-0.8829592422348272
7647,0.5761664747515004,0.504250580231195
7648,-0.4485020345960428,-0.5293366327313697
7649,0.43345093535595364,0.4125993547833533
7650,-0.35565176693899697,-0.29420881364776547
7651,-1.4098519166955705,-2.152337603833986
7652,0.20719701873570268,0.20409226347259385
7653,-1.4922005851003102,-2.3413188196012884
7654,0.35551324381694854,0.36689692849880096
7655,-1.0547926845440436,-1.4824630251653546
7656,0.5569214935689057,0.6014569973385379
7657,-0.3871739916002878,-0.3700858551188129
7658,-2.3965529900225877,-1.6370195806076258
7659,0.5906262140784555,0.5617653150020493
7660,-0.4390932083040025,-0.5253468469296552
7661,-0.8726283562266277,-1.0881655953213276
7662,-0.9829253331767605,-1.0414706434826708
7663,-2.45811178287194,-3.1914257308389398
7664,-1.4322864237361912,-1.450418777586899
7665,-0.48424831092104414,-0.5325931386503653
7666,-0.4977724417230615,-0.4572304798224448
7667,-1.2449779144122668,-1.278396617114895
7668,-3.054730325024975,-2.9232686374522414
7669,-2.5576444356453067,-3.9213178345615796
7670,-0.17523863909738846,-0.16602775673618797
7671,-1.6816545341500555,-3.5751397226337827
7672,0.638812510205091,0.7591354919709762
7673,0.33113175953646945,0.3922665674883478
7674,-0.417881888246611,-0.3360883081682792
7675,-3.7883195195680655,-4.746036756259807
7676,-1.0642285982274695,-1.579762644405154
7677,0.06178602229709247,0.0580058074577701
7678,-1.3436084392003054,-2.6306384534787997
7679,-2.925745484330337,-3.4293496535425483
7680,0.33269365237374604,0.3103947648790095
7681,-0.1898099273281538,-0.1394389727642249
7682,1.9238833079858013,1.3952906977672908
7683,-1.917377493438381,-1.7035481552639622
7684,-1.625692400201857,-1.9599097409601052
7685,-0.671571882316744,-0.680937462015594
7686,-0.26247461652302834,-0.33419562487330645
7687,0.27417789325073505,0.3486754682127061
7688,0.9742824621872391,0.7251549229420775
7689,-0.749105900373873,-1.8728827041710676
7690,0.9135439801032593,0.791820495526884
7691,0.39250535703090944,0.38199238248023953
7692,-1.3234063869600792,-1.110242898105081
7693,-4.19577446159185,-4.319836702725427
7694,-1.6196081511874851,-1.6025401265246773
7695,0.2579714003215329,0.2834727415269942
7696,-3.3368645587126595,-3.5155315442733768
7697,-2.3560673040208715,-2.8265963131358234
7698,-1.1665821264684486,-2.2769345416345743
7699,-1.7296236020169842,-2.1317783627983764
7700,0.10981682304359276,0.09396600487540042
7701,-1.0269164105250606,-1.3053463498211153
7702,0.24656638085114796,0.29607907238148057
7703,0.14510880027331172,0.12090716489628042
7704,-2.5604807854630645,-3.423631114044017
7705,-1.9001496316378972,-2.1161891339537218
7706,-3.283054041445931,-5.569311283509882
7707,-1.8133960614383757,-3.762072593573171
7708,0.2222987192773491,0.20482176814121744
7709,-2.382191640122282,-2.442420039349718
7710,-0.4296636603226927,-0.611837874748869
7711,-0.9741314823262439,-1.0631082271101235
7712,0.18267430670339865,0.20086054621221344
7713,-0.517122594096752,-0.6484015215470611
7714,1.558474760933134,1.2464304159778323
7715,-0.1004664751660534,-0.11496530811424502
7716,0.9543857395476124,0.8162978245474112
7717,-1.0144188675367884,-1.2774436393442914
7718,-0.4110450819933635,-0.5348527984957216
7719,-0.5825587898037679,-1.3124377115123531
7720,-0.1584922687828532,-0.1498378882030837
7721,-0.7983804982922549,-0.7970607947421814
7722,-0.2159562476412292,-0.2619529493999507
7723,2.010370605927724,1.492105428587279
7724,-0.1332066994140446,-0.1558688767481544
7725,-1.2399314994047488,-1.0825696405265073
7726,-0.566671108067371,-0.6179897964228035
7727,1.316871206959535,1.180250642721205
7728,0.4791506185941449,0.365585456609307
7729,0.721454002017571,0.5370841757354444
7730,0.6346594612333203,0.659435590437906
7731,-2.6190373642323705,-4.181016962126723
7732,-0.5134914910261028,-0.591286214484651
7733,-0.7374482994360962,-1.077633505671868
7734,1.9374587062434188,1.422978995382144
7735,-0.521646012904765,-0.6164354764214749
7736,-0.7757987040907774,-0.7259737565040407
7737,-0.14713244446191945,-0.18145702376655118
7738,0.3325455628224556,0.2842197439148941
7739,0.6446232941131784,0.6890538364290821
7740,-0.7127769641991581,-0.561258243045251
7741,-1.7402844432119757,-1.6713719503239772
7742,0.6148863884153297,0.7518877190144687
7743,2.8457646788658915,2.198980207248823
7744,-0.4648346065996901,-0.3680940043886723
7745,0.9599802327207153,0.9463180585351866
7746,-0.47239629544182393,-0.38727473793269385
7747,-0.4352047637193694,-0.3999872705324543
7748,0.6257453513863861,0.5385200014642098
7749,-2.3211238571025126,-2.8876607567632093
7750,-0.880230951977308,-1.2163947460146698
7751,-3.453809474998673,-4.184493134186341
7752,0.8849203246715583,0.8198196741225766
7753,0.10967963502835223,0.13799855922769358
7754,0.22339948228816273,0.21153655374559924
7755,0.20359360100728488,0.24746230816210982
7756,-0.28394357278820836,-0.4582835531026109
7757,-1.56842345385132,-1.8266619946795664
7758,-2.0548074989767997,-3.1366811228970604
7759,0.5122464205379674,0.462210977322322
7760,0.7806224300800968,0.6959810910679068
7761,0.6321463894440099,0.6859992863306702
7762,2.4954231091377186,1.9201722472052798
7763,1.1499356046441271,1.1110958299774507
7764,1.5616499126305103,1.5306160664278972
7765,-1.8262688097199968,-3.0839085861940934
7766,0.8898055774117953,0.8911956248235299
7767,1.1694431568434134,0.963650905249531
7768,1.711765529359266,1.118565473099994
7769,-1.332277057608483,-1.2866260994840304
7770,-1.4530774860801554,-1.3755825805656416
7771,-0.1300140230099841,-0.19187263894542966
7772,-8.177424507211628,-7.981439304896945
7773,-0.24074294656923595,-0.2315588931649193
7774,0.8397575184239181,0.5965435092331669
7775,-2.142094519685006,-1.8743541716266374
7776,0.5070834435591358,0.5027029476844289
7777,-4.143319172505995,-6.373991366495283
7778,0.5441565830029347,0.5831621899281344
7779,-0.9446998610156924,-1.1060454399389765
7780,0.19108957915508287,0.15221346243680492
7781,1.0522117214665425,0.9459015743849742
7782,0.46896663909359815,0.5881035683574436
7783,-0.384472690546994,-0.32519849889217706
7784,-2.0756725641333094,-3.8379772041072724
7785,2.100785272712698,1.932798432746896
7786,0.20561705386900736,0.22649122111146555
7787,-0.5587748185056938,-0.6050313006727758
7788,-0.3037251120484035,-0.28020093673512825
7789,-0.4756144199910479,-0.49848539486692905
7790,-0.9267253862437734,-1.1682478367277873
7791,1.471082506940938,1.6167908360579852
7792,-0.23264333441239954,-0.15272999532856618
7793,-1.3409061296268592,-1.2541302268674677
7794,0.15090794911451005,0.13314964849340638
7795,-4.340032834708118,-6.121991257563961
7796,-1.3778563164923634,-1.7130004980371558
7797,0.84505114046617,0.844256375400659
7798,-2.3071640012576387,-2.604419111103982
7799,-4.7706879472266195,-4.7247715169626305
7800,1.3040750771132483,0.8826056400195377
7801,-0.6917815905327233,-0.8364881490820394
7802,1.7513273038226331,1.7164416402005773
7803,-1.5709468799960775,-3.1077711377650976
7804,-2.18408926992169,-2.71016820684196
7805,0.5749269289537237,0.6014281751987898
7806,1.0079560381786778,0.8844388660372032
7807,0.10054694238277398,0.11391848397034422
7808,0.319326070950637,0.3732052551487739
7809,-0.0685397805922221,-0.04973738865421535
7810,0.6639000003990512,1.1321961652160875
7811,-0.4864446333971876,-0.9815886478719597
7812,0.6850303593854478,0.6175100458615204
7813,0.15684016298767142,0.13789278610883418
7814,-0.0056007702027588355,-0.005196582610994369
7815,0.5087915287468604,0.5990894887446007
7816,-1.0804676025673854,-1.1278173005857435
7817,0.903788092130473,0.9563260126395293
7818,1.0099663873614675,0.9412952634598362
7819,-1.9304242952435084,-3.493049932477694
7820,0.48062558365542496,0.48218849000467673
7821,1.836855162815121,1.3554783610113958
7822,-1.0715711349456218,-1.1677729401003127
7823,2.3775767009310798,1.8076963623220235
7824,-0.8181732523367738,-1.4091750869559636
7825,-0.23077071484658762,-0.30388554453976524
7826,-3.262868592175931,-3.9558515060460056
7827,-0.5193970574189094,-0.4178004181802932
7828,0.6915455400213791,0.6417418790383953
7829,0.9718427238836234,0.8744093320035001
7830,-0.17646265762681887,-0.18506980822529018
7831,0.36677713261599904,0.43081904198076143
7832,-0.8417605988743926,-0.48774750704207936
7833,-0.7723729059308694,-0.9506520127430039
7834,0.8100452201623788,0.8894464240056837
7835,0.34823405419207726,0.3160352882297189
7836,0.36765356093132956,0.3974093866822413
7837,0.24260273254038334,0.22525088088453232
7838,-3.4642735938393234,-3.773911621148255
7839,-2.349916942994943,-2.7866869050553777
7840,-0.10286859079858342,-0.09302924895480062
7841,-0.8128719216505956,-1.7317293794197035
7842,-1.695547093946439,-2.2809565921580095
7843,-0.07107299892152173,-0.04552915762767156
7844,-4.474080248708007,-6.635473985989754
7845,-0.8177798323538183,-0.7473514261307507
7846,0.1815990325998599,0.22936204407530858
7847,0.08999738521719386,0.12040418114048496
7848,0.9804835332627083,0.7978688064875189
7849,0.7975457549921471,0.6718769585860708
7850,0.19168913980821134,0.3463238681127729
7851,1.6046907647999684,1.716141398962959
7852,1.588006495461501,1.1103457650905038
7853,-0.9844759852271583,-1.1503460902448928
7854,1.3870139683391574,1.29939361786916
7855,-0.48442013478663687,-0.4256911575084975
7856,-0.06315665703277076,-0.15192454825209423
7857,0.09464685346719023,0.11927558683257135
7858,-0.06084670914631225,-0.058395970774283004
7859,-3.880046893306371,-4.985375849168573
7860,0.5484302439668346,0.7639529136815184
7861,0.9187794703531674,0.8806743938181469
7862,-0.39128679337865513,-0.3777475948903466
7863,1.920168934596376,1.69271074060778
7864,-1.692669831499317,-1.8496858022543126
7865,0.8725806631987415,0.6683672017930099
7866,-0.20540209492739742,-0.253218524601541
7867,-0.6202386705657561,-0.9046610885281274
7868,0.023701303846643686,0.019641935230337297
7869,-3.0198330075331308,-3.2624345771328547
7870,0.5525856789443504,0.5339074556247538
7871,-0.04834924224113515,-0.06961583806684508
7872,0.8898332320730978,0.8651441907310871
7873,-0.3840601967066848,-0.45455707901406756
7874,1.6387411308661843,1.7151548654939834
7875,-6.097346262607528,-5.886603565285353
7876,1.252578909981598,0.8661800720506275
7877,-0.6248310985480049,-0.5624687432541672
7878,0.4634524383128441,0.47104599641515793
7879,-2.5149203857162443,-4.40759208296658
7880,-0.74337579322658,-1.042416585646718
7881,-1.9876841122079854,-1.5807703989407809
7882,0.6552284549726975,0.5560724330097538
7883,-1.1966038489531743,-1.6714849193527808
7884,-0.6262302996458837,-0.7761361341000771
7885,-0.8114938833057194,-0.9949507983135021
7886,-1.037873781565144,-0.699885587291736
7887,-0.5302911047435741,-0.5417589545402731
7888,-1.7237829152167239,-1.4761052189631052
7889,1.2092282430526993,0.921038446099699
7890,-0.9677119725113246,-1.3135108353905307
7891,1.5404953132479606,1.386137712222142
7892,0.4645061982716356,0.5944773965204737
7893,0.810910970445972,0.7373834568347037
7894,0.9828639686410229,0.9155252291165864
7895,-0.349185156421958,-0.26824721833562726
7896,0.8635349296400124,0.9174469941357993
7897,-17.137374302210546,-15.918235826945448
7898,0.029149954835650384,0.024945571016415317
7899,-0.8177554606319656,-0.6572153766964612
7900,0.5252690636774185,0.48452778859343254
7901,0.47203544715545537,0.60739999584683
7902,1.105970487241933,1.1066627613977804
7903,-2.8700843902887425,-3.477361657075195
7904,-0.27692305446864224,-0.39624328815986487
7905,0.7387238529267572,1.0260023585425608
7906,0.6843259492871862,0.574011496510574
7907,1.0489527353225088,0.6586451966896953
7908,-1.1715364296760122,-1.329058109538795
7909,-0.624734071762061,-0.6692443956247474
7910,-0.9282802540118034,-0.8589841296131236
7911,-1.3825651791568963,-1.8831305887158083
7912,0.38925399218016793,0.41610600599163616
7913,-1.4439107367941924,-1.9399819483489669
7914,-0.45780567513916415,-0.6360690034045255
7915,0.03625922608993414,0.03475551014836235
7916,-0.057932302630466594,-0.06430055910139967
7917,-0.2745020644607182,-0.3611668313281599
7918,0.33503832758690677,0.34822972847112443
7919,1.1794459617162576,0.8667675841775165
7920,0.35942876837473176,0.41089983985147815
7921,-0.20851480188804736,-0.18793044016550206
7922,-2.68640271343166,-3.3354514987975925
7923,-0.941747296700022,-1.5136457083357953
7924,0.26960379377271065,0.29019130071213367
7925,0.2629043740153869,0.2679692295324239
7926,-0.6830453416293418,-0.884307996503718
7927,-1.0274740266909625,-1.2150098482138687
7928,-0.4016736299933286,-0.7614782784112929
7929,0.2723043012831773,0.31785144448856373
7930,0.330734671649884,0.4463824997677382
7931,0.2703939104004989,0.3088290481128215
7932,-1.060460914095252,-1.3588499441139275
7933,0.7127167760719936,0.7407954287988363
7934,-0.10096671086259068,-0.11495925039442223
7935,0.30413069400948023,0.31840461353229105
7936,0.4927945313556128,0.42659226331098
7937,-1.631515896442541,-1.588498515992732
7938,0.9097403855368074,0.6835606413796114
7939,1.7036169605827545,1.4748272337046893
7940,0.3091641712584479,0.4998108627165052
7941,0.6596824717485327,0.5567886498403798
7942,1.5276755330210094,1.4889690017933768
7943,-1.0285717469615554,-0.711793984554845
7944,-1.1163710830895361,-1.7709993824703818
7945,1.3495104820425663,1.232801765888656
7946,-2.546659489738156,-2.8278270535102705
7947,-1.039144482933212,-1.6815598066687754
7948,-0.6224261571724061,-0.7179049913874248
7949,-0.043027457027202495,-0.03868676133741377
7950,-1.4011942045790382,-1.6272797163186559
7951,1.4472565241565216,1.084676699015281
7952,2.7889140517739572,2.1239875073452756
7953,0.6777689421695706,0.6647703004136686
7954,-2.369763742529071,-2.2932180513585636
7955,-2.209568957665354,-2.824948215929558
7956,0.9124696896564004,0.7868564053037543
7957,-1.0762851808035039,-1.5686062268748635
7958,-0.5615895201220905,-0.729809154855118
7959,-0.10984047205113794,-0.11880647887756986
7960,-1.1415996899411138,-0.9479721104968972
7961,0.802169990296661,0.8565630509104889
7962,0.28786727881909063,0.23353621205152367
7963,-0.868505628577915,-0.8401185620008601
7964,0.9022431312225948,0.7691790662546492
7965,0.20205591810919912,0.2018907145778819
7966,0.49365977457249066,0.7235586455194949
7967,-1.2579629042665659,-1.3388133282487722
7968,-0.26118971959997683,-0.30389389006282186
7969,-1.172356433456934,-0.9430645820864626
7970,0.797678032677242,0.8550340708080343
7971,-0.4382783595061698,-0.46261720521651356
7972,-0.5562157447958276,-0.6680488031224916
7973,-0.8750763627623901,-0.7334374348125191
7974,-1.3755570875058711,-1.8431950195572422
7975,-2.9129326417877053,-2.0626543811328744
7976,-0.2780576294829421,-0.3793658949019966
7977,-3.9194484344666587,-5.659266216257594
7978,-3.6861779938465262,-3.9465904306519173
7979,0.6131928048411637,0.516471507414411
7980,-2.6533431417177797,-5.209467714675964
7981,-0.3916576715925145,-0.43349444671719306
7982,-2.5208795435112226,-3.292733420099934
7983,0.9737038098170175,0.8418877453347811
7984,0.21756190527254762,0.18014943816434154
7985,-1.490938503379207,-1.6247872987503196
7986,0.9893065009217428,1.187796504761734
7987,0.941085465944642,0.6200616251840728
7988,-0.6003490698442218,-0.8399452202021475
7989,-2.850986470177595,-3.3699811568243816
7990,-1.5322346775268063,-1.7540573738392051
7991,0.1312209977833653,0.1355769233743042
7992,-0.4514207446082011,-0.5758407428211971
7993,0.8159227332851203,0.7714197233358623
7994,-0.28365676092233,-0.32077085711167036
7995,-0.8714943256955923,-1.1374799665417326
7996,-2.9540105770829377,-3.2161128424558902
7997,1.5559016599236437,1.3639819170462975
7998,-1.097853367096153,-1.2710161034516207
7999,0.9104867867110212,0.512066560040122
8000,0.5702043849678629,0.5278561036988692
8001,-2.053352551993816,-2.1700863178296443
8002,-0.02746029300164758,-0.02324942505176471
8003,-2.7041657872898246,-3.341055437403082
8004,-1.6107923791315126,-1.5652062211456053
8005,1.4893293771701819,1.165134914466095
8006,-0.15897491139715808,-0.18964445273146738
8007,0.4167580819246812,0.3501753030886823
8008,2.330727172200642,1.627033001758415
8009,-1.9680820436090791,-1.7702372095520154
8010,-0.3869138880180992,-0.590265560740673
8011,-2.58267485560547,-3.3490072707861134
8012,-0.030094486582651046,-0.02813775624044557
8013,-1.6259141568077395,-2.492251657207271
8014,0.14030553742616356,0.13462008034512005
8015,0.9195437790633546,1.1085523776702118
8016,-1.9091660878287264,-2.727389633923267
8017,-0.7219756664361215,-0.7440929393369847
8018,-0.9169540751074076,-1.222729550398896
8019,-1.0036476131172496,-1.2062424876331903
8020,1.313535311121897,1.131127490987566
8021,0.6800991160217884,0.5123849583849854
8022,-1.4322800301854908,-1.6361308593583184
8023,1.287618383294105,1.189373061253856
8024,0.251240446787316,0.23734312711717248
8025,0.5076308281251937,0.6834902253167343
8026,-0.17301119459345696,-0.18661225208403098
8027,-1.6668857707665221,-1.3055560761907317
8028,-0.8674214702351244,-0.7338316807922768
8029,2.117620758217199,1.4601564196436252
8030,0.19411811279219382,0.3147462837288978
8031,1.304631240729521,1.1020708331716824
8032,0.6039978754201191,0.6129381233267516
8033,-4.717145808511214,-6.170605059650987
8034,0.39796318390689134,0.5242636514549411
8035,-1.3662835281222674,-2.0217932437944697
8036,-1.2191430910524284,-1.6691541223133135
8037,-0.43740124069615743,-0.5140328787964853
8038,-1.1044607532622717,-1.3754193720825574
8039,-0.41640587051951533,-0.4982903368690589
8040,0.7884382080775826,0.7193159638779
8041,-0.008671624919313453,-0.0075860999808322225
8042,-1.0436231579589044,-1.2423059917086987
8043,-0.8262316164575569,-1.2789055656685835
8044,0.20932378735020965,0.20471935132187855
8045,0.15203461834372015,0.1493752680554085
8046,0.371296868247945,0.31738228005280533
8047,-0.022876943742441713,-0.027185526770660752
8048,-3.0707320559694935,-4.690646962819229
8049,-0.730782076593891,-1.0235421463527368
8050,-0.9206221601577199,-1.0154461526675147
8051,-0.13690316633155175,-0.11768753083304595
8052,-1.3445348386823104,-1.319440498855205
8053,-1.402456228860753,-1.4544860900971803
8054,-0.8517739030065101,-1.1149290876558842
8055,0.1746811420480191,0.1288879493122911
8056,0.6253685960231419,0.7444282008433156
8057,-2.0799964373612525,-2.5913200019611216
8058,-0.7631051849648544,-0.9050254457606439
8059,-1.0100506397721905,-1.3750737056063769
8060,0.0035853031483479205,0.004211446837131284
8061,0.6867422849047835,0.7574566319437525
8062,0.7633524117068015,0.62290097610941
8063,2.1188985714244732,2.510577653921652
8064,1.4000164699884368,1.4270729418531518
8065,-1.697005916321613,-1.9228049507743243
8066,-0.8676210440222287,-0.8706467804177421
8067,-1.2704793797145493,-1.5215548820555573
8068,1.6968772732855284,1.3276082612181768
8069,-0.8648607294481139,-1.1761471877705678
8070,-1.8112359001759966,-1.9054803238897158
8071,0.5563395537253458,0.7104016260914586
8072,2.3151071674496038,2.0316665735787414
8073,-0.23958392810649307,-0.17841078318765166
8074,-1.1361828724252865,-1.0022143325271686
8075,-1.7109887206706624,-2.834156517842647
8076,0.6808832251593344,0.5799488757012977
8077,0.22023291586168098,0.15273025221413336
8078,-0.8720232184635095,-0.8930299503647294
8079,1.1972020890511919,0.9385941710992372
8080,-1.0473498255154627,-0.9371303126853804
8081,1.0833601875037275,0.8632408010603886
8082,-0.8517869330850644,-0.8093499229471768
8083,0.7811135970387785,0.565384777996546
8084,-0.08851713423629161,-0.13052478495648168
8085,-0.8227428289751727,-0.7445200474965015
8086,-0.30228803183304226,-0.6137678921077184
8087,-0.07213615788713092,-0.06276498390308388
8088,-0.3262895512316715,-0.3958509001508032
8089,-2.807595673957831,-3.83907384088357
8090,-1.1040201509823633,-0.8808121504336666
8091,-0.6937293851966886,-0.705647705317714
8092,-3.8212549184629245,-4.928993111987307
8093,-1.068287828477221,-2.1487885382838514
8094,-0.109829864703498,-0.11976995687903723
8095,-2.6368003499317707,-3.750889373363411
8096,-0.08655326774390473,-0.09526454139199698
8097,0.9070326374288801,1.0501671172085574
8098,-0.8740767207565072,-0.8023661538469037
8099,0.8120297619625149,0.5718526439708592
8100,1.4247423739025198,1.263626192954667
8101,-0.6598126270393899,-0.550984306148452
8102,-0.7133487931016163,-0.7009205245099203
8103,0.3549818123083014,0.533306873619367
8104,-0.9550712764348986,-1.0546555002164821
8105,0.309983844468194,0.282818977726603
8106,-0.8461576543448553,-0.9218558668245862
8107,-3.3085012923226325,-3.552314120095022
8108,-1.509938028335336,-1.6416040400619814
8109,-0.9554407936116407,-1.0146065870519239
8110,0.5649577515702849,0.4304321635047016
8111,-1.0006035079630229,-1.6286380395500644
8112,-0.6646306104743678,-0.570280210312653
8113,0.111453733212902,0.12206494115902998
8114,1.4131051841716722,0.980722579360996
8115,0.3420946516218295,0.3644104516850389
8116,-0.9722665469858225,-1.051529865983943
8117,-0.2989887944211944,-0.26622609900532784
8118,3.046467441659317,2.2283735417744612
8119,-1.738112254939612,-2.7880957289797434
8120,-0.6045675064424867,-0.8463308387233565
8121,0.46655162344937157,0.3540125647513288
8122,-2.3630868934623614,-2.752629414044493
8123,-0.6957038253427498,-0.4992660597387319
8124,0.11368855260039838,0.13417221147292566
8125,0.6034063996975368,0.7907664236668466
8126,0.8602814302955507,0.7722750587660707
8127,0.21688229804515283,0.24196256200216942
8128,-2.762896551122084,-2.0136535957556116
8129,0.6047631688882218,0.5270490006796745
8130,0.5684507877090625,0.383057761163961
8131,0.9011251446973881,0.7455783734244437
8132,-0.063695098867338,-0.11155063502693324
8133,0.06203651726563739,0.05419523421247177
8134,-1.073232031049497,-0.9737492406824453
8135,0.5948647185006865,0.47701237550474707
8136,-0.3850707124959641,-0.44156939972359777
8137,1.0989899216521501,0.8332922175783346
8138,1.0258043695705261,0.8353701084232243
8139,-0.14827617626150624,-0.1770439019017639
8140,-0.934558294267877,-0.7940794626423274
8141,-1.1807729732157857,-1.3269159947194555
8142,0.9096091029606737,0.8358704142443767
8143,-0.8716663183219938,-0.8894331979800305
8144,0.17885453197890347,0.16532480398550684
8145,0.21059546586089564,0.1685618944411785
8146,-1.0379894245961525,-1.7096400070335864
8147,0.0017814112106662892,0.002185597037997743
8148,-0.15736552645445112,-0.14800439842810864
8149,0.5394845205529337,0.5410949327364905
8150,-1.484749827387246,-2.0353747698560447
8151,0.03343868380804347,0.030360059396452355
8152,-1.17274596077393,-1.292777363520343
8153,1.2099732776184002,0.9541885945043951
8154,0.5659998395013506,0.5666660010925167
8155,0.7183482316244593,0.7216979783335303
8156,-1.0483549343792158,-1.582800751199503
8157,-2.4526820628987247,-3.064905437729274
8158,-0.16636336686599684,-0.29248963114879967
8159,1.7151750976765616,1.7419657353578684
8160,0.49911112310411626,0.3929906273583732
8161,1.4907127448055795,1.1961636729347058
8162,0.6567767868674812,0.5864299269286575
8163,-1.609491941284101,-1.4806965599541204
8164,-0.2807051004515549,-0.3007170569771776
8165,-0.9245183042524805,-0.6734595819440327
8166,0.6400906416355256,0.6050973657200702
8167,0.4261818300187814,0.3599835734397705
8168,-2.552818342803667,-3.035664216042364
8169,-1.8274733608935225,-1.7302847501512684
8170,-0.20212879597224434,-0.20883019048195048
8171,2.150534654434162,1.7190919620381149
8172,-1.8655267444349957,-3.000301884662347
8173,-0.5582381725345841,-0.45966822355045
8174,2.1854341405538076,1.7880816631020482
8175,1.0174084383730215,0.7561123496059775
8176,2.6751333422630745,2.1496502668912636
8177,0.5673487247764215,0.5348569187792424
8178,0.5812370702391148,0.4783392664872505
8179,-1.0928902667297182,-1.1456882328323608
8180,-0.0682468322413101,-0.0757650955310153
8181,-0.1209806845535744,-0.12718769731896698
8182,0.45224085129997804,0.27944643199615704
8183,-1.8980987273838426,-4.04300258219684
8184,-0.008247545611176651,-0.008579760463618833
8185,-0.2525688888554662,-0.26337428284635567
8186,-1.470464610126728,-1.427910361718337
8187,0.2993142941306536,0.515143126950332
8188,0.463811384159578,0.3404968380961761
8189,0.11290996218060918,0.15070382029510954
8190,0.011150848847873316,0.010544715683882877
8191,-0.06959975094194944,-0.08931342606389209
8192,0.44109678197301433,0.5108541726807959
8193,-0.8608002915677333,-0.8753172204813618
8194,-0.7617018718938483,-0.884192672866802
8195,-0.37147683737311804,-0.3380508095796397
8196,-0.813033725488028,-0.8986371404141696
8197,-1.6692637238880248,-1.4662993337939694
8198,-0.5820083522520686,-0.729571656567158
8199,-0.6280025927385592,-0.7438169191145929
8200,-2.6780981517297127,-2.417018005477615
8201,-1.4410529424452474,-2.377295462874636
8202,1.0121429044264436,1.0252241109660116
8203,-0.2186321321834112,-0.39399852976168753
8204,0.27002414025154065,0.23570702910378236
8205,0.2011226877484347,0.17404074696453772
8206,-1.6945451625922978,-2.8911812146282245
8207,-1.1070047142853858,-1.7848554035530724
8208,-0.8950746302940048,-0.8030213168092708
8209,-1.7162762927398383,-1.9682842852229334
8210,-1.0383825411117806,-1.5053844379005605
8211,-1.5300735328658839,-2.1010038000405604
8212,0.16983731589287265,0.160126783029785
8213,0.6762770575777465,0.6970509410423588
8214,-1.7451239066738058,-1.766620662619015
8215,-1.3249045174904575,-1.8973082742750076
8216,0.7495963518739214,0.7722510469568029
8217,1.6624262995369832,1.0125105428638967
8218,-1.2881677881248,-2.23107262302725
8219,0.6614616138408919,0.707041888630864
8220,-0.36081065950841623,-0.31270430778943037
8221,0.7170469509802592,0.6938217446669043
8222,-0.8919925491331961,-1.1489844640258373
8223,-0.6886519008711653,-0.6932686646577242
8224,-0.27830414901630984,-0.2881348682796262
8225,-2.6876951209708038,-3.746636360893579
8226,1.0845735868117008,1.0322907021566552
8227,-2.2619917309821624,-2.3850983048654744
8228,1.3361742777839902,0.7704569788009369
8229,-1.1486393085960627,-1.3536105451502716
8230,-0.08368186322496819,-0.09569924076215723
8231,0.6127109860614149,1.0090033615350178
8232,-2.264598431367689,-2.331249324071901
8233,-0.07321972268053012,-0.10404010116046877
8234,-1.6535151955965601,-1.7387738303240428
8235,-0.8228701588984721,-1.55194619331442
8236,0.04884118816941963,0.0677149457956989
8237,-4.910736265645444,-8.00181937361679
8238,0.561788371908706,0.44308843029243083
8239,0.7816940778448093,0.8831589593004744
8240,0.4580939883688358,0.4928480697882662
8241,-1.3808326073045243,-1.403611261705448
8242,-0.5913104974047279,-0.558133547373756
8243,-0.4869484823062162,-0.9741201375746484
8244,0.472064228442303,0.7175018041237871
8245,-0.31576520955779575,-0.32046614676100044
8246,0.6250692548108505,0.6704736042676612
8247,0.11781411020055041,0.09650195286078532
8248,-0.7445115064747367,-1.1594126550194424
8249,-0.950374635337414,-1.476747059644865
8250,1.106756989299782,1.0215573173191916
8251,-3.659479399334631,-3.500647413297965
8252,0.1812269906690682,0.1888622004917253
8253,-0.8063756154061346,-0.9465249670381509
8254,-2.543035675679273,-3.39422822859436
8255,-0.15789641831322604,-0.14330051063871765
8256,0.5144816802772251,0.4705405750071483
8257,0.026591664208845064,0.02559209799082355
8258,1.0904084657088333,1.0343579960856772
8259,-2.338694590423664,-2.7227695464504134
8260,-4.303087719804309,-5.2925912782589535
8261,-0.2704590292696956,-0.3264095274578012
8262,-1.2435597618486245,-1.5297909050913565
8263,0.6161830164575104,0.5935080879310155
8264,1.9474700292929243,1.4167399747217084
8265,0.008791100533568021,0.015194854786390332
8266,0.3501711671863668,0.4711650294453951
8267,1.2482864809134187,1.0135565550349885
8268,1.330207890425816,1.1566285315085443
8269,1.520591306003058,1.422735914611003
8270,-0.8520804218933006,-0.9671268329486029
8271,-2.794610769350153,-3.898720857935077
8272,2.0512482271039727,1.406823649923716
8273,-1.0274122539090813,-1.1733398814081017
8274,1.2481304092358712,0.7417026584974308
8275,-1.6539850717283742,-2.6605782011460737
8276,-0.199823087938249,-0.29701992622785917
8277,-1.0477221269417631,-0.8473267661272034
8278,-1.3390247685096655,-2.1681194730325966
8279,-1.1438010078726684,-1.3753124235111502
8280,-0.461641570353876,-0.404299056478803
8281,0.2830081965004112,0.2620003932670925
8282,1.4292568514073598,1.230996939647985
8283,-0.08992703083236406,-0.10509642933241861
8284,-0.21400237915136705,-0.2813431485889643
8285,-0.6469444991848957,-0.7873683951231818
8286,0.6784808889187469,0.6364620137682708
8287,1.2509288654476212,1.2240312039971541
8288,1.0594612078884442,1.0809930602363285
8289,1.2972411323492483,1.1596215225788817
8290,2.762978294422978,2.207080884310213
8291,0.4859439962342497,0.5031748232323553
8292,-0.4637477552463505,-0.5737147716664968
8293,-0.8542552572442423,-1.294205492114968
8294,-1.434956341698097,-1.7504657337766387
8295,0.6497820783635916,0.6383278659044875
8296,-0.6429448666159262,-0.7368882912125855
8297,-0.5011158324251467,-0.49050489823572574
8298,-3.065972699655564,-4.426956424939677
8299,-1.7259879172554757,-2.262211560646392
8300,-0.4012649450336596,-0.3881845161982967
8301,-1.763976083007741,-2.535686757441518
8302,0.4346496290718142,0.4428680317339472
8303,-0.13471951742866875,-0.15568348318246272
8304,1.704494161521838,1.5466630202603955
8305,-0.20210300688743457,-0.2947910307137688
8306,-2.4058092811411607,-4.211877478466365
8307,1.5088623335301712,0.9567573255644858
8308,-0.25385616124677207,-0.46492237082352017
8309,-1.3874703774877464,-1.6754616097641855
8310,-5.19445997028982,-5.55068006414693
8311,1.250161134633733,1.5059720565363346
8312,0.6554701195649528,0.5122568978779132
8313,-1.2092301520132598,-1.275827916095572
8314,-0.5184974895366745,-0.7778767018346515
8315,0.10769512717583984,0.08188966885735781
8316,-0.9320982923987218,-1.6673811736168505
8317,0.40725961638721864,0.42916131065919694
8318,-1.8601966590376364,-2.0874316805463313
8319,-5.970993443743468,-7.482688103540646
8320,-1.3629372064959622,-1.366281508235259
8321,0.6346086101825502,0.6381673958927241
8322,0.08401150006041679,0.09801073185680942
8323,1.5532316005371711,1.6238041872704632
8324,-1.0312173277099212,-2.896587498674671
8325,-1.561798541369467,-1.9221334055735564
8326,0.9988779321558127,0.8290181085556175
8327,-2.671575997654619,-2.4599133261371073
8328,-3.212888898309242,-3.6927017502536814
8329,-0.27491300712095335,-0.2964975662747774
8330,-0.05134175142285102,-0.05027521541845194
8331,-0.341438071341468,-0.37663641791640107
8332,-0.4533954063490445,-0.4948179031101412
8333,-0.19984298957517077,-0.2761797995769986
8334,-0.609439783421259,-0.5076301063630302
8335,-1.8015558352929788,-2.556863236304766
8336,-3.629230190372304,-2.9153066414156346
8337,0.6754080740695486,0.5906103728964321
8338,0.16146169828293605,0.24192391808664163
8339,-0.8720768685850319,-0.7509802366876766
8340,-1.5316987155964235,-2.1326429971567524
8341,-0.2914424275994623,-0.4765110309588216
8342,-0.39250767783800106,-0.30184372264591014
8343,0.5725075798437074,0.5503346700778404
8344,0.33071446282184774,0.7149480450808929
8345,0.9697412009049813,0.7950837923382571
8346,-0.05176415293962571,-0.06556557141138794
8347,-0.0206487610705205,-0.030680663438389176
8348,-0.316289872843229,-0.3721974557422002
8349,-1.455660917919702,-1.329513548670783
8350,-0.5355582177031768,-0.6167370816203065
8351,0.6060896640731734,0.798049457810506
8352,2.053706820250227,1.7574143828310624
8353,-1.170265905305395,-1.1306692548006778
8354,0.5750853172682364,0.48146286423939333
8355,-0.5179120747101087,-0.6669861308985134
8356,-0.7867969135823134,-1.062255533445509
8357,1.4526727236746093,1.0984197478795763
8358,-1.5127380471309122,-2.0919873396254274
8359,0.4151047529342194,0.36469845879651114
8360,-0.6359054677987731,-0.5770892469372901
8361,0.22251966395603,0.1929605299027216
8362,0.21979442902346447,0.19192515339562158
8363,1.128309653309565,1.0228431035485344
8364,-1.759339159441795,-2.1245963384163726
8365,-1.8799827757030596,-2.734574863609383
8366,-1.5726894215238596,-1.6446153956950251
8367,-1.104909047361752,-1.1787738578557012
8368,-0.6187026888807127,-0.6474944093187436
8369,1.0651998330904766,0.8761492284959275
8370,-2.233285998222762,-2.424106761255524
8371,1.0573597329846656,0.948539252025163
8372,1.664987606617129,1.430466603174597
8373,1.3114039899154535,1.339928591460574
8374,0.30586474854347917,0.26490705258110986
8375,-0.7624005185386109,-0.7057124338414217
8376,0.9250108926039704,0.6300687667271777
8377,0.5815539399339348,0.8717833472000496
8378,0.7896431878607421,1.1161310354978302
8379,2.3060205152651805,1.835185617384777
8380,-2.779828676491234,-2.6636827526718996
8381,-0.7626270746769203,-0.7995189052717798
8382,-0.49426924828938257,-0.6165101975800339
8383,0.8569700931677239,1.0752259325549658
8384,0.3704074792918412,0.4740230012536038
8385,-0.13992657691665517,-0.10745291374277231
8386,0.358994849804617,0.3142295745651381
8387,-0.62366191952136,-0.7022687718450457
8388,1.3108758878036484,1.2578910222470356
8389,-0.39480032237658025,-0.38921183765304956
8390,1.2391173867221905,1.571828751866685
8391,0.04838456471328145,0.05333921983082059
8392,-0.26803979998870414,-0.8772258838591247
8393,0.13236883939337168,0.1686702401740221
8394,-2.78711787195815,-4.726130776472115
8395,-0.06432378780537758,-0.06216731393245347
8396,-0.24744251715297264,-0.29287507162259513
8397,-0.6465230203879593,-0.7695559686633615
8398,1.1858669372325696,1.0303578481301965
8399,1.2771386361291606,1.2267042841995341
8400,0.7981968678209036,0.6936626715631967
8401,-1.4769005238040547,-1.4642993965838083
8402,1.6349230648608482,1.8837690102843632
8403,-0.19875217399288841,-0.317423307117576
8404,-0.7617313851699061,-0.9086471409691056
8405,-4.383360796756245,-4.914164372752437
8406,1.3397249069592188,1.1092311897906393
8407,0.6676907409235171,0.868121955203978
8408,1.037065589955925,0.8383701145132624
8409,0.5577284076697611,0.5300838837118981
8410,-0.4542687867200842,-0.672400794874786
8411,0.04017243526585014,0.04431250954111549
8412,0.22974060264927687,0.23126476628385342
8413,1.846598925702952,1.4398116221412547
8414,-0.3863772612930346,-0.6769588637341666
8415,-1.1788327897228768,-1.3968980065746266
8416,-4.595668551729308,-5.899825434839103
8417,-1.4105059086915939,-1.6759945283998154
8418,0.9153176565340013,0.9890754915719621
8419,0.634845529962663,0.576490448946609
8420,-0.10277426409114931,-0.13761920662722177
8421,-0.2939790838343695,-0.365552752578738
8422,-4.694211593203996,-6.160683570678116
8423,-0.3096323870828256,-0.3033321525386137
8424,-0.20011378598696672,-0.28728934825844643
8425,-1.2553547260983313,-1.182926266121189
8426,0.12496816791535537,0.1849060431183909
8427,-0.06487085866554865,-0.07008987984202697
8428,0.8747624564190195,0.6770307389752692
8429,-0.43492048176483583,-0.42493950872027497
8430,1.0957333386097319,0.9513316855833467
8431,-0.47289864679941923,-0.7724459620459966
8432,1.2982048601692309,1.4257045222890383
8433,0.2644846922395578,0.26554105331071426
8434,-0.7976306348403763,-1.240238015310464
8435,0.41182342751569895,0.3956298444555232
8436,0.985396368671035,1.3723232203832807
8437,-1.2011112143349298,-1.0371675245896765
8438,-0.8340298108759336,-1.1127787826765383
8439,0.8535802096140204,0.8812157932149166
8440,0.8426192511548436,0.8024395476959035
8441,0.5370524794239069,0.7610506406925494
8442,1.4218417760237132,1.6098522973362834
8443,0.24785938506331628,0.27030800321419
8444,0.026327285791411834,0.02912661409304543
8445,-0.7750897408525824,-1.0381624878184224
8446,-1.7855960291285804,-2.1902052746157907
8447,-2.446817177081626,-3.6436090833712296
8448,0.5264704125472319,0.3206048028149793
8449,0.19443130279486967,0.15740532207381674
8450,-0.43785191360507436,-0.4727389760643769
8451,-0.5489181265764017,-0.7182223674753534
8452,2.165250438300759,1.633103559870848
8453,2.188691848882606,1.7709992019535472
8454,-0.5750903123359821,-0.6107279211311254
8455,1.5549766967844925,1.3166085747666099
8456,0.22427313079292274,0.485388720969574
8457,-0.9831600552741188,-1.1432754971605363
8458,-0.9205730963148001,-1.2801647143357084
8459,-0.08167461418989365,-0.0920503477664523
8460,-0.03469263864017832,-0.03054588541986032
8461,-2.3735720775560525,-2.809343147585549
8462,-2.151064475235989,-2.387617647580821
8463,0.4903679990449571,0.47898659782920044
8464,-1.596405797912768,-1.6342986706333889
8465,-1.5836468697738109,-1.470038497580427
8466,1.598755401533933,1.4207505943871452
8467,1.8863540533155816,1.5931545048725984
8468,-1.5258675318001584,-1.911652695441861
8469,-0.3790125577762392,-0.5906847579249168
8470,0.23285094756195432,0.238409579984596
8471,0.9113106040906682,0.6516444761189
8472,0.3374008756266818,0.28952412653280846
8473,-2.168544830843915,-2.09928288150956
8474,0.5356740523369407,0.4106232814004044
8475,-2.0647913647840497,-1.894915793777123
8476,-5.886912925823233,-6.408581573664334
8477,-0.19886123065712047,-0.17753234858407763
8478,-1.2881265563616373,-1.019976125462551
8479,-0.1101522794611163,-0.12763881088496293
8480,1.9343152721024506,1.3475703509610084
8481,-0.6895002462793997,-0.6754058499488189
8482,-3.495110221914905,-3.7765880778816254
8483,0.8460774286018327,0.8880298083900952
8484,0.621725477849186,0.37856880870740856
8485,0.4721607183731405,0.4140929182463542
8486,0.8171891393350956,0.9410127041674713
8487,1.162466765258474,0.8784615597777788
8488,-0.12060045572645085,-0.11448114692347738
8489,-2.1447833662045164,-3.260383815127056
8490,-2.2955182020510083,-3.4326823112489575
8491,0.8161119022600805,0.8399762626026841
8492,-1.0156090167837635,-1.3373396255075274
8493,0.6020421684329386,0.5362338009369712
8494,0.8454278720030418,1.0262455831036619
8495,1.0314827711199432,1.1355963299439904
8496,-0.04601107812836249,-0.04310212001178985
8497,0.4467391983961727,0.6177012877939002
8498,0.09107058558715653,0.09646851050285067
8499,-3.9479635578438685,-5.232100646599889
8500,-2.1424396969985495,-6.607271974673793
8501,-0.19041747184531338,-0.15679234803360534
8502,-0.7946753539921002,-1.3549479467824712
8503,-1.015278391302036,-0.9528738277592653
8504,0.3714120721964897,0.4366539364407701
8505,0.48388811177371704,0.5970052726831592
8506,0.24253281995350723,0.22561010782394042
8507,0.8335482612696264,0.6147843124584206
8508,-0.12700163513222287,-0.13642807496059156
8509,-2.391834733134209,-3.30383493257797
8510,0.8436727339969876,0.7610389786765827
8511,-1.0155397059312454,-1.6525575488922757
8512,-2.2821731407855754,-1.9884745337564877
8513,0.40463108561668054,0.42689555439820065
8514,0.546120731063681,0.5283073761650953
8515,-0.3160613498818029,-0.3771129969331768
8516,0.24170612733251493,0.23888793565862226
8517,-0.6478165264289497,-0.6413712022638265
8518,-0.5042741283546778,-0.5587389371175453
8519,-1.8018468576160858,-1.7215210213051382
8520,0.7806080295959648,0.8062602217469103
8521,0.6040097646864518,0.5839950924031109
8522,0.1964369326792117,0.21123606848667628
8523,0.6826538954721202,0.6115863550728953
8524,0.9272214251695912,0.6291441460316096
8525,-1.257600872830248,-1.4997279160715942
8526,-0.2779520772813759,-0.25495158918674815
8527,-1.8162852665871836,-2.502720864551232
8528,1.1896310938065067,1.1657227855210088
8529,-1.0623851292274975,-1.4636144932894066
8530,-0.6498560103676188,-0.560936630842082
8531,-0.021702805094068082,-0.027101953333134712
8532,-0.7261041583275164,-0.7739056962735197
8533,-2.1981858686642597,-3.4002220205009066
8534,-0.030996897795475285,-0.03293593471126423
8535,1.6831912971848522,1.6354257596110602
8536,-1.7764025014232605,-1.458496590605391
8537,0.46516743919188663,0.5077989493932896
8538,-0.3703291036859984,-0.46294941892087155
8539,-0.12393912553560106,-0.12764388742077368
8540,-1.7742784121967645,-2.917554922872988
8541,0.7349913817621858,0.8264348876585226
8542,-1.4336806485409113,-1.3082043724132701
8543,-0.7392378739759496,-0.7600134130001766
8544,0.4181898375209585,0.5330175166138146
8545,0.4367427814332322,0.3479432052741403
8546,1.334156643839256,1.1897280644529395
8547,-1.288388437829737,-1.5189107593795386
8548,1.1343199301101596,0.8597776975408808
8549,0.4977907737012127,0.6248677465279496
8550,-2.024669907476317,-2.7784497718069474
8551,1.3255884934848572,1.3115192915365805
8552,0.2936454339213946,0.309192196696902
8553,-2.4043649063458785,-2.1705030344019773
8554,0.3028162889070273,0.25915825441849355
8555,-1.5737333881252107,-1.80752655359228
8556,-1.3866527810912292,-1.84437907523066
8557,-0.6970076724678982,-0.7705005501774403
8558,0.6359814547694876,0.5873842481419712
8559,-1.521395816294735,-1.6742630645987986
8560,0.5826333499203274,0.711574330298665
8561,0.3226867248769362,0.26947470609724566
8562,2.418874229456686,2.340772797313323
8563,-2.2866292649457343,-2.3440963807516058
8564,0.6342414699776335,0.5109522944364745
8565,-0.4080668350988218,-0.5340212951135725
8566,-0.8815840181332592,-0.9159637659550474
8567,-0.48105076107362343,-0.4987741544693582
8568,-0.059826432758912196,-0.06521891477830984
8569,-1.6585172447966856,-1.699221630043353
8570,-0.9490246586246619,-1.427899490885561
8571,2.917587021535649,2.158670274864917
8572,-0.29235018213751823,-0.3303665798064861
8573,-1.480354361323766,-1.5826590883968703
8574,0.3448105525451116,0.4672503172111475
8575,-1.6072681128515351,-2.112696007770265
8576,1.120203617180152,0.9508598603006113
8577,-2.1611921211623106,-2.275853711928136
8578,-2.947626326517723,-5.234387664368574
8579,1.6870776050103533,1.4446997365872392
8580,-0.5817889304260675,-0.47450042261159686
8581,1.1779146083878422,1.1645839477780093
8582,-3.1565531289687776,-2.9185452728499595
8583,-1.3541497196453103,-1.512346964360048
8584,0.15280081031977122,0.13395422943056381
8585,-1.5323626372009738,-2.4731866423102282
8586,0.8317044720376314,0.7557951849363665
8587,-2.8829643231901687,-5.285249787388189
8588,0.8286242621933115,1.1357439054834415
8589,-1.5956453848906802,-1.3056317302203064
8590,0.5609177636872675,0.37907108810537354
8591,0.38486388696600726,0.30877055507292395
8592,-1.267731689604622,-1.429847467736784
8593,-0.45954506561269254,-0.8136176057401617
8594,-0.34702803895562423,-0.32476430733240014
8595,-0.7434010696985466,-0.6856219804597261
8596,-1.101602568238194,-1.8385999347657567
8597,-0.762522745801622,-1.1680251158101382
8598,-1.9306230197995902,-1.872674782098788
8599,-0.8329541301406109,-1.279896622878467
8600,1.200560671932307,1.4193152790110202
8601,0.7033708023755707,0.778056585003518
8602,0.5066507754371677,0.46545398441698443
8603,0.7545633008637442,0.6373988955634345
8604,0.07242866408311006,0.05474948998498674
8605,1.4834448243500382,1.0714302727591662
8606,0.32325929941651693,0.3647265930852492
8607,-0.42367439020883446,-0.37891114138970206
8608,-0.2111982942254688,-0.3508136213470761
8609,-1.2081081102037372,-1.7361906509373168
8610,-1.2945009528654283,-2.2889582692295884
8611,-0.40374736579959597,-0.6556245293201491
8612,-0.8990687212715892,-1.268040877591845
8613,0.20097765268821244,0.2561735258288988
8614,0.6346697197459917,0.9755150293048139
8615,0.7660323655058803,0.6949428972147345
8616,-0.7804111117761721,-0.5854721267022639
8617,0.6042508569648486,0.5183462669866109
8618,-0.11574149956797528,-0.1357982182225133
8619,-0.5907652504756498,-0.818733925841646
8620,1.390140344372198,1.5154812515874105
8621,-1.2138223786154867,-1.9652358569123138
8622,-0.41236185465129666,-0.3917086091918188
8623,0.1476288734338863,0.15452484750454148
8624,1.198555582270321,1.262939474620923
8625,-1.5781799918831858,-1.6972218168396778
8626,0.105179149885111,0.12581335290320425
8627,-0.06673047192951764,-0.06496257279193558
8628,-0.5522250469783598,-0.762348030908736
8629,-0.3142643233476926,-0.23259559245387823
8630,-0.21496465868561848,-0.16342223382512966
8631,1.2710291049516418,1.1699697632052817
8632,0.0035749222717448206,0.005725562749982573
8633,1.0624636324147374,1.140346605328568
8634,0.8798239525013268,0.9246769892315491
8635,-0.04038906753808891,-0.04542678463300176
8636,-1.5005432395237106,-1.800642032218082
8637,1.6954274351893261,1.3132275487317295
8638,-1.5872712648825007,-1.5656473907638777
8639,0.10079104564899115,0.12340016085978606
8640,-1.5351651000215176,-3.963879106414883
8641,-5.429017872408408,-5.422182303748772
8642,-0.4501639211411958,-0.3471841463930048
8643,0.8940522668947151,0.9881476505200703
8644,-2.1312430737139993,-3.319240021483628
8645,-2.6496540933896284,-2.9674609721232397
8646,-1.605608476466753,-2.4616775638622004
8647,2.5329446069304913,1.910423351262172
8648,0.35576503520103775,0.4368134940663243
8649,0.8943504381374177,1.2026033845803226
8650,-0.202991340619074,-0.2699782439209647
8651,0.09082524465407552,0.08965496572917417
8652,-1.7561736065519447,-2.1685933850284056
8653,-0.14732839195708827,-0.12937710341196207
8654,0.6793343140727359,0.45016325863628837
8655,0.3493754394577463,0.4427161031514066
8656,-0.9115808227592395,-1.2749381439531138
8657,1.1092235255330751,0.7533519406146463
8658,-1.0310867051745467,-1.119130039012658
8659,-1.538486606937571,-1.7062517721367376
8660,-0.20738100859529335,-0.3430684033441168
8661,-0.05889849403436456,-0.07342223961596969
8662,-2.8082050318677623,-1.9906818842914078
8663,-4.062357716991648,-5.180179350232136
8664,0.5503806743954262,0.5375971622426768
8665,0.7396121547711058,0.7865250139520219
8666,-0.09115608030035491,-0.10549620125678595
8667,-5.311241076191296,-4.466165469637707
8668,-1.3872146484830268,-1.3677997252953664
8669,-0.4983654449144312,-0.6064917186912956
8670,-0.7843912093007116,-1.2849518522385053
8671,-1.162770023596247,-1.5809285359476744
8672,0.5569187181976777,0.5014196822440005
8673,-0.774126449278147,-1.1053693099306314
8674,0.5328148554233876,0.49903682161868523
8675,0.5330064169003871,0.4733449018553659
8676,-0.47465084421416465,-0.43023561076059386
8677,-1.587925750525866,-1.9925539257246123
8678,1.01515403182066,0.8172279278159882
8679,-3.0984180044613145,-2.8048609484891815
8680,-0.3615912240011762,-0.7809797938635653
8681,0.38137003865696095,0.2895278340409213
8682,-0.9697517983250116,-1.2041341305463438
8683,0.14236783238795211,0.17804812573807727
8684,-0.8636795741231187,-1.337252006934748
8685,1.4700366223393517,1.2609234072542925
8686,-1.0853982573789434,-1.131193596050795
8687,-4.111519324911824,-4.866246227870891
8688,1.3532692503043,1.1238643339367773
8689,0.4483416041046758,0.378295158262828
8690,-1.924379315390047,-2.680227549776546
8691,2.138319368874412,1.5703232650954475
8692,-0.45166393262980986,-0.5190591052952496
8693,-1.7252961040623036,-1.8523004889416828
8694,-1.619531146416602,-2.322957386310244
8695,-1.5940535589040261,-1.9315025786454025
8696,-1.1568912253497496,-1.7717147025197693
8697,-0.7394452298332597,-1.1377134616486817
8698,1.3439006848432273,1.2090229438543794
8699,1.644618168284579,1.5446518680093528
8700,0.10543536625039299,0.10452459212658446
8701,0.4545848572522969,0.4373970737105708
8702,0.3561241595391274,0.4378806990761792
8703,-0.9161608901496836,-1.0431867490480524
8704,-1.1088927894601603,-1.2049811324909976
8705,-3.5533932681244416,-3.6847988091171615
8706,0.45726227756652466,0.45665431900624986
8707,1.2177498337301902,0.7557254152030093
8708,-0.5151250581639327,-0.6502437484392013
8709,-1.5120300311529917,-2.068910128935278
8710,-0.07065189514086397,-0.05846067242240255
8711,0.3376260900260717,0.465535748087272
8712,0.797278904584502,0.7261566176977177
8713,-1.4336611462087998,-1.3928753838795487
8714,-0.309844088303331,-0.3936937490072865
8715,-1.3225495768730233,-1.285881468446574
8716,-1.1226154032703868,-1.2126050106337314
8717,-4.022087743049785,-6.395194608998433
8718,-0.18594520561183592,-0.1832388820117055
8719,-0.1418980318258413,-0.15198515981372046
8720,0.6525976479199458,0.8276007441024824
8721,0.10294169539627601,0.1544635572000905
8722,0.028914863209176883,0.05433557940921817
8723,-0.5562174435785673,-0.9471187328949678
8724,1.0291384138939927,0.8637082085130517
8725,0.12174124505410529,0.12165933402075181
8726,1.1295754913476732,0.9151373031259139
8727,0.08036776229773436,0.10389855607083087
8728,-7.103791010062304,-7.43479717964284
8729,-2.8035615254099087,-2.802177889201454
8730,-1.5030998967860152,-1.5854502526659908
8731,1.2398537863779342,0.8088356782574091
8732,0.21939316047316573,0.22933513066137426
8733,-1.5321130116752713,-3.570393187778853
8734,0.5251953964512743,0.6359814556554492
8735,0.7977641463700714,0.6019223499958612
8736,1.5941676168226318,1.2454683289222164
8737,-0.9776227029801542,-1.1182302438119474
8738,0.7857411033982302,0.5814320970226726
8739,-2.057379904568467,-1.8535465453501876
8740,-0.7255275624246423,-0.6729920707989577
8741,0.8090417943711229,0.7379539653756861
8742,0.14036455620765195,0.16004136809175248
8743,-0.8363022660403722,-0.8005442482757968
8744,2.1035765611116304,1.5021450570720367
8745,-2.0107380508575465,-2.5540952159269685
8746,-0.9505068671638752,-1.8906279711396758
8747,-1.0995647176603964,-1.5699099706354878
8748,-2.8433674655351977,-4.810570379681019
8749,1.3056871904169622,1.0766537295802425
8750,-0.5929349480928401,-0.7803588489027367
8751,1.0179370366869842,0.6413701816250362
8752,1.5341718301824474,1.153705268553519
8753,-0.37424081167735174,-0.37457669670927723
8754,-0.1048129458809327,-0.12163737915301302
8755,0.9749873065974148,0.8248403511891494
8756,0.522329052950897,0.5190687568771453
8757,-0.4794977577837728,-0.6125684836446607
8758,0.19476724197769635,0.22839512421059263
8759,0.07797128899228294,0.08638622307754096
8760,0.594935897732031,0.6535688574273469
8761,-2.1698584725563164,-2.63688602551582
8762,-0.3134650028857188,-0.5626443714399828
8763,-2.005055351464539,-2.9649607386385415
8764,-0.018623233914429264,-0.01427314087210407
8765,0.1881570453210404,0.21525275862106244
8766,-0.7683832165198008,-0.7271388716162742
8767,-2.382707682459482,-6.093902162393953
8768,0.673259606872461,0.7369164175127139
8769,-0.9483748234546112,-0.902337934482899
8770,-1.032631866378379,-0.9570490452143436
8771,1.3345411132810392,1.2760351497403728
8772,0.21056518382026285,0.1433763726173798
8773,0.3051310351091858,0.26162205246505665
8774,0.05352102556243918,0.07680112868314941
8775,0.09469249027974451,0.10999889976523372
8776,-0.20777514724960724,-0.2150876060896215
8777,-1.5959648551589891,-1.3618004813191198
8778,-0.5816435596268921,-0.49435975665168225
8779,0.9620099116791221,1.0540171034306427
8780,-1.0046555503216186,-1.5129040186428955
8781,-0.6954221807640826,-0.7291599359637577
8782,-0.3808479234754193,-0.3720014353775154
8783,0.38470950193991005,0.5597946655921103
8784,0.34742491048926144,0.30343019540741356
8785,-1.2366221912940252,-2.7731111250513476
8786,0.5955054273019337,0.7217293342135128
8787,0.17125599112032278,0.12391994625767136
8788,-1.0011691639911804,-1.2411266273330732
8789,-1.8370561694565157,-2.59435083781665
8790,-1.1222057184840664,-1.8956772713371686
8791,-1.2893386146019958,-1.7583238585485543
8792,0.5903935607419324,0.6131509060892345
8793,0.9400244844843947,0.7024354931232392
8794,-2.6747203902085492,-3.5133447538650713
8795,0.805991190299722,0.7429683237620249
8796,-2.129881475693548,-2.538072383483126
8797,1.5205515787407995,1.2643634707538027
8798,-0.6108813366674902,-0.5825420950560936
8799,0.24962573289654577,0.2612511887019208
8800,-0.5963224725198599,-0.9841374808203701
8801,0.16660015120475022,0.23628186673732723
8802,-1.5526330160715636,-2.6769801884873274
8803,0.5622161658472355,0.47821230484880334
8804,0.42272760333890413,0.43788507303189084
8805,1.3630397639840697,1.5453789971833198
8806,-0.24841523938760784,-0.28129773147803044
8807,0.5815732811826755,0.656122544300105
8808,-0.44352312410005634,-0.6839042536280184
8809,-0.6926899891148228,-0.7265039585975902
8810,0.1762459663301258,0.1427128212990422
8811,1.8348752283578798,1.7296851165280116
8812,-0.5867856465983632,-0.5326066107951325
8813,-1.0773622160552796,-1.270779641795025
8814,-0.98857658902607,-1.0861787223163148
8815,-3.2329551303257373,-3.435486675343585
8816,-0.4788434276076518,-0.4412855792467875
8817,-0.9674734116248088,-1.0219626615354487
8818,-2.661535783419067,-3.552909309842244
8819,1.5962181956303385,1.6010971546170478
8820,0.13663052509221577,0.13391413575576236
8821,0.5750032899313718,0.47895556068334366
8822,1.067523599904184,0.8062715342743564
8823,-2.3143049543830854,-4.221094591994515
8824,0.8231269953269762,0.6847985463304527
8825,-0.17833897048671246,-0.1628753494696264
8826,0.1800307581880434,0.20073851120048675
8827,0.8922437266911968,1.1133556126921034
8828,-0.05647750133708532,-0.06105443361704517
8829,-0.8997081842195683,-1.0039343467291844
8830,-0.34951583175167533,-0.2850412442701294
8831,-0.18307959086183245,-0.17006243606046514
8832,0.4955625082506943,0.547744722871192
8833,-0.3026918623423788,-0.28567318452838514
8834,-2.250979508719488,-1.972791873474265
8835,-1.1214791970950166,-1.2382879847599348
8836,-1.0216111046802054,-1.0925643033679255
8837,-0.5146584480970497,-0.5692179366544123
8838,-0.16984595086943644,-0.1266635535338878
8839,0.08888697398646368,0.13172624162628555
8840,0.6565573883631024,0.5201787272933265
8841,-0.7308373349823373,-1.2318261218773328
8842,-1.5606233023208214,-2.3102794846075425
8843,-0.6303484399596884,-0.5388734452083598
8844,-0.7314162545278207,-1.1743005816090675
8845,0.08467059363374706,0.07389269494885141
8846,-0.40684924463962696,-0.45964618089035625
8847,1.6615306376520078,1.352361643268413
8848,-1.0076193846525947,-1.098787080685431
8849,-2.1377559913219493,-2.977302748757217
8850,-1.5780448893856496,-3.009442678748215
8851,-1.0006776829170614,-1.776357340339907
8852,-0.21999993199282716,-0.24246429896693447
8853,-0.27328121416577467,-0.39527997969935036
8854,-0.19074271968083634,-0.22270791312918262
8855,-0.1929766645567136,-0.2211929561171533
8856,-0.22482763255289612,-0.25783820482587355
8857,-0.5738060659663023,-0.8216549501961852
8858,-0.5963841736346893,-0.9321870840715436
8859,2.3772745240195845,2.2433132333228087
8860,0.042836083645837714,0.060376756791516904
8861,0.7907125439042912,1.0850254069003546
8862,-0.2936153687614317,-0.3464292255030248
8863,1.3016932669647514,1.1791542034947196
8864,0.16073114471946956,0.23306100684287015
8865,-1.0447315172624723,-1.047992708712645
8866,-0.02401857363922512,-0.02813411647311029
8867,-0.20716860166602377,-0.17428377939750284
8868,-0.8379930083807714,-0.6741782353298454
8869,-0.899404764006262,-0.9407373029590057
8870,-1.547015808239193,-1.6077515115104568
8871,-5.198280678059298,-6.036922524070046
8872,-0.44286362325788964,-0.6418510280671981
8873,-2.089590670616608,-3.054493912028415
8874,-1.096296697194393,-1.013825948243229
8875,0.5752583621947573,0.4178927534557376
8876,0.9752527263379797,0.7216234153718295
8877,-0.8063439791110333,-1.7333277334085075
8878,0.80492222379868,0.86287708207145
8879,0.5951670805456344,0.580921959232249
8880,0.6836812771686881,0.4822200268617913
8881,-0.6157833383644631,-0.6519560246646591
8882,-1.0613275905280124,-1.9192441058958645
8883,-2.3984531470487656,-2.769506961462175
8884,-1.6096975209713549,-2.371871668454183
8885,-0.34345535139818506,-0.329437404273961
8886,-0.8796919367406243,-0.8660147471892383
8887,-0.9610263011983298,-1.1212127428873409
8888,-1.5668538622081007,-2.45116359665905
8889,-0.4098624602944895,-0.42706249072057784
8890,0.6301837947902108,0.6683375284510836
8891,1.3417758860144144,1.1859561976395248
8892,0.22374637131955513,0.2440420870891178
8893,0.3947565053186307,0.4309920704471662
8894,0.8662671900875683,0.8401764813573472
8895,-1.3618303405501389,-1.9596896737163414
8896,-3.138304099918781,-3.9026323392800126
8897,0.49224900617448936,0.5114977342292456
8898,0.8975119918046126,0.8086300914494964
8899,0.9707996174296722,0.9044306596876479
8900,0.8383041042295316,0.6318635685111869
8901,-0.26354528586977827,-0.46308831353289126
8902,-0.2601799003107486,-0.23374586668777922
8903,-1.502888446370251,-1.9089272237437194
8904,0.8590172346339949,1.0636069844204945
8905,-0.08127132099533285,-0.08610069877726491
8906,-0.933256787870043,-1.1494460658819723
8907,1.2617938885178537,0.6980056603126561
8908,-1.1492041288422055,-1.6884890024132906
8909,-0.33210079519436886,-0.2846790614727796
8910,1.528835233844632,1.260975151733966
8911,-0.0973282251514637,-0.09700346454061459
8912,-0.03378262256218468,-0.03964405960584911
8913,2.3981565654783275,1.7221306712760127
8914,1.013539714055359,0.767921352963103
8915,0.44821828441974637,0.5742612637991538
8916,-1.7705593597633846,-2.562641268553258
8917,0.06181904868668204,0.06677386768811444
8918,0.44952669542125034,0.7137684552151208
8919,-2.4866056135467884,-2.962045655168672
8920,1.5211329729679364,1.10390493075218
8921,0.060360800261829314,0.06209666607156033
8922,-1.0356741332117143,-1.5434414047312
8923,0.27697858365675554,0.41434626172058575
8924,-0.9005171491512641,-1.019915407487671
8925,-0.2658888731956506,-0.26598430646212423
8926,-0.5803857627282833,-0.8125347040730807
8927,1.4858837319383007,1.3299152752869499
8928,0.7750272905166838,0.5862492924007175
8929,-0.11647421975281874,-0.1069683902147254
8930,1.998531543517686,1.9715976823833332
8931,-3.166773279850338,-3.8767589882541666
8932,0.9673461007365869,0.9403184979326266
8933,0.78181899706105,0.7043039569759446
8934,-0.3391768387536367,-0.3665061902312122
8935,-0.3297247461054455,-0.36843831191254733
8936,-0.3196273686507656,-0.4536135524494875
8937,-1.6994904361221579,-2.3738700385415497
8938,-1.3925017930026358,-1.3717101698584606
8939,-0.7546115930800985,-0.620552688897457
8940,-0.26363730319607714,-0.20424704879950165
8941,-0.637688463133206,-0.767926844547397
8942,-3.4053811840221853,-3.740846692363247
8943,0.6093616735149695,0.7737019568500114
8944,2.3414943683661695,2.113401407708445
8945,0.6606726914111096,0.6077914939326026
8946,0.4719571994035273,0.4889196510572646
8947,-0.8562121797532896,-1.146079090652207
8948,-1.0729362477488842,-1.3960425259761184
8949,-0.9620665318592483,-0.9710029581858384
8950,0.6367493918138047,0.5377879585860161
8951,0.20180299049853187,0.24930075432697643
8952,-0.45679799787068676,-0.49667488251531733
8953,-0.48630436434769125,-0.6204546423250155
8954,0.23128513426218225,0.2265401683958607
8955,0.7431142910103209,0.871297643374572
8956,0.7227559042262973,0.6656963719670589
8957,0.7007839790835317,0.5037412509604418
8958,-1.1986132415442463,-1.692152333705455
8959,0.4626057790922325,0.43323476832188307
8960,0.5698065452662114,0.52111867818894
8961,-0.6147540701526633,-0.9121864767797324
8962,-2.004664111385489,-2.857554320546698
8963,-0.2138378638063605,-0.33740867747997344
8964,-0.009632529742869022,-0.015685410105971603
8965,-0.7419084398286503,-0.7249638767971199
8966,0.5383620405773589,0.447880881673965
8967,1.2833291492304373,0.8164989888715422
8968,-0.19694451087617207,-0.23603175882929214
8969,-1.2463263186617055,-2.478735985527101
8970,-2.092998096224874,-2.2985366962173255
8971,1.6109343876183342,1.3850499904407902
8972,-4.349785100462511,-6.102143769010712
8973,-0.5940256809452565,-0.5748568028835351
8974,0.22214843554338937,0.19022714322856604
8975,-0.17502719301236508,-0.1893081133396534
8976,0.03558007876828072,0.03152467111719884
8977,0.5390612205441868,0.5969944743430585
8978,-2.6986679245325473,-3.4691227117685473
8979,1.0375877523026007,0.8684774893819557
8980,-0.262232817896638,-0.3545281993149327
8981,-2.4202678843744643,-3.8867027527372286
8982,-1.8131419910848676,-1.5197439530125818
8983,-0.7939979817598632,-1.266911450710961
8984,-0.08317134087418149,-0.0808883721068013
8985,0.1856687163511764,0.3055362385378138
8986,-0.9974337195666333,-1.1359975219580067
8987,1.2485317268979845,0.9971661119632125
8988,-0.018159446956594005,-0.014110443589451791
8989,1.3148953794729175,1.344879755066519
8990,-4.035471915434577,-5.7470892278292
8991,-0.12585214705280257,-0.2375273823952933
8992,-0.6637696159168002,-1.0691982797631892
8993,1.9326716927470065,1.3230334549754033
8994,-0.0511029881187009,-0.054821170914726304
8995,-0.8283014221181876,-0.8046024306004796
8996,0.3418520095202761,0.2908340754501229
8997,-0.4825486940977621,-0.487591663353084
8998,1.3246671609167453,1.1575021532048284
8999,-0.35114982058221617,-0.479178142740595
9000,-1.2396169253529694,-1.1481718284611289
9001,0.7557733331210948,0.6902431482319752
9002,1.1986028211407893,1.1674320867854222
9003,0.03966782961712631,0.041737572876299485
9004,1.5208024307373742,1.6174163940530895
9005,-0.9523522924691412,-1.0679124547293446
9006,0.451810261213983,0.35596650259292223
9007,0.2509049329896008,0.3233704829099158
9008,0.9231601873252919,0.7896026349512675
9009,1.4842699291627939,1.6098657890636823
9010,0.4928289415654897,0.6015754058466888
9011,-1.1841410560530388,-2.0140085553009017
9012,0.21972679974623696,0.1842400877062688
9013,0.4629784979205541,0.5077265392233761
9014,-1.5393100882391026,-1.7169007976623423
9015,0.45328958376414963,0.26485795995977607
9016,1.7136215388023595,1.7141330527478211
9017,0.8595215877672592,0.9628338789291985
9018,0.1877206798110304,0.17289969260072485
9019,0.5900093823694288,0.6306638624716588
9020,0.6832058467405918,0.5234707988744056
9021,1.5817113865513848,1.2350996701418984
9022,-1.006986865557862,-1.623401369392955
9023,1.4578894441522054,1.3124777064118107
9024,-1.1601145164766589,-1.3560514098636205
9025,1.2516512580208847,0.9958709284641458
9026,0.5589454096402336,0.4748181819144789
9027,1.1035136421360343,1.1669268403190411
9028,1.0183819425164096,0.822123698612755
9029,0.1267898480809303,0.13391658596608205
9030,0.4333256585528361,0.47001284714944136
9031,-0.3898202406282055,-0.4295222264882061
9032,0.4877705787102146,0.5568670864398526
9033,0.7505615434981651,0.6572191569492041
9034,-0.1962663643169526,-0.15735491695359188
9035,1.4579359249779158,1.0749503467492192
9036,-1.9040436978597626,-3.6495081813673864
9037,0.3228546297398139,0.33559646327985826
9038,-2.603204221546884,-2.5188948130114794
9039,1.986493216117601,1.755606294499352
9040,0.9159617157375238,0.8290703910001223
9041,-0.2162802326586446,-0.25178269391717256
9042,-0.5122549420933352,-0.5216829156828027
9043,-0.45757522883036383,-0.3687259836705765
9044,0.5373100468717349,0.3900453298938335
9045,0.040926872941231957,0.06082777270308773
9046,-0.40346133405758183,-0.668973482922632
9047,0.44919661895673424,0.3846744214770895
9048,-0.9477046319189901,-0.825138961982884
9049,-1.5064015081773094,-2.041112680169656
9050,-0.631577961227791,-0.788608377046823
9051,0.24273695555036828,0.20921674551426198
9052,-0.9876329681118919,-1.0396863629608588
9053,0.19825099130075283,0.1458555382883564
9054,1.9729148578796247,1.8278633011266359
9055,1.4391076137728918,1.575753067310833
9056,1.032202056768866,1.4233348014836542
9057,-0.11913276589682269,-0.10425609109471881
9058,-2.4373709029198483,-2.434744889922645
9059,1.0482101881144406,0.9515370686529783
9060,-0.020957067152232667,-0.0363752624697915
9061,0.06163744797352187,0.07010836935434708
9062,0.6636211136486971,0.6327819113046526
9063,0.7279126133163837,0.5970476703697929
9064,1.4164065380999724,1.3994576299797732
9065,0.34924583447883106,0.49438347446301995
9066,-0.02543672820752666,-0.01942876196843843
9067,-0.8662592181521371,-0.8838567920473387
9068,-0.7722370671670904,-1.0701820283982972
9069,-1.383920266044114,-2.1671937807341357
9070,-0.23604292664483653,-0.27960102373128426
9071,0.9513339886175267,1.0316199083894348
9072,-0.9809152373123916,-0.9568704753435325
9073,-0.17588729853627677,-0.18100407346305064
9074,0.8165970730550195,0.7677315691489071
9075,1.4114240911452152,1.214155096078181
9076,1.6172996384318978,1.1949815367068644
9077,0.006226853691417866,0.006735644837271262
9078,0.7224793418759835,0.717604045307726
9079,1.0600517038485235,0.9841531683478537
9080,-1.8326829971949483,-2.5408850776192136
9081,-2.1141435806792246,-2.9503489978873976
9082,0.6378676408843009,0.4216967649032761
9083,-0.9809496739872453,-1.1070881023543009
9084,-0.8935519920796248,-1.3312958237142383
9085,-0.6944958184544465,-1.4865372383752082
9086,-0.389609518535739,-0.4306412076518652
9087,0.10449528344098796,0.13888198646689168
9088,-0.31403051758068756,-0.5223983337917678
9089,0.6545395938129331,0.5848651875685225
9090,1.1458263681058172,0.9047331757785609
9091,0.5711945259674347,0.6060105947158443
9092,-0.8624373971238216,-1.0754004906066472
9093,0.13929633427816393,0.13817656413664034
9094,-1.1454009670728293,-1.316598717867193
9095,0.8246896224097342,0.7181864187669316
9096,1.0895422090748175,0.8578331551674213
9097,-2.512130106829167,-2.4671917258768117
9098,1.0173840574883577,1.212301291100002
9099,-1.6567144712419715,-2.7701791823313577
9100,0.42123642546582213,0.32568457228958686
9101,-1.047962641827848,-0.9309070139710101
9102,-0.44054233122606345,-0.4597050129205005
9103,-1.12918879901342,-0.8967465799357476
9104,-0.13955412717999435,-0.17615679563403377
9105,-2.6628172967690746,-3.7857185793277752
9106,-2.4559823348969476,-3.641160305708552
9107,0.7942951180885993,0.762671194816116
9108,-0.515885746975505,-0.746821374006834
9109,-0.8475316573532681,-0.9842398978450013
9110,0.5510172372348183,0.5653580819473295
9111,-1.8103014077485398,-2.866214195202804
9112,-1.512102874771076,-2.2986119583012226
9113,-1.4654248651712862,-1.6734110800040116
9114,-1.2261030760652198,-1.3706255197627406
9115,0.7102446938602813,0.6759177150221077
9116,0.23801997291278923,0.2599708705352393
9117,-0.9021151921692989,-2.023098657136298
9118,0.9121388820543964,0.7722565808092469
9119,-0.9972830293686663,-1.2472570318466576
9120,1.4372211118232876,1.0056182562695772
9121,-1.3534430461048237,-1.4084126957241798
9122,0.6896733949511201,0.7738244127254614
9123,-1.676309991143782,-2.2740233084050887
9124,-2.909967350992242,-3.90635937206633
9125,-2.6131377540795575,-1.682544047330841
9126,-0.27409061950365127,-0.33894614392632383
9127,1.7533451679122216,1.8111878431770654
9128,0.7815687181307919,0.5993068227704396
9129,-1.897414949913834,-1.8731548468577723
9130,0.34006368888001165,0.40281846415765526
9131,-0.15238304721421483,-0.17053291021431236
9132,-0.393658539224155,-0.5111492124133292
9133,3.1425637794919488,3.205128283280084
9134,1.3956910841470422,1.5450794275866584
9135,0.2522638033923454,0.23310710903289952
9136,1.3517333846443416,0.8791122989257765
9137,-1.2555638396293844,-1.670834271268874
9138,-0.06895718513697183,-0.06720100172225137
9139,2.1231492764397286,1.7495116722227648
9140,-0.9467604007102226,-0.9560392115615018
9141,-0.5151282825370105,-0.507306971384381
9142,0.3268420184372065,0.3033688682747412
9143,0.17940340120402715,0.2066436777801513
9144,0.3022674282924748,0.36059144770048124
9145,-2.099329567540392,-3.1953074610637766
9146,0.10347126038826102,0.1034759549332532
9147,1.082943482711306,1.147453028796506
9148,1.494921577845063,1.2421012521518282
9149,-1.494297137805042,-2.6745509907037737
9150,0.24578337395380695,0.16686853816451366
9151,-1.2072196003869082,-1.635913255094668
9152,-1.0905924138418839,-1.1923453584213302
9153,-0.8833780832019563,-0.8358986436806662
9154,0.3346230995977906,0.2897064255668475
9155,-2.2168607006762375,-2.5920136349343683
9156,-1.79099656559091,-2.669810693886849
9157,-2.8272025913191445,-2.365421139017727
9158,-0.5785492096884535,-1.1893625025458172
9159,-1.417427104227851,-1.1683618331616865
9160,1.3992356379466488,1.135071667688361
9161,-1.4973412046142351,-2.698575626172453
9162,0.5687864870659367,0.5860947457879706
9163,-0.0536123612516575,-0.07488571193935802
9164,0.37536176585911174,0.34609353679448285
9165,-2.2053018583141317,-2.6548877010907
9166,-2.5332605179068786,-3.0137638569490868
9167,-2.029262695338793,-1.9380484179622766
9168,-0.791140364324931,-0.9779652779657196
9169,1.4099847210287995,1.0441309747600946
9170,0.6349084075739957,0.5538420527393446
9171,-1.5816887039927283,-1.8929323025939977
9172,-0.8290774560850079,-1.5521950287255244
9173,-0.40163091339233836,-0.37771793141821847
9174,0.2714701228070127,0.4236663960559713
9175,1.1848742493227644,1.1107134861631818
9176,0.8644472645916925,1.1608695448506339
9177,-0.4521816790073832,-0.5602009261106713
9178,0.018654247152280628,0.017834534804159707
9179,0.11888384137173774,0.20539954276312278
9180,-0.08244008828589695,-0.0819008749707692
9181,0.8670296934434385,0.9460437092838303
9182,-1.4263560933595465,-1.5799498056808143
9183,-1.305973609331084,-1.2204370985964674
9184,-0.1475076881565417,-0.12253201959472859
9185,0.5301584114783379,0.34128855747229375
9186,-0.09915719611426628,-0.08166964392998156
9187,-2.3448594814855994,-3.0513711732574698
9188,-1.403773987932879,-1.7528002885377871
9189,0.10453998530652152,0.08953991174906087
9190,0.2135544152308622,0.1816502213947391
9191,0.5373063651658306,0.5341637806643492
9192,1.8306703430914106,1.9174952100800964
9193,0.29740402123135423,0.26418676033898086
9194,-1.1386652437805513,-1.2710149072560326
9195,-1.4833868893346591,-1.4521323414509744
9196,0.5509038915638302,0.41697815655983334
9197,-0.012430019791680326,-0.01564721884807394
9198,0.9529446529709289,0.8623333032205149
9199,1.7642905596450105,1.4849156421179637
9200,-1.1004413473873704,-1.5023833473365642
9201,-0.8326160458936211,-0.727866338042432
9202,1.2812613343792272,1.148792834561013
9203,-0.3699833417466727,-0.405652741746656
9204,-0.23579537431326725,-0.24369592581718502
9205,0.32403965774416793,0.28126420690618137
9206,-0.3691702833566683,-0.4622683318179984
9207,-0.2156919773025552,-0.2201235473617736
9208,0.741435015578543,0.4891569619278145
9209,0.8657261192252048,0.7385188185059558
9210,-0.8634643169551363,-1.412202562759383
9211,1.2018982610058717,1.2929197429227046
9212,0.9207995060734342,1.003700988012421
9213,0.03604516835585433,0.06075671181633723
9214,-0.09674925050001232,-0.16774831396452664
9215,-0.8599811569360015,-0.9538091784441628
9216,-1.2232625644993145,-1.2978995415315804
9217,-0.20085815668157786,-0.17421354802308084
9218,-0.1676898608221607,-0.15352211329098875
9219,-1.0887612100465487,-1.8572583750971303
9220,0.8327408925703078,0.8155451184995646
9221,0.23899415926585393,0.23775798505788454
9222,-0.2189192186722811,-0.3694754408664642
9223,-1.895270711514031,-1.799661839656415
9224,-0.4833595391043792,-0.633967891260575
9225,-0.5024625168878664,-0.613911479389631
9226,0.23750019655612178,0.23782103710387592
9227,0.6981087559540031,0.5415277600500398
9228,1.2798785178924112,1.0676818033837212
9229,-2.261028795177472,-1.998408727103593
9230,-3.3887474469358336,-4.138313417051622
9231,0.24397145608768817,0.41943786000691197
9232,-3.5023657601464264,-5.501256358531072
9233,0.2578111284411115,0.16371401163299965
9234,-0.8451410769912107,-0.8550733447560245
9235,-0.43971082849852966,-0.5525400589531041
9236,-1.449153114544378,-1.0412092453377289
9237,-0.44810710063262893,-0.4442226449046169
9238,1.069827053607685,0.5679467347265114
9239,-0.1072577640291606,-0.08635676232420832
9240,-1.426461583765759,-1.2236696575215331
9241,-3.280929025162192,-6.042780714492294
9242,-0.2844073126498431,-0.21613802600736884
9243,2.2186246684731095,1.5038317687617464
9244,-2.3571592385653433,-4.147640622863869
9245,-0.2661225821008604,-0.3120030833375271
9246,-5.0896918522829075,-4.438556246361623
9247,-0.7859830481200356,-0.8599939085814858
9248,-0.07111740679159602,-0.06059041268279563
9249,-1.5672133656243554,-1.570465354237795
9250,1.740413047659609,1.822578946560158
9251,-0.34499568769698885,-0.4802971948287788
9252,-0.9483569312077351,-0.9562568132894408
9253,2.007129583922787,2.492250507669787
9254,0.4297670439322963,0.3967258836562156
9255,-1.0700308423417269,-1.084427312723643
9256,0.2659587357437947,0.2301742911209726
9257,-2.7716350011570245,-2.8386529033428674
9258,-2.837160335068721,-3.5193845798348096
9259,0.8687141874128949,0.8741853527988777
9260,0.5801933263683235,0.7187008865217361
9261,-0.514382158220849,-0.41850229114021026
9262,1.634810982142504,1.2790407075606958
9263,-0.3290101626056114,-0.3460935935994683
9264,-1.1726297471257239,-1.06292328217615
9265,-0.35958651516725293,-0.5522041388432916
9266,0.5617690725366737,0.4575661225479005
9267,0.2431821552396806,0.24684958282512076
9268,-0.09379187991607592,-0.10288910386721478
9269,-3.030066027973498,-3.4772060185206723
9270,-0.3382626920207684,-0.409903073423356
9271,-0.2941184454438559,-0.33624482368601344
9272,1.6299717419580426,1.1504266914120251
9273,0.9050575599100363,0.8326098086642203
9274,-0.6786189859370462,-0.8690136822506866
9275,-1.606858139590077,-1.1898615058391682
9276,1.0219407989228364,0.9147483361586211
9277,-1.5934011095234537,-2.2971101824434053
9278,-0.6543326030894933,-0.6198274916790754
9279,-0.30536643576757777,-0.49572162467750525
9280,-1.8517698696828764,-3.57693898726397
9281,-0.8972049695506104,-1.602796575328705
9282,-0.7357674724854996,-0.7637657819194554
9283,-0.5761547704513296,-0.6265218956963082
9284,0.7855442540296408,0.5304384978229109
9285,-0.35195238681112123,-0.3321015783365353
9286,-1.6523114541324082,-2.832963647415848
9287,0.5313000876313994,0.429497405775595
9288,1.1051856965599283,1.2181038595269025
9289,-0.14255466654413745,-0.09930705719521554
9290,1.7516427091285576,1.1153988000838755
9291,-1.138550764369849,-0.9951006033682367
9292,-1.5612536723187957,-1.9960147425261625
9293,1.307435462270118,1.27486875763962
9294,-0.5346174795004769,-0.6321905223102569
9295,-0.4310912476962155,-0.442023603486327
9296,-1.4458061316501247,-1.5121568510502528
9297,0.40847068858173297,0.46971338059458095
9298,0.3179218348373497,0.3526537304538943
9299,-0.5190580506881669,-0.5312770456854569
9300,-1.0728416909613099,-0.896716567211107
9301,-2.064376421027272,-2.4634365061127554
9302,1.6023856416275215,1.4409645798659971
9303,-0.47116458453159343,-0.5789553123217599
9304,1.5378358131264822,1.3308984318322226
9305,0.7320369784662981,0.7579346661870053
9306,1.7082994150843975,1.4429914981600525
9307,-0.028015766567293935,-0.025025717157229926
9308,0.6197925058120834,0.7158287265392722
9309,-0.5609620942476424,-0.6817189133746422
9310,-1.2077901751172215,-1.8713229565788354
9311,1.0141296963164217,0.8008502769126721
9312,-2.5974442883461957,-2.9126649907641693
9313,-1.288187348578805,-2.263848870650199
9314,0.4279724302543537,0.37711546367185467
9315,-2.6074003913608204,-3.1200711880077527
9316,-0.4075884541515042,-0.465217078312605
9317,1.6113919976429374,1.6372125185869644
9318,1.6429545415297786,1.5212561295494595
9319,0.5430578995834522,0.5684673227384577
9320,-0.19363036761482488,-0.17597057258847018
9321,0.9871495890326258,1.1125821987484288
9322,-1.7036282398379332,-2.7038644672943897
9323,0.4300766088187638,0.47974148819742257
9324,-1.285161746823653,-1.585116373526912
9325,-1.0792255904299837,-1.375250058225167
9326,-0.9871627246931204,-1.1571744260118733
9327,1.2508402537554566,1.4233166288197419
9328,-3.012249645293899,-3.308713188765313
9329,-1.959201240032771,-3.1229144305936
9330,0.5065670663516408,0.3100933529295707
9331,-1.9247424065553,-2.3217706183411395
9332,0.351295403634507,0.3878115898129216
9333,-0.015268361065736433,-0.018516417900302104
9334,-2.80459878953153,-3.478497363629788
9335,-0.03240261560652639,-0.040455948055265006
9336,0.10255023891486932,0.1485104704430682
9337,-0.4446716575903642,-0.43031771084946524
9338,1.3010558360804008,1.1726054292279298
9339,-0.16192856279489184,-0.13369564384354124
9340,-1.718438915128088,-2.0674801830852148
9341,-1.8613051204882967,-2.035371037644757
9342,-0.00334354491293036,-0.004510920421916699
9343,-1.0641350671851801,-1.7102477544134154
9344,-0.35470390135218655,-0.7490846322126491
9345,-1.5188977964658006,-1.3416107551171956
9346,-0.6606764866348205,-0.6266224745217648
9347,-1.3854147233422298,-1.0208727707143492
9348,1.598108333744886,1.1697100205184507
9349,0.8956975638866636,0.8224988034292153
9350,-1.440997628782654,-1.4854110196356636
9351,-0.30002516931092804,-0.21492269055265203
9352,-2.2040118745544066,-3.118613567707687
9353,0.09218664050035458,0.09675038341779797
9354,-0.5049366726170428,-0.5615992012126031
9355,-0.777244541360068,-1.3427974793795265
9356,1.2071886246738015,1.057284730884666
9357,0.11885869427319387,0.09957874206393226
9358,0.17420596107136913,0.1289167420439242
9359,-0.5320800155132785,-0.7841657627400896
9360,1.745653730209403,1.4467553753460265
9361,1.704831892904397,1.0641546943249627
9362,-1.0565260661043276,-1.0357878714111712
9363,0.0012194193297681431,0.0014287850625083359
9364,-0.3890719424908795,-0.4275615642791884
9365,-0.8368195499648611,-1.2161381643765767
9366,1.0659150370013148,0.7101803863297418
9367,1.7639177366772354,1.2214439996552366
9368,1.5901334387088755,1.0100392632766606
9369,0.2163097367621902,0.25176839573453746
9370,0.5859203056057444,0.8133977147434523
9371,0.36762140141012994,0.28732057062036714
9372,1.5229326372610041,1.1794600145482823
9373,-1.3695995864974526,-1.3147631462719662
9374,1.0617994181516244,0.7327940347955215
9375,0.13276117523948647,0.11376243803426375
9376,1.3220591280235288,1.0267687224363202
9377,-1.4473268060533873,-2.3547189712788663
9378,-2.1427158595836837,-2.265536263444218
9379,-0.4706427952221718,-0.39211258038158797
9380,1.635804984142202,1.2151341548124621
9381,-1.5010993576199247,-2.0809615904573744
9382,-0.30904837729980383,-0.4254243960564795
9383,-0.748814179189008,-0.6329238575013714
9384,-2.2395150394983205,-3.7701148068191266
9385,1.1976170351965412,1.0627406156483832
9386,-0.1414974586355058,-0.1059320852495944
9387,0.5317854267154668,0.5334821201416093
9388,1.695487083030709,1.0598052449069457
9389,0.6899886990490242,0.5193129531903715
9390,-0.20871031009601818,-0.3704574492883997
9391,0.15497672122832484,0.13892385913559646
9392,-3.0924585785560605,-4.267422556137072
9393,-0.2621729480979161,-0.28403041588761174
9394,0.3649879688761937,0.294050605946123
9395,-4.177389961998715,-3.555454988203111
9396,-1.397903080240285,-2.468883300830351
9397,-0.7787584568100234,-0.7803869511825549
9398,1.4318948378337646,1.0958397439655727
9399,-1.396597571542996,-1.8308921145122308
9400,-2.6150243577125396,-2.9807596146757054
9401,1.0052914798967991,0.9181056574011428
9402,-4.238968167086772,-4.616618648460432
9403,-0.531404869280193,-0.8311765098031465
9404,-1.7867962012682703,-1.9765655991385096
9405,-1.180146462588433,-1.8106585590585673
9406,-2.0898296914350234,-3.2711130433296023
9407,1.7985782240579504,1.5655534401621034
9408,1.7607695397104584,1.5800750343857746
9409,1.3064649007692877,1.4172598439760826
9410,0.8762750086177449,0.6131088736218138
9411,0.2706368132593782,0.19903980767145746
9412,-1.189947579990925,-1.6984348961811035
9413,0.6709452180987298,0.548357995538744
9414,-0.6337705911721728,-0.5866260661232731
9415,0.301433574474925,0.3719372602272445
9416,0.14417909217144984,0.1400219168221428
9417,-0.8849941564043824,-1.559854704877669
9418,0.6455951890467588,0.5470091507113634
9419,-1.0879019200110605,-1.2316123862270165
9420,-0.5674554508927658,-0.4862513808947235
9421,0.5377171771772725,0.7287372396662632
9422,0.7529177333629511,0.655058224066659
9423,-1.8163012133898109,-2.2368947188097934
9424,-0.45083056465224625,-0.6191572207351409
9425,0.5417987619094393,0.3912488530156345
9426,2.2038225836426593,2.0476412044410472
9427,-0.11407203656411365,-0.09256293754140223
9428,-0.572714721695076,-0.7142458558753224
9429,0.2597224597131234,0.23076836461026212
9430,-3.1016757113222138,-4.037482128847799
9431,-2.200942228945128,-3.0615887782376356
9432,0.9653447940628092,0.7670086879187678
9433,-1.8392471293766095,-3.4670579585623593
9434,1.172021466574441,1.0348720881641957
9435,0.15101985038747,0.16917409462601007
9436,0.6267436745744029,0.9193041341802011
9437,0.3827335263310399,0.48410819061559496
9438,-1.1901829571562699,-2.0800091861207703
9439,0.11245442463971525,0.10411236004855383
9440,0.4259304092907896,0.8426210524846468
9441,0.7145620266796838,0.5642870368859518
9442,-3.283889942986981,-4.434690446558728
9443,0.589873497363059,0.6552240861216618
9444,-1.1541598347363897,-0.9792670565482798
9445,1.0606722758061442,0.9129442707776896
9446,-1.499183809459775,-1.755671535751398
9447,-0.10469770105363628,-0.08460529205415658
9448,1.3763183422345764,1.0945844299042484
9449,-1.2707018894486175,-1.0793593107815396
9450,-2.019164042439706,-3.0619643491191795
9451,-2.025766655879843,-2.125587015945189
9452,-0.24136778526297914,-0.2495722895589828
9453,-1.2655749175482938,-1.4635972748810497
9454,-0.25073726015053555,-0.47575995928508524
9455,0.017827873902778953,0.01606798896754357
9456,0.08251688168995995,0.08839785139303054
9457,-5.9577773893841695,-7.178231358368568
9458,-0.740887402892302,-0.6411044430354453
9459,-1.9335594199262658,-2.8517147514000687
9460,1.0962845566017636,1.1533219748361225
9461,-1.1222142350264162,-1.8639035822417291
9462,0.436474454708938,0.3556782719845708
9463,0.5458287325513282,0.4778588533877178
9464,0.4089538883568226,0.8803346380708602
9465,-2.201762901002213,-3.0449248615275346
9466,-0.8029970173209635,-0.7988520090497288
9467,-0.9747037514043473,-1.1320698763658494
9468,-0.5409937773623984,-0.6830977393965176
9469,-1.0171426897273113,-1.1764851758682966
9470,1.7846849779789353,1.2515271819940916
9471,0.11923233530631472,0.13051012096729547
9472,-9.83039956685238,-9.272468320446263
9473,0.5979790542138606,0.5525088799803266
9474,1.7121680628002045,1.516728320403825
9475,-3.4020603647112284,-4.016366628669502
9476,-0.7655839638211481,-0.944834175731522
9477,1.3029177210286151,1.1313718533097217
9478,-1.1000843980879609,-1.1830745284387982
9479,-2.063325838691499,-3.140748261649575
9480,-1.0114471212309026,-1.0288993580386876
9481,2.3254866860684977,2.3277228522395887
9482,-0.2728714747315019,-0.3597709175805232
9483,-3.091758723388569,-4.963827736892612
9484,-1.2495989404142895,-1.47176321208651
9485,1.0268198569284392,0.769537917265768
9486,0.4831971364393149,0.6645470386266632
9487,-0.3884479980251613,-0.3881766194617433
9488,-0.6916160513492842,-0.6624035169695524
9489,0.23089082934210395,0.20832443167983736
9490,0.056097399444329454,0.07017221583117535
9491,-1.9139659191362226,-1.9829594172004417
9492,-0.3232504882477129,-0.37307968438341754
9493,-0.5015645932881945,-0.6873552114100101
9494,-0.3941230182432297,-0.3036476749461987
9495,-0.7472389109941338,-0.74936998941419
9496,-0.7897175115339938,-0.505012441989483
9497,-1.8913655675961876,-2.061203047096066
9498,-0.834392827207124,-0.8776839754186402
9499,-1.823309052263112,-1.9626484137334652
9500,-3.4445222787770247,-3.4350993551119373
9501,-0.18208067256067959,-0.32289985933421345
9502,0.436416644532936,0.37573866218627533
9503,-1.0522540096831774,-0.9356610476555973
9504,-6.15540559552679,-6.934636983091264
9505,0.8818871164065413,0.9872050866022981
9506,-0.5690193009930116,-0.7668306426124073
9507,0.9293731322582157,0.9335013119666988
9508,1.2049620089136686,1.0525294337026236
9509,-0.2632044583951636,-0.33407341642332855
9510,0.8838476285322273,0.7184495437214421
9511,1.2474942500331199,0.8630207259398736
9512,-0.04029790988636112,-0.044916153079358444
9513,-0.13269031590630287,-0.12890508728403427
9514,-1.056183173306059,-0.8813086749602801
9515,-0.5700288894846498,-0.5929329075531046
9516,-1.0411711627578044,-1.415692508161758
9517,1.0150242697842606,0.8650184469909405
9518,-0.6624875562598378,-0.8931466352783977
9519,-0.5779425694860943,-0.9677335268322795
9520,0.062315901341429815,0.07919516561355726
9521,0.1862015906520568,0.16800851479432571
9522,1.9099078168007748,1.7023154764135087
9523,0.15515955382801166,0.13454120293927296
9524,-0.7302675968225835,-0.8124064597987855
9525,-4.435205712429289,-5.536589006969454
9526,-0.974081878112678,-1.3061404711006894
9527,-0.4364167034076708,-0.4110811760826604
9528,-0.5178551835366155,-0.759494376984737
9529,0.3421516791731075,0.29363665835463804
9530,-0.7931757988356019,-0.5685992585993295
9531,0.5001219691428158,0.5131140099590815
9532,0.21234749767592714,0.13868211537456257
9533,1.387646729880001,1.313132672458331
9534,-1.2705988332518467,-1.5177542713602277
9535,-1.9660860754500233,-2.546713695571593
9536,-0.057846170433353224,-0.06808672450827533
9537,-0.18134765255110108,-0.26160482186629685
9538,1.193024984848695,0.9651454627807714
9539,-1.8554145050269817,-1.7982839638690045
9540,0.5494856932793674,0.47712665999820125
9541,0.5356333755879464,0.5071069342433733
9542,0.5238563935932924,0.4589461788722348
9543,0.08661006213581995,0.11551937007778881
9544,-1.0284554954443859,-1.8257257032456378
9545,-2.664877681134919,-3.179430499294294
9546,0.17622526529332283,0.21885738831897106
9547,-0.8290022041162849,-1.6614504775573
9548,-0.49631620197036647,-0.47619419632811066
9549,-0.3341347272770214,-0.41493443038118005
9550,-1.3695966573933784,-1.6444668020412065
9551,0.37227321205728703,0.3930097953867882
9552,-4.36668987189156,-5.527884266379011
9553,-4.307933916493586,-3.952428645113088
9554,-2.8780277458230037,-3.50503539311833
9555,-0.5101137422739708,-0.667244059317189
9556,-1.160706408224432,-0.910908841460145
9557,-0.8300557696424369,-0.7070104130496156
9558,0.4168564800204824,0.477957926380155
9559,-3.5557277287264393,-4.4425387860253895
9560,0.055214707567469073,0.05579512841593074
9561,-1.2847548923397156,-2.0142991704011446
9562,-0.014214231659088892,-0.02064730420208283
9563,-4.085769662327336,-5.465591153901097
9564,0.30235096609652895,0.22764205089448847
9565,-0.41103228628212773,-0.5439732532866652
9566,0.4257906056410502,0.41335701581646944
9567,-0.927302501534095,-0.8271223656905187
9568,-0.4346576728375561,-0.42919033940902634
9569,-1.3000495574889994,-1.0247144820131588
9570,-0.48299213683771897,-0.560153867576097
9571,0.7723275507262934,0.7666642824708119
9572,0.6231523948673592,0.46430781747435834
9573,-0.35043633467026986,-0.3096299516442251
9574,-0.09944071020918994,-0.09907466665210898
9575,-0.5662853804436538,-0.5742896746305984
9576,0.2633565533040188,0.28211195463262845
9577,1.0399281695391258,1.0947463327177136
9578,-0.6396698521628241,-0.9015417152010754
9579,-0.2880869976480952,-0.29996429762556814
9580,-0.12293614045051354,-0.15101662029750382
9581,-0.30794143905274635,-0.35116795825515534
9582,0.43926422974845175,0.47894245523283385
9583,2.1062138233654397,1.5472230345426468
9584,0.886991537006418,0.7972100379119098
9585,0.6141483232788141,0.6475256346936706
9586,1.12792190501557,1.0990732168060264
9587,0.782366940007888,0.7316344516197797
9588,-0.07437027042941044,-0.05846010029100273
9589,0.9115988954750922,0.845846950856607
9590,1.7047884312349406,1.660581663685338
9591,-0.4836980702565347,-0.6170747767014049
9592,-0.8492210420830829,-0.9154205664040861
9593,-0.507502015922801,-0.5586678506388375
9594,0.6805308717989905,0.5287265731344175
9595,2.1906101017232547,2.3009926019041753
9596,-2.9495095794445363,-3.4081010950864923
9597,0.9236970869786119,0.7932323660764933
9598,-1.8677709072217634,-1.5410666260688521
9599,-0.8068700492594958,-0.7189939066688276
9600,-2.2986665556518653,-2.6856126512957834
9601,-1.5700389148546328,-2.2697768426373535
9602,0.22813528671740538,0.18087432202160983
9603,-0.8892710665246838,-0.9274375633212519
9604,-0.8306739078008595,-0.8989612778407521
9605,-0.06036787956351136,-0.09418698716544696
9606,0.07304386417883006,0.07174186546804033
9607,-2.7002664524580986,-2.883327654874867
9608,-2.327880405287369,-2.511581587477287
9609,-2.2705168782735696,-1.8761498614354695
9610,-0.37335339124886485,-0.3461681234282665
9611,-2.585793884142198,-3.9229765712138835
9612,1.0061751956327052,0.7795149349462047
9613,-1.6639480697469724,-1.9930138834209332
9614,0.18024791503656126,0.19580311338910467
9615,-0.9918991534910302,-1.3051174003370707
9616,1.2830940111677012,1.0583288361213692
9617,-1.8897164102343635,-2.1059052201862514
9618,-0.6786054782956051,-0.6852981741509597
9619,-5.023334758475633,-5.0128180624851835
9620,-0.5786186778525764,-0.586146018379681
9621,0.5677002674005356,0.38995827485788714
9622,1.7240721619548538,1.0371042438468578
9623,-0.19779588354112373,-0.2853931086251401
9624,-0.44989680639022034,-0.48259314676646164
9625,0.3109172276440159,0.28015577877921927
9626,-1.0054367585115198,-1.0266001978242212
9627,1.139331993476166,1.1509287010764708
9628,-0.267166370081919,-0.36544941372772427
9629,-1.0382907686333533,-1.2530778549837238
9630,-0.1504387469301511,-0.14366455418822313
9631,-0.5365914993131221,-0.544977274530155
9632,-0.24562019018910106,-0.2764757219628034
9633,-0.30566246808270503,-0.27163163986672856
9634,-2.261147781045809,-2.744499518084149
9635,-1.192694645299889,-1.1764352262609277
9636,1.7774637459964253,1.1603563023301113
9637,1.6980171961735966,1.2867150816228723
9638,0.11418107377100349,0.17519354977941326
9639,-1.75458092987242,-1.9196224445029315
9640,-1.3040636172917885,-2.746610825475031
9641,-0.5890817878674075,-0.5921827984435241
9642,-0.7910735396467415,-1.1740754924095633
9643,-1.1996745503220922,-1.4006845307499054
9644,-1.3077533160193382,-1.367961707008412
9645,-2.40473274601602,-2.2032553031366358
9646,-0.21052487641509082,-0.23267549425820264
9647,1.3742701541358715,1.0893860054254578
9648,-4.0365419036498285,-4.508030970739668
9649,0.4084415737886477,0.2627592917121242
9650,-1.8029361062769877,-2.4167475882359444
9651,1.810214376464688,1.306449227069354
9652,-1.9321972195987815,-2.7874035976363194
9653,0.6260633643400907,0.42388999809850686
9654,1.3521338183357667,1.0745806210762439
9655,0.7439532499400229,0.7975057619129703
9656,-1.6302926042525565,-1.7360424094696754
9657,-0.5323740774085629,-0.5277364828064391
9658,-1.8739806428402024,-3.1159019446525096
9659,0.22025458577548254,0.22617243824059993
9660,0.546600824658289,0.4714034013323555
9661,-0.2720598944006613,-0.3140004735497494
9662,-0.2247683218638607,-0.2870815117926447
9663,0.2316301665141228,0.20872156209859608
9664,0.5166802124455507,0.4819242473368118
9665,-1.4059506423133377,-1.5046542907712763
9666,0.8661428174994202,0.9612749692522269
9667,1.1236469352892293,0.8217831719286764
9668,0.03419060466186787,0.02861610497144067
9669,-2.2639681938175626,-1.871183449224898
9670,-0.09205138079220061,-0.07867996391497226
9671,0.602917129030315,0.4641807368681659
9672,0.35724636152488687,0.34480409445874843
9673,0.9505896140640047,1.0923557674400124
9674,-0.07137237658369673,-0.08163145459632996
9675,0.22301094273266073,0.29348131431402846
9676,0.4032892188663612,0.42112716123529115
9677,1.1070883754312932,0.9603478278368066
9678,0.9141887437137498,1.0415288365057935
9679,0.057797681814853036,0.06036066148618061
9680,-1.858178411338489,-1.7625554817607454
9681,-0.7509559359572686,-0.8176101296961571
9682,-2.251820007463663,-2.744766234310762
9683,-1.499999226487778,-1.3976728605319826
9684,-1.207560493418685,-1.2246815559987272
9685,-0.6280255687999631,-0.5700112529214469
9686,0.055920630176959835,0.054068268028356896
9687,0.1573833915411091,0.14476529672580005
9688,-1.0533181688200808,-1.022637398616915
9689,-0.018458037449435825,-0.017478944900631548
9690,-1.019908225386293,-1.1331364294726969
9691,1.3803266743766693,1.0068370612240019
9692,2.103724354903089,1.4927033941067602
9693,-0.3447609869143368,-0.45133055156484414
9694,0.12948607876901064,0.14554858329116158
9695,-0.6466684767938768,-0.8096110858517326
9696,1.823913253874818,1.5669829875450085
9697,0.12163077638171689,0.13273540974236214
9698,-2.3155989942965567,-1.9948018352851125
9699,-0.6972908668869514,-0.6799490748923115
9700,-1.3884597752226409,-1.182673738628833
9701,-0.05116088471677956,-0.0988595515335106
9702,-0.06746056148896773,-0.11378120157141527
9703,-2.4001469505981223,-3.6801147258579805
9704,1.1429381011962256,1.0035501815412837
9705,-0.16051910798328933,-0.2683330152770022
9706,0.9520785820296083,0.9774183052768352
9707,-0.6810291261509794,-0.6978282080184167
9708,-0.4549836335289814,-0.5029753673999001
9709,-0.2829747728478806,-0.1984680729419157
9710,-1.3739216446202898,-2.228288334557746
9711,-1.9975296360028874,-2.5084763669070296
9712,0.292716109712967,0.3073203846540177
9713,0.7543800207480549,0.7770901600905417
9714,-1.0738814148548135,-1.2741198981558135
9715,-1.7472530904834933,-1.6755684161685642
9716,-0.328594982590145,-0.42643929241091333
9717,-2.009541699586879,-3.144090817806439
9718,-3.2926694989970815,-4.290949168934964
9719,-2.076095602164389,-1.805696369845557
9720,1.2747146658463442,0.871926657727472
9721,-2.343279882554106,-2.90389915972246
9722,1.5195079010267745,1.2581117679955172
9723,0.11860782153027791,0.10488651985560248
9724,2.2217775645244395,1.2925394741298128
9725,-0.13079495097598115,-0.15941353175289624
9726,-1.4646946575596866,-2.3566464467282815
9727,-1.778220545852692,-1.9392956293936485
9728,0.6041533790762041,0.45878256435869824
9729,-3.5131428952602786,-4.8142869280759095
9730,2.238232853036967,1.695804566656539
9731,-4.5693518452927835,-5.195821081093122
9732,-0.859288459351227,-1.0542338727069063
9733,0.6828390175529526,0.6360740223703356
9734,-0.5354538528802935,-0.42999136103654184
9735,-1.5834916558560965,-1.5154033312851347
9736,-1.1464950082362255,-0.9150366726467577
9737,0.3248639138454773,0.5132336534856299
9738,1.2172365876103597,1.3850447417520853
9739,1.493172748577243,1.0991471832562758
9740,-1.64115101030067,-2.0434352040686856
9741,1.0852054283992136,1.194080726285034
9742,0.45602488615833875,0.32945628328167353
9743,1.9013236768815693,1.2920576814467806
9744,1.3353629495041646,1.2982082776557922
9745,-1.2782476619477803,-1.124245896075991
9746,-0.26978792144169556,-0.28540489425335064
9747,-1.3474394625204196,-1.242416352878885
9748,-0.2487622049381594,-0.29464061860638774
9749,-0.03898590661054811,-0.05654569923084147
9750,1.4623795899012257,0.9357607548459056
9751,-0.617740447826432,-0.5503572492656615
9752,-0.4902315094885273,-0.4365447887827249
9753,0.800208162640322,0.6831477362723596
9754,0.11960580940098914,0.1414334340595663
9755,-1.2640438836987689,-1.158805141877016
9756,-0.42489550118536334,-0.3928918639767209
9757,1.45505920120523,1.4141291618636294
9758,1.1855644167007593,0.9988941905769592
9759,-0.8569376192935105,-0.7463380219764763
9760,0.04417152356009074,0.06386138362090499
9761,-1.0246823814718318,-0.9741936397455871
9762,-0.022379770806414692,-0.02425830354582141
9763,-1.243891170639533,-1.8339966866674258
9764,-0.95740698883069,-1.4675411788718562
9765,1.8456044211562201,1.5054343056095865
9766,-0.6581614388615682,-0.7059973494995087
9767,-0.8031340063748388,-1.071354291680755
9768,-0.2956787329003722,-0.3569101206619467
9769,0.33028731435151953,0.3374292033490219
9770,-1.0304194772979403,-1.5151623293021665
9771,-0.5093341379931202,-0.6312499908794947
9772,-1.5288927638409897,-1.4943924048361734
9773,-1.2434036967771795,-1.4185912694593468
9774,-1.2383825055900874,-1.5484178272548166
9775,-3.9324274649608713,-3.841733364827084
9776,-1.7339433511444904,-1.8018675831634572
9777,0.8569703138008654,0.8165325606314552
9778,0.6767080645092103,0.45885759519234004
9779,1.6040911499036168,1.132956721331244
9780,0.16033031300304623,0.19973947874270231
9781,-3.7994138478050004,-3.374782725221602
9782,-0.12328359508664816,-0.10636434181874624
9783,0.09700812874829931,0.0890438817016895
9784,1.3913595331208761,1.076880412459724
9785,-1.3734082402019137,-1.5404002305093485
9786,0.8950628070245356,0.9706743792471098
9787,-2.037064797088383,-2.1049073822593365
9788,0.13718170372228083,0.10006924506298955
9789,-0.2259038808739949,-0.44913112679021083
9790,1.0286276121360542,1.2897906984751288
9791,-2.059051401557792,-3.1394174108849437
9792,-0.6249019687523949,-0.6340972216775017
9793,-0.7389525403770166,-1.6023643535252685
9794,0.03673936998541392,0.02984700328251934
9795,1.6957978935003597,1.883488324159427
9796,0.20141821858275133,0.2144701694816274
9797,-0.8487821315166107,-0.6587642662402239
9798,-0.09534458985665255,-0.09314966162555238
9799,-0.6817064170574415,-1.0572689328267246
9800,-1.013922915543865,-1.4080267620293838
9801,0.6258918689067513,0.9095564859134775
9802,-0.47388863140476944,-0.3984475263831759
9803,-0.7737114420926687,-0.5853593598714093
9804,-3.210961223272663,-3.7956442936733037
9805,0.383043410687339,0.42495981231395563
9806,-1.8442836987348379,-1.8978035542380334
9807,0.48812487929485743,0.42448286974732163
9808,-0.1565608164230627,-0.2058697780988908
9809,-0.4381723425779794,-0.5430223320093037
9810,-2.3934977467803202,-2.1168428026219157
9811,-1.674614214575646,-3.2589944461114606
9812,0.3246434641156244,0.3506683995469777
9813,1.0161317015401718,0.7984148906939049
9814,0.0369518507570098,0.03420329928393825
9815,-0.09863567068749081,-0.11359694774387442
9816,0.8759908820321239,0.5767794520520899
9817,-0.5653221671942038,-0.9817598625793363
9818,0.11147254011708031,0.14295568982621293
9819,-0.2834532092421894,-0.47737071999435043
9820,-0.4889331334373878,-0.578339612625399
9821,-0.18710491745559743,-0.22129553156709117
9822,1.304583483817678,1.0269393249283156
9823,-1.4351046281203765,-1.814433490689905
9824,-0.6709803328139448,-0.922359763602259
9825,0.2874841712404029,0.20911868316653823
9826,-1.0003733935256145,-0.9978376464494966
9827,-0.20222201045659577,-0.291660888900222
9828,0.4371038587678391,0.33685065826087224
9829,-1.9657773114804629,-2.6200390997133836
9830,-0.5171746716507792,-0.5454870466928698
9831,1.0826338143637686,1.218354750135408
9832,1.5434098419649718,1.2284382199059625
9833,-0.4974838537488593,-0.6029978297835621
9834,0.1076802915452457,0.12049899916972948
9835,0.22378124750503384,0.2119999955991496
9836,1.3809637631710825,1.405088593034516
9837,0.3542649669523904,0.3464596632534888
9838,-3.2688526901333153,-4.428646132725664
9839,1.3508752740606829,1.618144049283442
9840,-2.1486261502088095,-2.2013869410545057
9841,0.33813343461935275,0.36995190932092614
9842,-0.7223796635547003,-0.8097021370532133
9843,1.0394479830701884,0.8811100853907372
9844,-0.8569704987911684,-0.8535463229644206
9845,-0.60379692255821,-0.5415165072647646
9846,-4.003587327821663,-5.135057112259968
9847,1.6370037498770513,1.5682085175712748
9848,0.2659439101245626,0.2464569994303641
9849,-2.7790962671959223,-3.0422839152868066
9850,-1.1455909855926987,-1.6064608229187856
9851,0.8746643223584808,0.7693186526839969
9852,0.7331016296559413,0.6341721776587326
9853,-4.131606955676076,-5.845602760856906
9854,0.7734187165780689,0.6501804597090146
9855,1.0658968131551592,1.0042267799620972
9856,-3.143545770158629,-3.604765087053327
9857,-0.12194494308344106,-0.14147358072129973
9858,1.13932789752357,0.9107601472464888
9859,-0.429585352322357,-0.7123247435283332
9860,-1.4185368390971171,-2.148851318448717
9861,2.981155250840446,2.041996143405088
9862,-0.5587875534631023,-0.7138471036253375
9863,1.564358424463913,1.4215903566255645
9864,-0.07412193973890525,-0.06999521626811274
9865,-0.04225249789121481,-0.03772148075386005
9866,0.15401287878717895,0.16197101652014959
9867,0.5494944274733521,0.5186822771478254
9868,0.2963203086123063,0.24243301366882208
9869,-1.1539009746412112,-1.327222382772236
9870,1.5045722355800812,1.5762411768846971
9871,-1.5374969506244676,-1.2796110777889043
9872,-2.9452831912212356,-4.449593003148101
9873,1.6192213305434637,1.288810473272339
9874,-1.1264985516562234,-1.1553471657110777
9875,-1.8065366861809609,-2.7256304988892732
9876,-0.9230280828619901,-0.804290206202021
9877,0.2851887637502383,0.5589351748495326
9878,-0.9490117634142209,-0.8115459377185705
9879,-1.7289293484799366,-1.9039486984550498
9880,-0.9746175691253688,-0.7865964474674101
9881,-0.4838851585803113,-0.8215638786431104
9882,1.6659680228095177,1.6397888728375276
9883,0.6217227693023796,0.4465978503235781
9884,1.322583462264137,0.9677380156725272
9885,0.5537962224521007,0.5291899767762881
9886,1.387355032933292,1.2612303421720175
9887,-0.5991005204726721,-0.6406253821585863
9888,0.700469856473054,0.5647480495574053
9889,-0.816557114683997,-0.8728732330252745
9890,1.1908813267731397,1.027864555408178
9891,-0.2069629525632255,-0.18786666907576624
9892,-0.05748366714790212,-0.04004640843597374
9893,-3.2084960262211433,-2.9760600362207876
9894,0.40074982918513546,0.3432451807666571
9895,0.21386126870618824,0.20143892998916568
9896,0.05428691842483946,0.051222437094065265
9897,-0.17576101330041363,-0.13515880469730235
9898,1.2633905692049678,1.3560111944341453
9899,0.12181305733072302,0.1234652274243751
9900,-1.1934732316696846,-1.3156778041852937
9901,0.9280218731786916,0.9903192585636517
9902,-2.5919850797941772,-5.970629856059522
9903,1.379237651540882,0.9665843874278982
9904,-3.421353022305646,-4.778028514985965
9905,-0.04584961542863242,-0.04154505448294183
9906,-0.5001776821680073,-0.6264245410191319
9907,-1.0191507617680344,-1.135690626992169
9908,-2.9655048777326627,-2.847050441197751
9909,1.0663065798180142,1.1692078128659393
9910,0.6276080068416953,0.5327310016750868
9911,0.006870115178195291,0.005047862626148976
9912,0.14994636752537685,0.15027640913160084
9913,0.6263451090921974,0.6498561448873937
9914,-1.1361526904288552,-1.444755602977958
9915,0.05270143393329913,0.074601041117859
9916,-1.3222402312224468,-1.891294289067463
9917,0.24240429394288826,0.30208942952328804
9918,-1.5698902139417084,-1.7084025609269282
9919,-0.2950426490640509,-0.37885784553322
9920,0.8627930984273761,0.6725706677237971
9921,-0.6605312242688128,-0.8829742538245736
9922,0.17570183961864766,0.32908161275201503
9923,-0.03714554613348186,-0.05303695306932932
9924,-0.8982157564883205,-0.8100309304581427
9925,0.0691433936088491,0.07235452523876808
9926,1.4185858887122866,1.2539164498951958
9927,-0.5889060942635131,-0.5916067092032182
9928,0.12167390610769549,0.12486031408192234
9929,-0.02945863123827613,-0.042854590677250344
9930,-0.027560901569049532,-0.03375125786038007
9931,1.0573077637425308,0.7717744123954765
9932,0.9078067282615238,0.8054909661822307
9933,-1.8608579556708131,-1.8548124498011926
9934,0.10177348452392368,0.10509616106036289
9935,-0.6488910200680054,-0.5476431749955075
9936,-0.21111325266780015,-0.25760915499872583
9937,-1.2890162585472815,-1.4443767724232623
9938,-0.2519723092009097,-0.2319911638796194
9939,0.7864022194493897,0.9389666146850972
9940,-3.872432908841027,-5.897155830969702
9941,-1.8177413016636779,-3.232314114511721
9942,-0.768583227064818,-0.8579025860762594
9943,1.1406377229857476,0.8809186081550281
9944,-1.027796669433091,-0.9646073334883171
9945,-2.891904384550366,-2.0710884732077126
9946,-1.4692026348264982,-2.0166952017793807
9947,0.4861976863685969,0.4821723219479077
9948,2.381950028295352,2.0012640752247486
9949,-0.6730600759992003,-0.7506268583341551
9950,-2.6398572909638323,-3.29682760112669
9951,0.4211062441001098,0.4024131717696377
9952,-0.10457725601491284,-0.0773013618304823
9953,-0.369099626990334,-0.6261161546049826
9954,0.4144433552652557,0.5069631717867068
9955,0.5488842459416827,0.6069149415117843
9956,0.5599248469983649,0.6556220937224171
9957,0.4471018845270642,0.44644062535772533
9958,0.6937002442115291,0.7168176379473422
9959,1.5396228119409754,1.5937575030646494
9960,-1.1175047390025818,-0.900048265627967
9961,2.453106829797382,2.24814117853879
9962,0.8628884420439948,0.8825101901289084
9963,-1.021619435662414,-1.239887448343556
9964,0.6233421012891585,0.7303983176977437
9965,-1.410176860162798,-1.170502967377407
9966,-4.972112649250405,-5.582198197063963
9967,0.15275382622043904,0.15049696516358285
9968,0.08259856133078144,0.11954092089436869
9969,0.14331417538691155,0.19949807367923234
9970,0.14753082613067678,0.17419403705498923
9971,0.04641534174845669,0.04045243245843153
9972,0.21007429047391668,0.1591825252995776
9973,0.6591477654754596,0.5216808888908627
9974,-1.550258262278815,-2.625656894073931
9975,2.535426219393829,1.6995005404379082
9976,0.2549683802109079,0.4660647473784041
9977,0.1001337012819953,0.10202784552600982
9978,-2.9234962957745787,-4.4243360570331225
9979,-1.9229153450698613,-2.0979778801424644
9980,-1.0281573421885628,-1.2529049049944523
9981,-2.948307270801286,-4.401935206628817
9982,-0.8294947259428429,-0.9566726453352836
9983,-1.3050560338825488,-1.5223321289845624
9984,-0.6857756069575659,-0.80721943545131
9985,-0.037582770077877796,-0.0568047240026342
9986,1.4018690670282643,1.2043007026232946
9987,-1.492075790464044,-1.5210704311660257
9988,-1.0312425878723237,-0.8304672819816105
9989,-2.412047606588786,-2.3143347934358265
9990,-0.13970465270350924,-0.20305917483395755
9991,-0.5580660654509128,-0.5890831228392579
9992,-0.16887427407227817,-0.2265627070676932
9993,-1.8690289954435644,-2.497099371043569
9994,-1.2459456503554125,-1.2335476169188913
9995,0.9010693350452693,0.7852784304326531
9996,0.7498323878744935,0.8881997283487689
9997,0.7567963453011102,0.6148283827112482
9998,0.1701186402212785,0.24738663853730247
9999,1.1366433250039993,1.6793309974269088
10000,-1.8659029582800435,-2.652238228586234
